qpc,native_working_set_bytes,wrapper_working_set_bytes,aggregate_working_set_bytes
1477815793395,21405696,79904768,101310464
1477815936591,31334400,79904768,111239168
1477816091621,37425152,79904768,117329920
1477816246991,46845952,79904768,126750720
1477816403108,49143808,79904768,129048576
1477816558609,133505024,79904768,213409792
1477816713458,213196800,79904768,293101568
1477816868616,288456704,79904768,368361472
1477817026430,292970496,79904768,372875264
1477817181181,293490688,79904768,373395456
1477817335987,293490688,79904768,373395456
1477817491030,293490688,79904768,373395456
1477817646341,293490688,79904768,373395456
1477817802752,293490688,79904768,373395456
1477817957331,293490688,79904768,373395456
1477818112903,293490688,79904768,373395456
1477818266776,293490688,79904768,373395456
1477818396220,291725312,79908864,371634176
1477818397214,291733504,79912960,371646464
1477818397879,291733504,79912960,371646464
1477818581551,291733504,79908864,371642368
1477818737182,291733504,79908864,371642368
1477818892095,291733504,79908864,371642368
1477819046379,291733504,79908864,371642368
1477819203007,291733504,79908864,371642368
1477819357132,291733504,79908864,371642368
1477819510983,291733504,79908864,371642368
1477819665476,291733504,79908864,371642368
1477819825806,291733504,79908864,371642368
1477819981034,291733504,79908864,371642368
1477820138036,291733504,79908864,371642368
1477820292631,291733504,79908864,371642368
1477820446107,291733504,79908864,371642368
1477820607679,291733504,79908864,371642368
1477820761363,291733504,79908864,371642368
1477820917519,291733504,79908864,371642368
1477821072529,291733504,79908864,371642368
1477821227257,291733504,79908864,371642368
1477821385296,291733504,79908864,371642368
1477821538319,291733504,79908864,371642368
1477821693845,291733504,79908864,371642368
1477821848654,291733504,79908864,371642368
1477822003213,291733504,79908864,371642368
1477822160559,291733504,79908864,371642368
1477822315026,291733504,79908864,371642368
1477822469986,291733504,79908864,371642368
1477822624983,291733504,79908864,371642368
1477822779807,291733504,79908864,371642368
1477822935565,291733504,79908864,371642368
1477823091239,291733504,79908864,371642368
1477823245775,291733504,79908864,371642368
1477823401127,291733504,79908864,371642368
1477823557255,291733504,79908864,371642368
1477823711807,291733504,79908864,371642368
1477823866439,291733504,79908864,371642368
1477824026845,291733504,79908864,371642368
1477824182435,291733504,79908864,371642368
1477824337804,291733504,79908864,371642368
1477824493945,291733504,79908864,371642368
1477824649699,291733504,79908864,371642368
1477824801083,291733504,79908864,371642368
1477824955522,291733504,79908864,371642368
1477825111623,291733504,79908864,371642368
1477825263710,291733504,79908864,371642368
1477825416342,291733504,79908864,371642368
1477825572109,291733504,79908864,371642368
1477825727033,291733504,79908864,371642368
1477825882546,291733504,79908864,371642368
1477826038112,291733504,79908864,371642368
1477826192189,291733504,79908864,371642368
1477826348073,291733504,79908864,371642368
1477826504448,291733504,79908864,371642368
1477826656449,291733504,79908864,371642368
1477826813105,291733504,79912960,371646464
1477826968159,291733504,79912960,371646464
1477827126211,291733504,79912960,371646464
1477827281453,291733504,79912960,371646464
1477827437139,291733504,79912960,371646464
1477827593801,291733504,79912960,371646464
1477827746603,291733504,79912960,371646464
1477827901680,291733504,79912960,371646464
1477828058552,291733504,79912960,371646464
1477828211814,291733504,79912960,371646464
1477828367638,291733504,79912960,371646464
1477828527607,291733504,79912960,371646464
1477828683890,291733504,79912960,371646464
1477828838470,291733504,79912960,371646464
1477828994735,298143744,79912960,378056704
1477829149692,307261440,79912960,387174400
1477829273860,308051968,79917056,387969024
1477829458386,308051968,79912960,387964928
1477829613067,308051968,79912960,387964928
1477829772884,308051968,79912960,387964928
1477829928452,308051968,79912960,387964928
1477830083531,308051968,79912960,387964928
1477830237803,308051968,79912960,387964928
1477830393437,308051968,79912960,387964928
1477830546175,308051968,79912960,387964928
1477830701377,308051968,79912960,387964928
1477830856398,308051968,79912960,387964928
1477831011456,308051968,79912960,387964928
1477831162904,308051968,79912960,387964928
1477831318524,308051968,79912960,387964928
1477831472901,308051968,79912960,387964928
1477831628081,308051968,79912960,387964928
1477831783504,308051968,79912960,387964928
1477831937714,308051968,79912960,387964928
1477832094090,308051968,79912960,387964928
1477832249295,308051968,79912960,387964928
1477832401341,308051968,79912960,387964928
1477832557711,308051968,79912960,387964928
1477832710966,308051968,79912960,387964928
1477832866493,308051968,79912960,387964928
1477833025727,308051968,79912960,387964928
1477833178560,308051968,79912960,387964928
1477833334383,308051968,79912960,387964928
1477833489641,308051968,79912960,387964928
1477833645098,308051968,79912960,387964928
1477833800160,308457472,79912960,388370432
1477833954838,308457472,79912960,388370432
1477833967841,308490240,79917056,388407296
1477834110636,308490240,79912960,388403200
1477834265526,308490240,79912960,388403200
1477834426774,308490240,79912960,388403200
1477834580777,308490240,79912960,388403200
1477834735954,308490240,79912960,388403200
1477834891515,308490240,79912960,388403200
1477835042420,308490240,79912960,388403200
1477835198022,308490240,79912960,388403200
1477835350658,308490240,79912960,388403200
1477835506837,308490240,79912960,388403200
1477835662254,308490240,79912960,388403200
1477835818249,308490240,79912960,388403200
1477835972202,308490240,79912960,388403200
1477836127681,308490240,79912960,388403200
1477836281891,308490240,79912960,388403200
1477836433011,308490240,79912960,388403200
1477836589570,308490240,79912960,388403200
1477836742602,308490240,79912960,388403200
1477836898803,308490240,79912960,388403200
1477837051592,308490240,79912960,388403200
1477837207364,308490240,79912960,388403200
1477837360701,308490240,79912960,388403200
1477837516490,308490240,79912960,388403200
1477837671592,308490240,79912960,388403200
1477837827881,308490240,79912960,388403200
1477837982193,308490240,79912960,388403200
1477838135922,308490240,79912960,388403200
1477838288565,308490240,79912960,388403200
1477838443222,308490240,79912960,388403200
1477838599590,308637696,79912960,388550656
1477838744493,308723712,79917056,388640768
1477838915760,308723712,79912960,388636672
1477839061730,308723712,79912960,388636672
1477839216305,308723712,79912960,388636672
1477839371512,308723712,79912960,388636672
1477839525940,308723712,79912960,388636672
1477839682267,308723712,79912960,388636672
1477839838623,308723712,79917056,388640768
1477839993485,308723712,79917056,388640768
1477840147918,308723712,79917056,388640768
1477840302960,308723712,79917056,388640768
1477840458627,308723712,79917056,388640768
1477840613574,308723712,79917056,388640768
1477840768741,308723712,79917056,388640768
1477840929427,308723712,79917056,388640768
1477841084221,308723712,79917056,388640768
1477841239332,308723712,79917056,388640768
1477841394921,308723712,79917056,388640768
1477841549724,308723712,79917056,388640768
1477841703933,308723712,79917056,388640768
1477841859390,308723712,79917056,388640768
1477842011776,308723712,79917056,388640768
1477842167549,308723712,79917056,388640768
1477842318863,308723712,79917056,388640768
1477842470818,308723712,79917056,388640768
1477842627304,308723712,79917056,388640768
1477842780491,308723712,79917056,388640768
1477842935660,308723712,79917056,388640768
1477843091467,308723712,79917056,388640768
1477843246021,308723712,79917056,388640768
1477843401951,308826112,79917056,388743168
1477843550863,308944896,79921152,388866048
1477843712537,308944896,79917056,388861952
1477843866755,308944896,79917056,388861952
1477844026223,308944896,79917056,388861952
1477844187466,308944896,79917056,388861952
1477844342145,308944896,79917056,388861952
1477844496813,308944896,79917056,388861952
1477844653994,308944896,79917056,388861952
1477844808957,308944896,79917056,388861952
1477844959808,308944896,79917056,388861952
1477845114441,308944896,79917056,388861952
1477845274807,308944896,79917056,388861952
1477845430137,308944896,79917056,388861952
1477845585853,308944896,79917056,388861952
1477845742369,308944896,79917056,388861952
1477845896493,308944896,79917056,388861952
1477846051895,308944896,79917056,388861952
1477846206737,308944896,79917056,388861952
1477846362078,308944896,79917056,388861952
1477846516479,308944896,79917056,388861952
1477846672217,308944896,79917056,388861952
1477846826746,308944896,79917056,388861952
1477846982168,308944896,79917056,388861952
1477847138973,308944896,79917056,388861952
1477847294390,308944896,79917056,388861952
1477847448757,308944896,79917056,388861952
1477847603796,308944896,79917056,388861952
1477847760193,308944896,79917056,388861952
1477847914439,308944896,79917056,388861952
1477848069622,307703808,79917056,387620864
1477848224656,309149696,79917056,389066752
1477848381724,309166080,79917056,389083136
1477848390050,309248000,79921152,389169152
1477848542512,309248000,79917056,389165056
1477848690962,309248000,79917056,389165056
1477848846215,309248000,79917056,389165056
1477849002120,309248000,79917056,389165056
1477849156739,309248000,79917056,389165056
1477849312542,309248000,79917056,389165056
1477849464612,309248000,79917056,389165056
1477849624757,309248000,79917056,389165056
1477849778035,309248000,79917056,389165056
1477849932833,309248000,79917056,389165056
1477850087354,309248000,79917056,389165056
1477850239113,309248000,79917056,389165056
1477850394280,309248000,79917056,389165056
1477850549767,309248000,79917056,389165056
1477850705006,309248000,79917056,389165056
1477850856812,309248000,79917056,389165056
1477851012549,309248000,79917056,389165056
1477851167155,309248000,79917056,389165056
1477851327599,309248000,79917056,389165056
1477851482117,309248000,79917056,389165056
1477851637633,309248000,79917056,389165056
1477851791442,309248000,79917056,389165056
1477851945974,309248000,79917056,389165056
1477852102354,309248000,79917056,389165056
1477852257139,309248000,79917056,389165056
1477852411517,309248000,79917056,389165056
1477852568679,309248000,79917056,389165056
1477852728594,309248000,79917056,389165056
1477852884505,308019200,79921152,387940352
1477853038982,309280768,79921152,389201920
1477853193592,309284864,79921152,389206016
1477853215164,309309440,79925248,389234688
1477853349115,309309440,79921152,389230592
1477853503272,309309440,79921152,389230592
1477853658092,309309440,79921152,389230592
1477853813657,309309440,79921152,389230592
1477853965388,309309440,79921152,389230592
1477854120508,309309440,79921152,389230592
1477854273618,309309440,79921152,389230592
1477854430349,309309440,79921152,389230592
1477854586306,309309440,79921152,389230592
1477854745881,309309440,79921152,389230592
1477854901352,309309440,79921152,389230592
1477855056974,309309440,79921152,389230592
1477855209947,309309440,79921152,389230592
1477855366311,309309440,79921152,389230592
1477855527605,309309440,79921152,389230592
1477855684553,309309440,79921152,389230592
1477855839336,309309440,79921152,389230592
1477855993894,309309440,79921152,389230592
1477856148375,309309440,79921152,389230592
1477856302753,309309440,79921152,389230592
1477856455012,309309440,79921152,389230592
1477856611350,309309440,79921152,389230592
1477856763111,309309440,79921152,389230592
1477856919154,309309440,79921152,389230592
1477857074840,309309440,79921152,389230592
1477857229176,309309440,79921152,389230592
1477857385893,309309440,79921152,389230592
1477857540087,309309440,79921152,389230592
1477857695124,308084736,79921152,388005888
1477857850610,309256192,79921152,389177344
1477858005696,309256192,79921152,389177344
1477858028499,309436416,79925248,389361664
1477858160228,309436416,79921152,389357568
1477858315205,309436416,79921152,389357568
1477858470003,309436416,79921152,389357568
1477858624035,309436416,79921152,389357568
1477858778824,309436416,79921152,389357568
1477858934120,309436416,79921152,389357568
1477859089535,309436416,79921152,389357568
1477859244612,309436416,79921152,389357568
1477859399140,309436416,79921152,389357568
1477859555770,309436416,79921152,389357568
1477859710438,309436416,79921152,389357568
1477859861630,309436416,79921152,389357568
1477860017005,309436416,79921152,389357568
1477860172468,309436416,79921152,389357568
1477860328241,309436416,79921152,389357568
1477860483344,309436416,79921152,389357568
1477860638786,309436416,79921152,389357568
1477860794329,309436416,79921152,389357568
1477860947335,309436416,79921152,389357568
1477861101570,309436416,79921152,389357568
1477861257378,309436416,79921152,389357568
1477861411525,309436416,79921152,389357568
1477861567127,309436416,79921152,389357568
1477861719673,309436416,79921152,389357568
1477861875573,309436416,79921152,389357568
1477862031283,309436416,79921152,389357568
1477862181537,309436416,79921152,389357568
1477862338256,309436416,79921152,389357568
1477862493672,308232192,79921152,388153344
1477862647775,309940224,79921152,389861376
1477862802916,309944320,79921152,389865472
1477862812341,309972992,79925248,389898240
1477862958622,309972992,79921152,389894144
1477863111091,309972992,79921152,389894144
1477863268232,309972992,79921152,389894144
1477863428764,309972992,79921152,389894144
1477863584822,309972992,79921152,389894144
1477863738460,309972992,79921152,389894144
1477863895107,309972992,79921152,389894144
1477864046493,309972992,79921152,389894144
1477864202546,309972992,79921152,389894144
1477864357935,309972992,79921152,389894144
1477864513188,309972992,79921152,389894144
1477864666922,309972992,79921152,389894144
1477864827081,309972992,79921152,389894144
1477864981058,309972992,79921152,389894144
1477865136777,309972992,79921152,389894144
1477865292273,309972992,79921152,389894144
1477865448048,309972992,79921152,389894144
1477865603849,309972992,79925248,389898240
1477865758530,309972992,79925248,389898240
1477865918527,309972992,79925248,389898240
1477866070314,309972992,79925248,389898240
1477866226272,310001664,79925248,389926912
1477866381289,310038528,79925248,389963776
1477866536537,310038528,79925248,389963776
1477866691912,310038528,79925248,389963776
1477866847805,310038528,79925248,389963776
1477867003167,310038528,79925248,389963776
1477867157288,310038528,79925248,389963776
1477867312089,308805632,79925248,388730880
1477867468368,310140928,79925248,390066176
1477867627711,310145024,79925248,390070272
1477867643298,310181888,79929344,390111232
1477867782709,310181888,79925248,390107136
1477867937621,310181888,79925248,390107136
1477868093510,310181888,79925248,390107136
1477868248511,310181888,79925248,390107136
1477868403298,310181888,79925248,390107136
1477868557505,310181888,79925248,390107136
1477868712556,310181888,79925248,390107136
1477868865998,310181888,79925248,390107136
1477869025352,310181888,79925248,390107136
1477869177194,310181888,79925248,390107136
1477869332745,310181888,79925248,390107136
1477869487568,310181888,79925248,390107136
1477869638538,310181888,79925248,390107136
1477869794649,310181888,79925248,390107136
1477869948869,310181888,79925248,390107136
1477870104807,310181888,79925248,390107136
1477870261238,310181888,79925248,390107136
1477870412204,310181888,79925248,390107136
1477870567455,310181888,79925248,390107136
1477870728024,310181888,79925248,390107136
1477870883431,310181888,79925248,390107136
1477871038126,310181888,79925248,390107136
1477871193117,310181888,79925248,390107136
1477871348913,310181888,79925248,390107136
1477871504969,310181888,79925248,390107136
1477871659691,310181888,79925248,390107136
1477871816350,310181888,79925248,390107136
1477871971317,310181888,79925248,390107136
1477872129763,308957184,79925248,388882432
1477872290456,310472704,79925248,390397952
1477872443085,310472704,79925248,390397952
1477872482172,310558720,79929344,390488064
1477872598837,310558720,79925248,390483968
1477872752175,310558720,79925248,390483968
1477872908670,310558720,79925248,390483968
1477873062652,310558720,79925248,390483968
1477873217839,310558720,79925248,390483968
1477873369562,310558720,79925248,390483968
1477873525654,310558720,79925248,390483968
1477873679741,310558720,79925248,390483968
1477873836142,310558720,79925248,390483968
1477873989226,310558720,79925248,390483968
1477874142928,310558720,79925248,390483968
1477874298710,310558720,79925248,390483968
1477874449720,310558720,79925248,390483968
1477874606339,310558720,79925248,390483968
1477874757712,310558720,79925248,390483968
1477874910068,310558720,79925248,390483968
1477875065404,310558720,79925248,390483968
1477875223754,310558720,79925248,390483968
1477875379286,310558720,79925248,390483968
1477875531271,310558720,79925248,390483968
1477875687540,310558720,79925248,390483968
1477875841202,310558720,79925248,390483968
1477875997396,310558720,79925248,390483968
1477876151725,310558720,79925248,390483968
1477876308655,310558720,79925248,390483968
1477876462999,310558720,79925248,390483968
1477876619207,310558720,79925248,390483968
1477876774477,310558720,79925248,390483968
1477876930784,309325824,79925248,389251072
1477877081891,310226944,79925248,390152192
1477877235547,310231040,79925248,390156288
1477877252252,310435840,79929344,390365184
1477877390638,310435840,79925248,390361088
1477877545815,310435840,79925248,390361088
1477877701735,310435840,79925248,390361088
1477877857132,310435840,79925248,390361088
1477878011663,310435840,79925248,390361088
1477878167098,310435840,79925248,390361088
1477878327341,310435840,79925248,390361088
1477878482369,310435840,79925248,390361088
1477878638663,310435840,79925248,390361088
1477878792832,310435840,79925248,390361088
1477878948193,310435840,79925248,390361088
1477879102986,310435840,79925248,390361088
1477879258037,310435840,79925248,390361088
1477879413359,310435840,79925248,390361088
1477879566389,310435840,79925248,390361088
1477879726687,310435840,79925248,390361088
1477879882391,310435840,79925248,390361088
1477880037898,310435840,79925248,390361088
1477880192139,310435840,79925248,390361088
1477880348117,310435840,79925248,390361088
1477880503448,310435840,79925248,390361088
1477880658483,310435840,79925248,390361088
1477880813727,310435840,79925248,390361088
1477880968338,310435840,79925248,390361088
1477881127155,310435840,79925248,390361088
1477881283757,310435840,79925248,390361088
1477881438375,310435840,79925248,390361088
1477881594564,310435840,79925248,390361088
1477881748592,309194752,79925248,389120000
1477881905021,310358016,79925248,390283264
1477882056963,310358016,79925248,390283264
1477882072050,310382592,79929344,390311936
1477882211880,310382592,79925248,390307840
1477882368782,310382592,79925248,390307840
1477882528798,310382592,79925248,390307840
1477882684987,310382592,79925248,390307840
1477882839236,310382592,79925248,390307840
1477882995501,310382592,79925248,390307840
1477883149628,310382592,79925248,390307840
1477883303631,310382592,79925248,390307840
1477883454982,310382592,79925248,390307840
1477883609772,310382592,79925248,390307840
1477883763917,310382592,79925248,390307840
1477883917534,310382592,79925248,390307840
1477884072091,310382592,79925248,390307840
1477884226417,310382592,79925248,390307840
1477884380100,310382592,79925248,390307840
1477884534341,310382592,79925248,390307840
1477884686626,310382592,79925248,390307840
1477884838280,310382592,79925248,390307840
1477884993083,310382592,79925248,390307840
1477885146810,310382592,79925248,390307840
1477885303326,310382592,79925248,390307840
1477885454858,310382592,79925248,390307840
1477885609221,310382592,79925248,390307840
1477885762997,310382592,79925248,390307840
1477885916524,310382592,79925248,390307840
1477886068471,310382592,79925248,390307840
1477886230567,310382592,79925248,390307840
1477886385222,310382592,79925248,390307840
1477886541299,309141504,79925248,389066752
1477886698211,310394880,79925248,390320128
1477886852996,310398976,79925248,390324224
1477886867354,310431744,79929344,390361088
1477887008487,310431744,79925248,390356992
1477887163992,310431744,79925248,390356992
1477887319191,310431744,79925248,390356992
1477887475428,310431744,79925248,390356992
1477887627371,310431744,79925248,390356992
1477887779116,310431744,79925248,390356992
1477887935851,310431744,79925248,390356992
1477888090404,310431744,79925248,390356992
1477888247184,310431744,79925248,390356992
1477888401946,310431744,79925248,390356992
1477888556289,310431744,79925248,390356992
1477888711256,310431744,79925248,390356992
1477888866360,310431744,79925248,390356992
1477889026575,310427648,79925248,390352896
1477889181568,310427648,79925248,390352896
1477889338291,310427648,79925248,390352896
1477889492064,310427648,79925248,390352896
1477889646949,310427648,79925248,390352896
1477889802214,310427648,79925248,390352896
1477889957475,310427648,79925248,390352896
1477890112239,310427648,79925248,390352896
1477890267713,310427648,79925248,390352896
1477890428502,310427648,79925248,390352896
1477890583293,310427648,79925248,390352896
1477890738318,310427648,79925248,390352896
1477890893806,310427648,79925248,390352896
1477891049600,310427648,79925248,390352896
1477891205744,310427648,79925248,390352896
1477891361171,309223424,79925248,389148672
1477891519083,310480896,79925248,390406144
1477891672493,310480896,79925248,390406144
1477891706816,310505472,79929344,390434816
1477891825854,310505472,79925248,390430720
1477891980628,310505472,79925248,390430720
1477892136684,310505472,79925248,390430720
1477892290748,310505472,79925248,390430720
1477892446351,310505472,79925248,390430720
1477892601222,310505472,79925248,390430720
1477892756123,310505472,79925248,390430720
1477892912407,310505472,79925248,390430720
1477893066266,310505472,79925248,390430720
1477893226474,310505472,79925248,390430720
1477893381573,310505472,79925248,390430720
1477893537200,310505472,79925248,390430720
1477893692092,310505472,79925248,390430720
1477893844473,310505472,79925248,390430720
1477893998798,310505472,79925248,390430720
1477894153040,310505472,79925248,390430720
1477894305701,310505472,79925248,390430720
1477894461379,310505472,79925248,390430720
1477894616429,310505472,79925248,390430720
1477894768117,310505472,79925248,390430720
1477894923514,310505472,79925248,390430720
1477895074440,310505472,79925248,390430720
1477895230707,310505472,79925248,390430720
1477895383117,310505472,79925248,390430720
1477895533379,310505472,79925248,390430720
1477895687300,310505472,79925248,390430720
1477895843299,310505472,79925248,390430720
1477895999508,310505472,79925248,390430720
1477896154885,309444608,79925248,389369856
1477896310532,310525952,79925248,390451200
1477896462401,310534144,79925248,390459392
1477896471200,310550528,79929344,390479872
1477896616609,310550528,79925248,390475776
1477896771131,310550528,79925248,390475776
1477896926186,310550528,79925248,390475776
1477897081471,310550528,79925248,390475776
1477897237152,310550528,79925248,390475776
1477897392418,310550528,79925248,390475776
1477897547426,310550528,79925248,390475776
1477897702271,310550528,79925248,390475776
1477897858153,310550528,79925248,390475776
1477898013355,310550528,79925248,390475776
1477898168159,310550528,79925248,390475776
1477898329577,310550528,79925248,390475776
1477898484366,310550528,79925248,390475776
1477898636643,310550528,79925248,390475776
1477898791538,310550528,79925248,390475776
1477898947160,310550528,79925248,390475776
1477899103661,310550528,79925248,390475776
1477899254243,310550528,79925248,390475776
1477899408635,310550528,79925248,390475776
1477899563900,310550528,79925248,390475776
1477899717722,310550528,79925248,390475776
1477899871266,310550528,79925248,390475776
1477900026102,310550528,79925248,390475776
1477900180564,310550528,79925248,390475776
1477900335646,310550528,79925248,390475776
1477900488811,310550528,79925248,390475776
1477900642845,310550528,79925248,390475776
1477900798903,310550528,79925248,390475776
1477900954123,309358592,79925248,389283840
1477901109204,311042048,79925248,390967296
1477901262971,311046144,79925248,390971392
1477901286972,311214080,79929344,391143424
1477901419161,311214080,79925248,391139328
1477901572112,311214080,79925248,391139328
1477901728987,311214080,79925248,391139328
1477901883917,311214080,79925248,391139328
1477902038053,311214080,79925248,391139328
1477902191898,311214080,79925248,391139328
1477902347656,311214080,79925248,391139328
1477902502852,311214080,79925248,391139328
1477902657078,311214080,79925248,391139328
1477902813521,311214080,79925248,391139328
1477902968401,311214080,79925248,391139328
1477903129528,311214080,79925248,391139328
1477903284043,311214080,79925248,391139328
1477903438599,311214080,79925248,391139328
1477903593626,311214080,79925248,391139328
1477903748741,311214080,79925248,391139328
1477903902765,311214080,79925248,391139328
1477904057308,311214080,79925248,391139328
1477904213496,311214080,79925248,391139328
1477904367845,311214080,79925248,391139328
1477904519545,311214080,79925248,391139328
1477904674140,311214080,79925248,391139328
1477904830525,311214080,79925248,391139328
1477904983444,311214080,79925248,391139328
1477905139579,311214080,79925248,391139328
1477905294491,311214080,79925248,391139328
1477905449279,311214080,79925248,391139328
1477905605871,311214080,79925248,391139328
1477905761401,309997568,79925248,389922816
1477905916921,312299520,79925248,392224768
1477906067985,312299520,79925248,392224768
1477906088646,312324096,79929344,392253440
1477906227918,312324096,79925248,392249344
1477906384574,312324096,79925248,392249344
1477906536004,312324096,79925248,392249344
1477906687880,312324096,79925248,392249344
1477906842974,312324096,79925248,392249344
1477906999041,312324096,79925248,392249344
1477907151893,312295424,79925248,392220672
1477907312292,312295424,79925248,392220672
1477907468698,312295424,79925248,392220672
1477907628670,312295424,79925248,392220672
1477907783077,312295424,79925248,392220672
1477907938984,312295424,79925248,392220672
1477908093861,312295424,79925248,392220672
1477908248743,312295424,79925248,392220672
1477908404084,312295424,79925248,392220672
1477908559572,312295424,79925248,392220672
1477908715408,312295424,79925248,392220672
1477908871779,312295424,79925248,392220672
1477909030562,312295424,79925248,392220672
1477909186397,312295424,79925248,392220672
1477909342773,312295424,79925248,392220672
1477909496687,312295424,79925248,392220672
1477909652020,312295424,79925248,392220672
1477909808173,312295424,79925248,392220672
1477909963409,312295424,79925248,392220672
1477910117708,312295424,79925248,392220672
1477910272539,312295424,79925248,392220672
1477910427537,312295424,79925248,392220672
1477910583710,312406016,79925248,392331264
1477910738495,312410112,79925248,392335360
1477910795315,312430592,79929344,392359936
1477910893444,312430592,79925248,392355840
1477911047254,312430592,79925248,392355840
1477911202203,312430592,79925248,392355840
1477911355726,312430592,79925248,392355840
1477911510944,312430592,79925248,392355840
1477911662340,312430592,79925248,392355840
1477911817798,312430592,79925248,392355840
1477911972910,312430592,79925248,392355840
1477912128284,312430592,79925248,392355840
1477912284011,312430592,79925248,392355840
1477912437799,312430592,79925248,392355840
1477912592942,312430592,79925248,392355840
1477912746167,312430592,79925248,392355840
1477912900929,312430592,79925248,392355840
1477913053935,312430592,79925248,392355840
1477913209166,312430592,79925248,392355840
1477913363962,312430592,79925248,392355840
1477913518918,312430592,79925248,392355840
1477913674121,312430592,79925248,392355840
1477913829843,312430592,79925248,392355840
1477913983587,312430592,79925248,392355840
1477914139332,312430592,79925248,392355840
1477914292364,312430592,79925248,392355840
1477914447086,312430592,79925248,392355840
1477914603087,312430592,79925248,392355840
1477914759356,312430592,79925248,392355840
1477914913991,312430592,79925248,392355840
1477915069401,312430592,79925248,392355840
1477915229143,312430592,79925248,392355840
1477915384442,312549376,79925248,392474624
1477915539650,312549376,79925248,392474624
1477915593401,312561664,79929344,392491008
1477915698879,312561664,79925248,392486912
1477915848577,312561664,79925248,392486912
1477916004751,312561664,79925248,392486912
1477916159650,312561664,79925248,392486912
1477916314965,312561664,79925248,392486912
1477916470680,312561664,79925248,392486912
1477916631520,312561664,79925248,392486912
1477916786590,312561664,79925248,392486912
1477916940961,312561664,79925248,392486912
1477917096456,312561664,79925248,392486912
1477917252549,312561664,79925248,392486912
1477917407080,312561664,79925248,392486912
1477917562886,312561664,79925248,392486912
1477917717191,312561664,79925248,392486912
1477917872410,312561664,79925248,392486912
1477918024457,312561664,79925248,392486912
1477918179552,312561664,79925248,392486912
1477918335319,312561664,79925248,392486912
1477918490388,312561664,79925248,392486912
1477918645284,312561664,79925248,392486912
1477918800648,312561664,79925248,392486912
1477918955706,312561664,79925248,392486912
1477919111272,312561664,79925248,392486912
1477919266086,312561664,79925248,392486912
1477919426328,312561664,79925248,392486912
1477919581761,312561664,79925248,392486912
1477919737743,312561664,79925248,392486912
1477919892401,312561664,79925248,392486912
1477920047813,312561664,79925248,392486912
1477920203161,313004032,79925248,392929280
1477920358010,313008128,79925248,392933376
1477920389685,313024512,79929344,392953856
1477920513871,313024512,79925248,392949760
1477920668911,313024512,79925248,392949760
1477920829013,313024512,79925248,392949760
1477920980418,313024512,79925248,392949760
1477921136380,313024512,79925248,392949760
1477921291320,313024512,79925248,392949760
1477921445792,313024512,79925248,392949760
1477921600908,313024512,79925248,392949760
1477921756110,313024512,79925248,392949760
1477921912499,313024512,79925248,392949760
1477922067333,313024512,79925248,392949760
1477922218952,313024512,79925248,392949760
1477922375116,313024512,79925248,392949760
1477922527769,313024512,79925248,392949760
1477922683904,313024512,79925248,392949760
1477922838473,313024512,79925248,392949760
1477922994521,313024512,79925248,392949760
1477923146685,313024512,79925248,392949760
1477923301449,313024512,79925248,392949760
1477923456082,313024512,79925248,392949760
1477923612080,313024512,79925248,392949760
1477923765934,313024512,79925248,392949760
1477923917796,313024512,79925248,392949760
1477924070779,313024512,79925248,392949760
1477924230082,313024512,79925248,392949760
1477924385806,313024512,79925248,392949760
1477924540828,313024512,79925248,392949760
1477924697303,313024512,79925248,392949760
1477924848378,313024512,79925248,392949760
1477925004513,312242176,79925248,392167424
1477925159766,312242176,79925248,392167424
1477925188259,312258560,79929344,392187904
1477925313359,312258560,79925248,392183808
1477925462433,312258560,79925248,392183808
1477925618619,312258560,79925248,392183808
1477925779346,312258560,79925248,392183808
1477925930546,312258560,79925248,392183808
1477926086053,312258560,79925248,392183808
1477926241990,312258560,79925248,392183808
1477926397363,312258560,79925248,392183808
1477926548734,312258560,79925248,392183808
1477926701423,312258560,79925248,392183808
1477926854242,312258560,79925248,392183808
1477927010497,312258560,79925248,392183808
1477927164175,312258560,79925248,392183808
1477927318108,312258560,79925248,392183808
1477927473887,312258560,79925248,392183808
1477927628156,312258560,79925248,392183808
1477927780588,312258560,79925248,392183808
1477927934590,312258560,79925248,392183808
1477928091881,312258560,79925248,392183808
1477928242646,312258560,79925248,392183808
1477928399020,312258560,79925248,392183808
1477928552538,312258560,79925248,392183808
1477928708296,312258560,79925248,392183808
1477928870002,312258560,79925248,392183808
1477929025104,312258560,79925248,392183808
1477929176152,312258560,79925248,392183808
1477929331545,312258560,79925248,392183808
1477929483627,312258560,79925248,392183808
1477929640128,312258560,79925248,392183808
1477929795535,312336384,79925248,392261632
1477929950083,312336384,79925248,392261632
1477929998021,312352768,79929344,392282112
1477930106386,312352768,79925248,392278016
1477930261296,312352768,79925248,392278016
1477930416209,312352768,79925248,392278016
1477930571703,312352768,79925248,392278016
1477930731881,312352768,79925248,392278016
1477930886494,312352768,79925248,392278016
1477931041858,312352768,79925248,392278016
1477931197100,312352768,79925248,392278016
1477931352439,312352768,79925248,392278016
1477931508566,312352768,79925248,392278016
1477931663655,312352768,79925248,392278016
1477931817756,312352768,79925248,392278016
1477931974055,312352768,79925248,392278016
1477932129747,312352768,79925248,392278016
1477932283690,312352768,79925248,392278016
1477932439397,312352768,79925248,392278016
1477932593736,312352768,79925248,392278016
1477932747737,312352768,79925248,392278016
1477932903689,312352768,79925248,392278016
1477933058454,312352768,79925248,392278016
1477933212617,312352768,79925248,392278016
1477933367677,312352768,79925248,392278016
1477933527255,312352768,79925248,392278016
1477933682415,312352768,79925248,392278016
1477933837740,312352768,79925248,392278016
1477933992574,312352768,79925248,392278016
1477934146485,312352768,79925248,392278016
1477934300012,312352768,79925248,392278016
1477934453450,312352768,79925248,392278016
1477934609141,312438784,79925248,392364032
1477934762693,312438784,79925248,392364032
1477934790527,312848384,79929344,392777728
1477934926195,312848384,79925248,392773632
1477935073439,312848384,79925248,392773632
1477935229783,312848384,79925248,392773632
1477935385437,312848384,79925248,392773632
1477935539596,312848384,79925248,392773632
1477935695820,312848384,79925248,392773632
1477935847382,312848384,79925248,392773632
1477936004127,312848384,79925248,392773632
1477936155549,312848384,79925248,392773632
1477936310780,312848384,79925248,392773632
1477936463377,312848384,79925248,392773632
1477936615199,312848384,79925248,392773632
1477936770524,312848384,79925248,392773632
1477936931636,312848384,79925248,392773632
1477937084799,312848384,79925248,392773632
1477937239574,312848384,79925248,392773632
1477937393820,312848384,79925248,392773632
1477937548134,312848384,79925248,392773632
1477937703871,312848384,79925248,392773632
1477937865055,312848384,79925248,392773632
1477938019414,312848384,79925248,392773632
1477938173328,312848384,79925248,392773632
1477938328655,312848384,79925248,392773632
1477938480731,312848384,79925248,392773632
1477938639637,312848384,79925248,392773632
1477938791186,312848384,79925248,392773632
1477938946015,312848384,79925248,392773632
1477939101105,312848384,79925248,392773632
1477939256210,312848384,79925248,392773632
1477939411612,314294272,79925248,394219520
1477939566431,314294272,79925248,394219520
1477939608022,314314752,79929344,394244096
1477939721313,314314752,79925248,394240000
1477939876318,314314752,79925248,394240000
1477940028484,314314752,79925248,394240000
1477940183414,314314752,79925248,394240000
1477940339441,314314752,79925248,394240000
1477940494698,314314752,79925248,394240000
1477940645716,314314752,79925248,394240000
1477940804171,314314752,79925248,394240000
1477940956154,314314752,79925248,394240000
1477941111078,314314752,79925248,394240000
1477941266981,314314752,79925248,394240000
1477941427271,314314752,79925248,394240000
1477941583619,314314752,79925248,394240000
1477941737403,314314752,79925248,394240000
1477941893312,314314752,79925248,394240000
1477942048954,314314752,79925248,394240000
1477942208269,314314752,79925248,394240000
1477942361186,314314752,79925248,394240000
1477942513299,314314752,79925248,394240000
1477942666899,314314752,79925248,394240000
1477942820827,314314752,79925248,394240000
1477942974978,314314752,79925248,394240000
1477943129994,314314752,79925248,394240000
1477943282920,314314752,79925248,394240000
1477943439429,314314752,79925248,394240000
1477943595056,314314752,79925248,394240000
1477943749203,314314752,79925248,394240000
1477943904854,314314752,79925248,394240000
1477944060127,313065472,79925248,392990720
1477944216546,313966592,79925248,393891840
1477944370485,313966592,79925248,393891840
1477944406848,313991168,79929344,393920512
1477944531363,313991168,79925248,393916416
1477944681129,313991168,79925248,393916416
1477944837418,313991168,79925248,393916416
1477944992298,313991168,79925248,393916416
1477945146551,313991168,79925248,393916416
1477945304731,313991168,79925248,393916416
1477945457337,313991168,79925248,393916416
1477945612109,313991168,79925248,393916416
1477945767612,313991168,79925248,393916416
1477945927923,313991168,79925248,393916416
1477946083732,313991168,79925248,393916416
1477946238739,313991168,79925248,393916416
1477946394019,313991168,79925248,393916416
1477946549212,313991168,79925248,393916416
1477946704250,313991168,79925248,393916416
1477946860198,313991168,79925248,393916416
1477947016129,313991168,79925248,393916416
1477947169841,313991168,79925248,393916416
1477947324946,313991168,79925248,393916416
1477947479974,313991168,79925248,393916416
1477947636199,313991168,79925248,393916416
1477947790826,313991168,79925248,393916416
1477947941729,313991168,79925248,393916416
1477948094993,313991168,79925248,393916416
1477948247786,313991168,79925248,393916416
1477948404111,313991168,79925248,393916416
1477948559368,313991168,79925248,393916416
1477948713666,313991168,79925248,393916416
1477948870068,312754176,79925248,392679424
1477949029961,313090048,79925248,393015296
1477949184538,313094144,79925248,393019392
1477949218750,313114624,79929344,393043968
1477949340617,313114624,79925248,393039872
1477949494666,313114624,79925248,393039872
1477949649755,313114624,79925248,393039872
1477949806726,313114624,79925248,393039872
1477949959107,313114624,79925248,393039872
1477950114957,313114624,79925248,393039872
1477950269022,313114624,79925248,393039872
1477950424674,313114624,79925248,393039872
1477950578959,313114624,79925248,393039872
1477950733901,313114624,79925248,393039872
1477950890390,313114624,79925248,393039872
1477951044570,313114624,79925248,393039872
1477951200466,313114624,79925248,393039872
1477951359996,313114624,79925248,393039872
1477951515875,313114624,79925248,393039872
1477951671055,313114624,79925248,393039872
1477951830371,313114624,79925248,393039872
1477951983367,313114624,79925248,393039872
1477952139408,313114624,79925248,393039872
1477952291416,313114624,79925248,393039872
1477952445085,313114624,79925248,393039872
1477952600414,313114624,79925248,393039872
1477952762261,313114624,79925248,393039872
1477952915626,313114624,79925248,393039872
1477953071015,313114624,79925248,393039872
1477953230072,313114624,79925248,393039872
1477953384989,313114624,79925248,393039872
1477953536102,313114624,79925248,393039872
1477953690788,312107008,79925248,392032256
1477953847276,313184256,79925248,393109504
1477953999942,313184256,79925248,393109504
1477954035898,313212928,79929344,393142272
1477954157663,313212928,79925248,393138176
1477954310174,313212928,79925248,393138176
1477954465432,313212928,79925248,393138176
1477954619557,313212928,79925248,393138176
1477954773171,313212928,79925248,393138176
1477954928337,313212928,79925248,393138176
1477955079596,313212928,79925248,393138176
1477955235821,313212928,79925248,393138176
1477955389164,313212928,79925248,393138176
1477955543849,313212928,79925248,393138176
1477955700500,313212928,79925248,393138176
1477955854539,313212928,79925248,393138176
1477956008884,313212928,79925248,393138176
1477956160846,313212928,79925248,393138176
1477956315494,313212928,79925248,393138176
1477956472292,313212928,79925248,393138176
1477956631076,313212928,79925248,393138176
1477956785411,313212928,79925248,393138176
1477956939812,313212928,79925248,393138176
1477957096543,313212928,79925248,393138176
1477957249446,313212928,79925248,393138176
1477957404166,313212928,79925248,393138176
1477957556757,313212928,79925248,393138176
1477957710595,313212928,79925248,393138176
1477957864644,313212928,79925248,393138176
1477958020101,313212928,79925248,393138176
1477958172260,313212928,79925248,393138176
1477958326348,313212928,79925248,393138176
1477958482204,312061952,79925248,391987200
1477958638231,313253888,79925248,393179136
1477958789228,313253888,79925248,393179136
1477958852638,313274368,79929344,393203712
1477958944174,313274368,79925248,393199616
1477959100714,313274368,79925248,393199616
1477959254306,313274368,79925248,393199616
1477959409097,313274368,79925248,393199616
1477959565040,313274368,79925248,393199616
1477959716881,313274368,79925248,393199616
1477959869239,313274368,79925248,393199616
1477960030132,313274368,79925248,393199616
1477960183276,313274368,79925248,393199616
1477960338991,313274368,79925248,393199616
1477960490415,313274368,79925248,393199616
1477960647565,313274368,79925248,393199616
1477960802112,313274368,79925248,393199616
1477960956228,313274368,79925248,393199616
1477961110588,313274368,79925248,393199616
1477961265621,313274368,79925248,393199616
1477961420429,313274368,79925248,393199616
1477961574016,313274368,79925248,393199616
1477961730171,313274368,79925248,393199616
1477961884676,313274368,79925248,393199616
1477962039954,313274368,79925248,393199616
1477962197173,313274368,79925248,393199616
1477962349478,313274368,79925248,393199616
1477962505084,313274368,79925248,393199616
1477962660854,313274368,79925248,393199616
1477962814696,313274368,79925248,393199616
1477962971775,313274368,79925248,393199616
1477963124921,313274368,79925248,393199616
1477963277957,312057856,79925248,391983104
1477963432088,313434112,79925248,393359360
1477963587307,313434112,79925248,393359360
1477963640848,313458688,79929344,393388032
1477963746469,313458688,79925248,393383936
1477963897574,313458688,79925248,393383936
1477964049478,313458688,79925248,393383936
1477964204650,313458688,79925248,393383936
1477964360831,313458688,79925248,393383936
1477964516814,313458688,79925248,393383936
1477964672213,313458688,79925248,393383936
1477964826487,313458688,79925248,393383936
1477964977980,313458688,79925248,393383936
1477965130928,313458688,79925248,393383936
1477965286391,313458688,79925248,393383936
1477965441601,313458688,79925248,393383936
1477965597551,313458688,79925248,393383936
1477965750932,313458688,79925248,393383936
1477965906491,313458688,79925248,393383936
1477966061947,313458688,79925248,393383936
1477966217320,313458688,79925248,393383936
1477966368169,313458688,79925248,393383936
1477966529585,313458688,79925248,393383936
1477966685657,313458688,79925248,393383936
1477966839646,313458688,79925248,393383936
1477966995171,313458688,79925248,393383936
1477967151086,313458688,79925248,393383936
1477967306777,313458688,79925248,393383936
1477967458625,313458688,79925248,393383936
1477967613672,313458688,79925248,393383936
1477967769145,313458688,79925248,393383936
1477967929367,313458688,79925248,393383936
1477968084567,312225792,79925248,392151040
1477968240170,313446400,79925248,393371648
1477968394937,313446400,79925248,393371648
1477968550089,313446400,79925248,393371648
1477968651093,313462784,79929344,393392128
1477968705713,313462784,79925248,393388032
1477968860552,313462784,79925248,393388032
1477969016129,313462784,79925248,393388032
1477969171299,313462784,79925248,393388032
1477969325602,313462784,79925248,393388032
1477969480736,313462784,79925248,393388032
1477969636350,313462784,79925248,393388032
1477969792169,313462784,79925248,393388032
1477969946433,313462784,79925248,393388032
1477970101774,313462784,79925248,393388032
1477970257367,313462784,79925248,393388032
1477970411863,313462784,79925248,393388032
1477970567188,313462784,79925248,393388032
1477970727536,313462784,79925248,393388032
1477970890507,313462784,79925248,393388032
1477971044975,313462784,79925248,393388032
1477971199894,313462784,79925248,393388032
1477971353836,313462784,79925248,393388032
1477971508965,313462784,79925248,393388032
1477971663842,313462784,79925248,393388032
1477971820659,313462784,79925248,393388032
1477971976920,313462784,79925248,393388032
1477972129855,313462784,79925248,393388032
1477972284241,313462784,79925248,393388032
1477972439332,313462784,79925248,393388032
1477972594635,313462784,79925248,393388032
1477972750285,313462784,79925248,393388032
1477972904926,312225792,79925248,392151040
1477973060418,313495552,79925248,393420800
1477973215678,313495552,79925248,393420800
1477973290527,313511936,79929344,393441280
1477973376562,313511936,79925248,393437184
1477973525187,313511936,79925248,393437184
1477973680531,313511936,79925248,393437184
1477973835422,313511936,79925248,393437184
1477973990474,313511936,79925248,393437184
1477974146022,313511936,79925248,393437184
1477974301435,313511936,79925248,393437184
1477974455766,313511936,79925248,393437184
1477974611257,313511936,79925248,393437184
1477974766283,313511936,79925248,393437184
1477974921827,313511936,79925248,393437184
1477975076980,313511936,79925248,393437184
1477975233655,313511936,79925248,393437184
1477975386317,313511936,79925248,393437184
1477975541726,313511936,79925248,393437184
1477975697481,313511936,79925248,393437184
1477975849526,313511936,79925248,393437184
1477976003726,313511936,79925248,393437184
1477976156595,313511936,79925248,393437184
1477976311985,313511936,79925248,393437184
1477976464131,313511936,79925248,393437184
1477976619785,313511936,79925248,393437184
1477976774557,313511936,79925248,393437184
1477976929498,313511936,79925248,393437184
1477977084585,313511936,79925248,393437184
1477977240255,313511936,79925248,393437184
1477977395529,313511936,79925248,393437184
1477977550384,313511936,79925248,393437184
1477977705465,312287232,79925248,392212480
1477977860567,313540608,79925248,393465856
1477978015977,313540608,79925248,393465856
1477978067612,314155008,79929344,394084352
1477978170979,314155008,79925248,394080256
1477978331239,314155008,79925248,394080256
1477978489123,314155008,79925248,394080256
1477978641126,314155008,79925248,394080256
1477978795166,314155008,79925248,394080256
1477978950957,314155008,79925248,394080256
1477979105430,314155008,79925248,394080256
1477979260373,314155008,79925248,394080256
1477979415939,314155008,79925248,394080256
1477979567862,314155008,79925248,394080256
1477979720544,314155008,79925248,394080256
1477979875135,314155008,79925248,394080256
1477980031013,314155008,79925248,394080256
1477980186336,314155008,79925248,394080256
1477980342685,314155008,79925248,394080256
1477980497392,314155008,79925248,394080256
1477980650333,314155008,79925248,394080256
1477980805035,314155008,79925248,394080256
1477980959136,314155008,79925248,394080256
1477981120404,314155008,79925248,394080256
1477981275783,314155008,79925248,394080256
1477981430990,314155008,79925248,394080256
1477981586644,314155008,79925248,394080256
1477981748457,314155008,79925248,394080256
1477981900518,314155008,79925248,394080256
1477982055674,314155008,79925248,394080256
1477982210784,314155008,79925248,394080256
1477982365941,314155008,79925248,394080256
1477982521423,312950784,79925248,392876032
1477982677598,313921536,79925248,393846784
1477982831825,313921536,79925248,393846784
1477982876428,313925632,79929344,393854976
1477982992379,313925632,79925248,393850880
1477983143016,313925632,79925248,393850880
1477983298079,313925632,79925248,393850880
1477983452631,313925632,79925248,393850880
1477983608359,313925632,79925248,393850880
1477983763235,313925632,79925248,393850880
1477983918969,313925632,79925248,393850880
1477984073936,313925632,79925248,393850880
1477984229354,313925632,79925248,393850880
1477984384562,313925632,79925248,393850880
1477984541890,313925632,79925248,393850880
1477984695266,313925632,79925248,393850880
1477984849196,313925632,79925248,393850880
1477985003561,313925632,79925248,393850880
1477985158963,313925632,79925248,393850880
1477985312505,313925632,79925248,393850880
1477985465895,313925632,79925248,393850880
1477985619232,313925632,79925248,393850880
1477985773793,313925632,79925248,393850880
1477985930057,313925632,79925248,393850880
1477986085784,313925632,79925248,393850880
1477986241147,313925632,79925248,393850880
1477986393257,313925632,79925248,393850880
1477986546205,313925632,79925248,393850880
1477986701049,313925632,79925248,393850880
1477986853739,313925632,79925248,393850880
1477987006544,313925632,79925248,393850880
1477987162068,313925632,79925248,393850880
1477987317426,312705024,79925248,392630272
1477987469996,313987072,79925248,393912320
1477987629885,313987072,79925248,393912320
1477987671331,313999360,79929344,393928704
1477987784948,313999360,79925248,393924608
1477987938878,313999360,79925248,393924608
1477988095582,313999360,79925248,393924608
1477988248901,313999360,79925248,393924608
1477988404320,313999360,79925248,393924608
1477988560544,313999360,79925248,393924608
1477988712145,313999360,79925248,393924608
1477988867970,313999360,79925248,393924608
1477989027981,313999360,79925248,393924608
1477989182540,313999360,79925248,393924608
1477989337081,313999360,79925248,393924608
1477989492695,313999360,79925248,393924608
1477989650727,313999360,79925248,393924608
1477989802360,313999360,79925248,393924608
1477989958554,313999360,79925248,393924608
1477990112968,313999360,79925248,393924608
1477990268612,313999360,79925248,393924608
1477990429953,313999360,79925248,393924608
1477990585543,313999360,79925248,393924608
1477990740594,313999360,79925248,393924608
1477990895249,313999360,79925248,393924608
1477991051297,313999360,79925248,393924608
1477991202870,313999360,79925248,393924608
1477991356858,313999360,79925248,393924608
1477991514457,313999360,79925248,393924608
1477991668614,313999360,79925248,393924608
1477991828462,313999360,79925248,393924608
1477991984098,313999360,79925248,393924608
1477992139159,312770560,79925248,392695808
1477992295631,314060800,79925248,393986048
1477992450531,314060800,79925248,393986048
1477992514196,314232832,79929344,394162176
1477992609588,314232832,79925248,394158080
1477992760239,314232832,79925248,394158080
1477992915393,314232832,79925248,394158080
1477993071469,314232832,79925248,394158080
1477993230593,314232832,79925248,394158080
1477993391305,314232832,79925248,394158080
1477993546655,314232832,79925248,394158080
1477993702183,314232832,79925248,394158080
1477993857576,314232832,79925248,394158080
1477994013694,314232832,79925248,394158080
1477994167760,314232832,79925248,394158080
1477994328602,314232832,79925248,394158080
1477994483488,314232832,79925248,394158080
1477994640475,314232832,79925248,394158080
1477994795793,314232832,79925248,394158080
1477994950206,314232832,79925248,394158080
1477995105480,314232832,79925248,394158080
1477995261830,314232832,79925248,394158080
1477995417031,314232832,79925248,394158080
1477995571896,314232832,79925248,394158080
1477995731375,314232832,79925248,394158080
1477995887642,314232832,79925248,394158080
1477996042913,314232832,79925248,394158080
1477996196052,314232832,79925248,394158080
1477996350710,314232832,79925248,394158080
1477996505573,314232832,79925248,394158080
1477996661701,314232832,79925248,394158080
1477996816721,314232832,79925248,394158080
1477996973861,314163200,79925248,394088448
1477997128536,315219968,79925248,395145216
1477997242935,315228160,79929344,395157504
1477997438433,315228160,79925248,395153408
1477997595404,315228160,79925248,395153408
1477997750828,315228160,79925248,395153408
1477997906251,315228160,79925248,395153408
1477998061723,315228160,79925248,395153408
1477998217048,315228160,79925248,395153408
1477998370511,315228160,79925248,395153408
1477998529948,315228160,79925248,395153408
1477998682816,315228160,79925248,395153408
1477998837329,315228160,79925248,395153408
1477998992538,315228160,79925248,395153408
1477999145009,315228160,79925248,395153408
1477999300698,315228160,79925248,395153408
1477999454229,315228160,79925248,395153408
1477999609896,315228160,79925248,395153408
1477999766082,315228160,79925248,395153408
1477999919606,315228160,79925248,395153408
1478000074868,315228160,79925248,395153408
1478000231111,315228160,79925248,395153408
1478000386598,315228160,79925248,395153408
1478000541360,315228160,79925248,395153408
1478000697650,315228160,79925248,395153408
1478000851407,315228160,79925248,395153408
1478001006976,315228160,79925248,395153408
1478001162377,315228160,79925248,395153408
1478001318207,315228160,79925248,395153408
1478001474534,315228160,79925248,395153408
1478001629638,315228160,79925248,395153408
1478001782327,315289600,79925248,395214848
1478001934916,315289600,79925248,395214848
1478002020744,315490304,79929344,395419648
1478002091562,315490304,79925248,395415552
1478002245880,315490304,79925248,395415552
1478002406467,315490304,79925248,395415552
1478002562167,315490304,79925248,395415552
1478002716276,315490304,79925248,395415552
1478002871874,315490304,79925248,395415552
1478003031947,315490304,79925248,395415552
1478003183707,315490304,79925248,395415552
1478003341000,315490304,79925248,395415552
1478003496104,315490304,79925248,395415552
1478003650299,315490304,79925248,395415552
1478003805640,315490304,79925248,395415552
1478003961101,315490304,79925248,395415552
1478004115754,315490304,79925248,395415552
1478004271904,315490304,79925248,395415552
1478004431753,315490304,79925248,395415552
1478004587077,315490304,79925248,395415552
1478004739295,315490304,79925248,395415552
1478004895667,315490304,79925248,395415552
1478005050059,315490304,79925248,395415552
1478005205507,315490304,79925248,395415552
1478005361792,315490304,79925248,395415552
1478005515425,315490304,79925248,395415552
1478005669988,315490304,79925248,395415552
1478005830355,315490304,79925248,395415552
1478005986171,315490304,79925248,395415552
1478006141790,315490304,79925248,395415552
1478006294234,315490304,79925248,395415552
1478006450825,315490304,79925248,395415552
1478006604961,315457536,79925248,395382784
1478006760423,315457536,79925248,395382784
1478006820355,315469824,79929344,395399168
1478006916646,315469824,79925248,395395072
1478007071264,315469824,79925248,395395072
1478007230867,315469824,79925248,395395072
1478007386699,315469824,79925248,395395072
1478007542125,315469824,79925248,395395072
1478007695911,315469824,79925248,395395072
1478007851268,315469824,79925248,395395072
1478008006213,315469824,79925248,395395072
1478008161443,315469824,79925248,395395072
1478008316315,315469824,79925248,395395072
1478008473420,315469824,79925248,395395072
1478008632571,315469824,79925248,395395072
1478008788336,315469824,79925248,395395072
1478008943202,315469824,79925248,395395072
1478009098024,315469824,79925248,395395072
1478009253433,315469824,79925248,395395072
1478009408590,315469824,79925248,395395072
1478009563842,315469824,79925248,395395072
1478009719403,315469824,79925248,395395072
1478009873460,315469824,79925248,395395072
1478010030257,315469824,79925248,395395072
1478010182453,315469824,79925248,395395072
1478010336595,315469824,79925248,395395072
1478010489736,315469824,79925248,395395072
1478010645494,315469824,79925248,395395072
1478010800049,315469824,79925248,395395072
1478010955264,315469824,79925248,395395072
1478011108386,315469824,79925248,395395072
1478011264459,314228736,79925248,394153984
1478011420261,315498496,79925248,395423744
1478011575295,315498496,79925248,395423744
1478011645617,315514880,79929344,395444224
1478011730868,315514880,79925248,395440128
1478011882820,315514880,79925248,395440128
1478012043920,315514880,79925248,395440128
1478012193643,315514880,79925248,395440128
1478012344929,315514880,79925248,395440128
1478012499825,315514880,79925248,395440128
1478012654617,315514880,79925248,395440128
1478012811135,315514880,79925248,395440128
1478012966664,315514880,79925248,395440128
1478013122157,315514880,79925248,395440128
1478013274698,315514880,79925248,395440128
1478013431400,315514880,79925248,395440128
1478013585999,315514880,79925248,395440128
1478013741431,315514880,79925248,395440128
1478013898039,315514880,79925248,395440128
1478014052321,315514880,79925248,395440128
1478014207144,315514880,79925248,395440128
1478014363588,315514880,79925248,395440128
1478014516389,315514880,79925248,395440128
1478014672138,315514880,79925248,395440128
1478014829238,315514880,79925248,395440128
1478014985290,315514880,79925248,395440128
1478015140210,315514880,79925248,395440128
1478015295629,315514880,79925248,395440128
1478015451834,315514880,79925248,395440128
1478015604969,315514880,79925248,395440128
1478015760520,315514880,79925248,395440128
1478015916108,315514880,79925248,395440128
1478016067647,314298368,79925248,394223616
1478016222316,315600896,79925248,395526144
1478016376948,315600896,79925248,395526144
1478016438953,315617280,79929344,395546624
1478016532886,315617280,79925248,395542528
1478016686569,315617280,79925248,395542528
1478016841776,315617280,79925248,395542528
1478016996447,315617280,79925248,395542528
1478017151559,315617280,79925248,395542528
1478017307210,315617280,79925248,395542528
1478017462414,315617280,79925248,395542528
1478017617015,315617280,79925248,395542528
1478017773229,315617280,79925248,395542528
1478017928393,315617280,79925248,395542528
1478018083291,315617280,79925248,395542528
1478018239088,315617280,79925248,395542528
1478018393396,315617280,79925248,395542528
1478018548532,315617280,79925248,395542528
1478018704094,315617280,79925248,395542528
1478018858678,315617280,79925248,395542528
1478019014141,315617280,79925248,395542528
1478019170170,315617280,79925248,395542528
1478019330503,315617280,79925248,395542528
1478019486193,315617280,79925248,395542528
1478019637158,315617280,79925248,395542528
1478019792765,315617280,79925248,395542528
1478019943455,315617280,79925248,395542528
1478020097363,315617280,79925248,395542528
1478020251244,315617280,79925248,395542528
1478020406575,315617280,79925248,395542528
1478020561706,315617280,79925248,395542528
1478020715788,315617280,79925248,395542528
1478020871973,314396672,79925248,394321920
1478021026732,315715584,79925248,395640832
1478021182009,315715584,79925248,395640832
1478021256960,315727872,79929344,395657216
1478021337230,315727872,79925248,395653120
1478021492530,315727872,79925248,395653120
1478021653084,315727872,79925248,395653120
1478021802006,315727872,79925248,395653120
1478021956916,315727872,79925248,395653120
1478022112942,315727872,79925248,395653120
1478022267712,315727872,79925248,395653120
1478022428228,315727872,79925248,395653120
1478022583405,315727872,79925248,395653120
1478022738904,315727872,79925248,395653120
1478022894175,315727872,79925248,395653120
1478023050558,315727872,79925248,395653120
1478023206583,315727872,79925248,395653120
1478023362127,315727872,79925248,395653120
1478023516518,315727872,79925248,395653120
1478023672330,315727872,79925248,395653120
1478023831386,315727872,79925248,395653120
1478023988221,315727872,79925248,395653120
1478024142542,315727872,79925248,395653120
1478024298138,315727872,79925248,395653120
1478024452094,315727872,79925248,395653120
1478024607238,315727872,79925248,395653120
1478024760888,315727872,79925248,395653120
1478024915748,315727872,79925248,395653120
1478025070526,315727872,79925248,395653120
1478025231466,315727872,79925248,395653120
1478025388580,315727872,79925248,395653120
1478025542290,315727872,79925248,395653120
1478025697779,314523648,79925248,394448896
1478025854407,315785216,79925248,395710464
1478026007626,315785216,79925248,395710464
1478026101812,315797504,79929344,395726848
1478026160713,315797504,79925248,395722752
1478026315505,315797504,79925248,395722752
1478026471090,315797504,79925248,395722752
1478026633094,315797504,79925248,395722752
1478026787845,315797504,79925248,395722752
1478026942960,315797504,79925248,395722752
1478027097686,315797504,79925248,395722752
1478027253548,315797504,79925248,395722752
1478027416181,315797504,79925248,395722752
1478027564578,315797504,79925248,395722752
1478027721041,315797504,79925248,395722752
1478027875322,315797504,79925248,395722752
1478028030789,315797504,79925248,395722752
1478028186901,315797504,79925248,395722752
1478028341490,315797504,79925248,395722752
1478028496858,315797504,79925248,395722752
1478028652727,315797504,79925248,395722752
1478028807188,315797504,79925248,395722752
1478028962006,315797504,79925248,395722752
1478029116970,315797504,79925248,395722752
1478029272684,315797504,79925248,395722752
1478029432375,315797504,79925248,395722752
1478029588906,315797504,79925248,395722752
1478029742957,315797504,79925248,395722752
1478029896554,315797504,79925248,395722752
1478030050613,315797504,79925248,395722752
1478030204992,315797504,79925248,395722752
1478030360134,315797504,79925248,395722752
1478030516374,314585088,79925248,394510336
1478030672111,315916288,79925248,395841536
1478030832053,315916288,79925248,395841536
1478030906895,315928576,79929344,395857920
1478030984795,315928576,79925248,395853824
1478031139748,315928576,79925248,395853824
1478031303040,315928576,79925248,395853824
1478031449637,315928576,79925248,395853824
1478031606551,315928576,79925248,395853824
1478031759381,315928576,79925248,395853824
1478031914596,315928576,79925248,395853824
1478032070451,315928576,79925248,395853824
1478032226087,315928576,79925248,395853824
1478032381226,315928576,79925248,395853824
1478032542988,315928576,79925248,395853824
1478032698085,315928576,79925248,395853824
1478032853061,315928576,79925248,395853824
1478033008396,315928576,79925248,395853824
1478033164414,315928576,79925248,395853824
1478033320544,315928576,79925248,395853824
1478033475984,315928576,79925248,395853824
1478033630322,315928576,79925248,395853824
1478033786751,315928576,79925248,395853824
1478033941171,315928576,79925248,395853824
1478034098461,315928576,79925248,395853824
1478034247794,315928576,79925248,395853824
1478034405015,315928576,79925248,395853824
1478034554947,315928576,79925248,395853824
1478034710342,315928576,79925248,395853824
1478034866357,315928576,79925248,395853824
1478035021971,315928576,79925248,395853824
1478035175042,315928576,79925248,395853824
1478035331150,314712064,79925248,394637312
1478035483492,315965440,79925248,395890688
1478035643181,315965440,79925248,395890688
1478035714917,315977728,79929344,395907072
1478035800087,315977728,79925248,395902976
1478035953724,315977728,79925248,395902976
1478036110799,315977728,79925248,395902976
1478036265568,315977728,79925248,395902976
1478036421819,315977728,79925248,395902976
1478036576532,315977728,79925248,395902976
1478036732659,315977728,79925248,395902976
1478036887758,315977728,79925248,395902976
1478037043852,315977728,79925248,395902976
1478037196904,315977728,79925248,395902976
1478037350530,315977728,79925248,395902976
1478037506280,315977728,79925248,395902976
1478037659993,315977728,79925248,395902976
1478037816194,315977728,79925248,395902976
1478037970751,315977728,79925248,395902976
1478038132116,315977728,79925248,395902976
1478038284620,315977728,79925248,395902976
1478038438701,315977728,79925248,395902976
1478038589991,315977728,79925248,395902976
1478038745340,315977728,79925248,395902976
1478038901617,315977728,79925248,395902976
1478039057078,315977728,79925248,395902976
1478039212210,315977728,79925248,395902976
1478039369063,315977728,79925248,395902976
1478039522465,315977728,79925248,395902976
1478039676956,315977728,79925248,395902976
1478039832011,315977728,79925248,395902976
1478039985957,315977728,79925248,395902976
1478040141626,314773504,79925248,394698752
1478040295989,316026880,79925248,395952128
1478040450519,316026880,79925248,395952128
1478040533299,316043264,79929344,395972608
1478040608188,316043264,79925248,395968512
1478040763078,316043264,79925248,395968512
1478040924337,316043264,79925248,395968512
1478041073630,316043264,79925248,395968512
1478041228994,316043264,79925248,395968512
1478041384932,316043264,79925248,395968512
1478041537443,316043264,79925248,395968512
1478041693676,316043264,79925248,395968512
1478041845552,316043264,79925248,395968512
1478042000727,316043264,79925248,395968512
1478042157490,316043264,79925248,395968512
1478042309790,316043264,79925248,395968512
1478042464965,316043264,79925248,395968512
1478042621760,316043264,79925248,395968512
1478042772084,316043264,79925248,395968512
1478042931734,316043264,79925248,395968512
1478043084717,316043264,79925248,395968512
1478043241108,316043264,79925248,395968512
1478043396422,316043264,79925248,395968512
1478043550843,316043264,79925248,395968512
1478043707151,316043264,79925248,395968512
1478043861407,316043264,79925248,395968512
1478044017639,316043264,79925248,395968512
1478044171918,316043264,79925248,395968512
1478044333036,316043264,79925248,395968512
1478044488869,316043264,79925248,395968512
1478044642988,316043264,79925248,395968512
1478044799242,316043264,79925248,395968512
1478044953693,314839040,79925248,394764288
1478045109711,318615552,79925248,398540800
1478045264507,318615552,79925248,398540800
1478045346906,318631936,79929344,398561280
1478045418905,318631936,79925248,398557184
1478045574681,318631936,79925248,398557184
1478045729633,318631936,79925248,398557184
1478045886003,318631936,79925248,398557184
1478046040847,318631936,79925248,398557184
1478046196108,318631936,79925248,398557184
1478046351810,318631936,79925248,398557184
1478046506566,318631936,79925248,398557184
1478046658776,318631936,79925248,398557184
1478046813071,318631936,79925248,398557184
1478046968924,318631936,79925248,398557184
1478047122049,318631936,79925248,398557184
1478047276803,318631936,79925248,398557184
1478047431331,318631936,79925248,398557184
1478047586627,318631936,79925248,398557184
1478047743790,318631936,79925248,398557184
1478047894334,318631936,79925248,398557184
1478048050932,318631936,79925248,398557184
1478048206780,318631936,79925248,398557184
1478048362117,318631936,79925248,398557184
1478048516592,318631936,79925248,398557184
1478048671924,318631936,79925248,398557184
1478048833179,318631936,79925248,398557184
1478048989777,318631936,79925248,398557184
1478049145682,318631936,79925248,398557184
1478049301640,318631936,79925248,398557184
1478049456061,318631936,79925248,398557184
1478049611336,318631936,79925248,398557184
1478049765470,318709760,79925248,398635008
1478049919371,318709760,79925248,398635008
1478050045240,318726144,79929344,398655488
1478050231366,318726144,79925248,398651392
1478050386510,318726144,79925248,398651392
1478050542008,318726144,79925248,398651392
1478050700975,318726144,79925248,398651392
1478050850070,318726144,79925248,398651392
1478051006761,318726144,79925248,398651392
1478051158049,318726144,79925248,398651392
1478051309627,318726144,79925248,398651392
1478051464126,318726144,79925248,398651392
1478051618096,318726144,79925248,398651392
1478051772858,318726144,79925248,398651392
1478051932659,318726144,79925248,398651392
1478052085973,318726144,79925248,398651392
1478052242210,318726144,79925248,398651392
1478052396152,318726144,79925248,398651392
1478052550597,318726144,79925248,398651392
1478052706895,318726144,79925248,398651392
1478052861165,318726144,79925248,398651392
1478053015114,318726144,79925248,398651392
1478053170870,318726144,79925248,398651392
1478053331115,318726144,79925248,398651392
1478053484027,318726144,79925248,398651392
1478053640338,318726144,79925248,398651392
1478053796232,318726144,79925248,398651392
1478053950037,318726144,79925248,398651392
1478054105986,318726144,79925248,398651392
1478054260613,318726144,79925248,398651392
1478054415436,318726144,79925248,398651392
1478054568350,318746624,79925248,398671872
1478054730287,318746624,79925248,398671872
1478054846464,318767104,79929344,398696448
1478055040442,318767104,79925248,398692352
1478055195737,318767104,79925248,398692352
1478055350938,318767104,79925248,398692352
1478055506720,318767104,79925248,398692352
1478055660821,318767104,79925248,398692352
1478055815819,318767104,79925248,398692352
1478055970246,318767104,79925248,398692352
1478056131577,318767104,79925248,398692352
1478056286674,318767104,79925248,398692352
1478056441561,318767104,79925248,398692352
1478056596846,318767104,79925248,398692352
1478056751046,318767104,79925248,398692352
1478056907128,318767104,79925248,398692352
1478057060132,318767104,79925248,398692352
1478057215209,318767104,79925248,398692352
1478057370320,318767104,79925248,398692352
1478057530788,318767104,79925248,398692352
1478057685406,318767104,79925248,398692352
1478057845799,318767104,79925248,398692352
1478058001952,318767104,79925248,398692352
1478058157512,318767104,79925248,398692352
1478058312890,318767104,79925248,398692352
1478058468119,318767104,79925248,398692352
1478058621975,318767104,79925248,398692352
1478058776575,318767104,79925248,398692352
1478058932060,318767104,79925248,398692352
1478059087202,318767104,79925248,398692352
1478059242486,318767104,79925248,398692352
1478059399306,318939136,79925248,398864384
1478059553334,318939136,79925248,398864384
1478059677197,318955520,79929344,398884864
1478059865840,318955520,79925248,398880768
1478060016980,318955520,79925248,398880768
1478060168147,318955520,79925248,398880768
1478060321185,318955520,79925248,398880768
1478060475124,318955520,79925248,398880768
1478060637478,318955520,79925248,398880768
1478060786722,318955520,79925248,398880768
1478060942612,318955520,79925248,398880768
1478061097964,318955520,79925248,398880768
1478061250094,318955520,79925248,398880768
1478061406440,318955520,79925248,398880768
1478061561073,318955520,79925248,398880768
1478061716554,318955520,79925248,398880768
1478061869341,318955520,79925248,398880768
1478062029396,318955520,79925248,398880768
1478062186149,318955520,79925248,398880768
1478062341691,318955520,79925248,398880768
1478062495079,318955520,79925248,398880768
1478062650895,318955520,79925248,398880768
1478062806637,318955520,79925248,398880768
1478062963426,318955520,79925248,398880768
1478063118407,318955520,79925248,398880768
1478063273018,318955520,79925248,398880768
1478063431365,318955520,79925248,398880768
1478063585785,318955520,79925248,398880768
1478063746646,318955520,79925248,398880768
1478063901265,318955520,79925248,398880768
1478064057231,318955520,79925248,398880768
1478064212683,318971904,79925248,398897152
1478064367687,318971904,79925248,398897152
1478064471378,318988288,79929344,398917632
1478064679142,318988288,79925248,398913536
1478064832238,318988288,79925248,398913536
1478064983571,318988288,79925248,398913536
1478065138820,318988288,79925248,398913536
1478065295125,318988288,79925248,398913536
1478065446428,318988288,79925248,398913536
1478065601890,318988288,79925248,398913536
1478065756858,318988288,79925248,398913536
1478065912895,318988288,79925248,398913536
1478066066464,318988288,79925248,398913536
1478066222374,318988288,79925248,398913536
1478066376964,318988288,79925248,398913536
1478066533867,318988288,79925248,398913536
1478066688965,318988288,79925248,398913536
1478066846872,318988288,79925248,398913536
1478067001908,318988288,79925248,398913536
1478067158673,318988288,79925248,398913536
1478067312728,318988288,79925248,398913536
1478067467426,318988288,79925248,398913536
1478067621856,318988288,79925248,398913536
1478067775827,318988288,79925248,398913536
1478067931677,318988288,79925248,398913536
1478068087497,318988288,79925248,398913536
1478068242441,318988288,79925248,398913536
1478068396817,318988288,79925248,398913536
1478068551498,318988288,79925248,398913536
1478068706806,318988288,79925248,398913536
1478068862403,317775872,79925248,397701120
1478069014519,319102976,79925248,399028224
1478069169970,319102976,79925248,399028224
1478069255040,319111168,79929344,399040512
1478069330808,319111168,79925248,399036416
1478069484829,319111168,79925248,399036416
1478069640085,319111168,79925248,399036416
1478069795819,319111168,79925248,399036416
1478069950228,319111168,79925248,399036416
1478070105410,319111168,79925248,399036416
1478070261729,319111168,79925248,399036416
1478070423258,319111168,79925248,399036416
1478070571709,319111168,79925248,399036416
1478070731494,319111168,79925248,399036416
1478070887533,319111168,79925248,399036416
1478071040493,319111168,79925248,399036416
1478071197857,319111168,79925248,399036416
1478071351997,319111168,79925248,399036416
1478071514825,319111168,79925248,399036416
1478071667480,319111168,79925248,399036416
1478071822290,319111168,79925248,399036416
1478071977489,319111168,79925248,399036416
1478072132668,319111168,79925248,399036416
1478072289779,319111168,79925248,399036416
1478072443171,319111168,79925248,399036416
1478072599363,319111168,79925248,399036416
1478072755252,319111168,79925248,399036416
1478072909654,319111168,79925248,399036416
1478073065674,319111168,79925248,399036416
1478073220481,319111168,79925248,399036416
1478073374773,319111168,79925248,399036416
1478073530767,319111168,79925248,399036416
1478073687666,317956096,79925248,397881344
1478073841110,319160320,79925248,399085568
1478073997995,319160320,79925248,399085568
1478074077735,319426560,79929344,399355904
1478074151721,319426560,79925248,399351808
1478074306000,319426560,79925248,399351808
1478074461441,319426560,79925248,399351808
1478074617378,319426560,79925248,399351808
1478074771386,319426560,79925248,399351808
1478074932514,319426560,79925248,399351808
1478075087493,319426560,79925248,399351808
1478075243758,319426560,79925248,399351808
1478075397940,319426560,79925248,399351808
1478075552614,319426560,79925248,399351808
1478075707505,319426560,79925248,399351808
1478075862812,319426560,79925248,399351808
1478076016549,319426560,79925248,399351808
1478076172883,319426560,79925248,399351808
1478076333494,319426560,79925248,399351808
1478076483675,319426560,79925248,399351808
1478076636463,319426560,79925248,399351808
1478076792632,319426560,79925248,399351808
1478076947721,319426560,79925248,399351808
1478077102467,319426560,79925248,399351808
1478077255500,319426560,79925248,399351808
1478077411809,319426560,79925248,399351808
1478077567109,319426560,79925248,399351808
1478077722177,319426560,79925248,399351808
1478077877836,319426560,79925248,399351808
1478078033884,319426560,79925248,399351808
1478078187054,319426560,79925248,399351808
1478078343185,319426560,79925248,399351808
1478078499666,318238720,79925248,398163968
1478078650855,319238144,79925248,399163392
1478078806187,319238144,79925248,399163392
1478078877725,319262720,79929344,399192064
1478078962609,319262720,79925248,399187968
1478079116848,319262720,79925248,399187968
1478079271834,319262720,79925248,399187968
1478079432630,319262720,79925248,399187968
1478079587292,319262720,79925248,399187968
1478079741732,319262720,79925248,399187968
1478079896706,319262720,79925248,399187968
1478080057025,319262720,79925248,399187968
1478080206065,319262720,79925248,399187968
1478080361172,319262720,79925248,399187968
1478080514901,319262720,79925248,399187968
1478080667643,319262720,79925248,399187968
1478080823008,319262720,79925248,399187968
1478080975554,319262720,79925248,399187968
1478081130110,319262720,79925248,399187968
1478081281428,319262720,79925248,399187968
1478081435890,319262720,79925248,399187968
1478081598007,319262720,79925248,399187968
1478081750579,319262720,79925248,399187968
1478081907751,319262720,79925248,399187968
1478082062848,319262720,79925248,399187968
1478082216625,319262720,79925248,399187968
1478082371554,319262720,79925248,399187968
1478082531908,319262720,79925248,399187968
1478082687348,319262720,79925248,399187968
1478082840014,319262720,79925248,399187968
1478082996773,319262720,79925248,399187968
1478083150743,319262720,79925248,399187968
1478083305856,318050304,79925248,397975552
1478083460978,319352832,79925248,399278080
1478083616802,319352832,79925248,399278080
1478083681651,319365120,79929344,399294464
1478083772183,319365120,79925248,399290368
1478083932168,319365120,79925248,399290368
1478084084916,319365120,79925248,399290368
1478084235865,319365120,79925248,399290368
1478084390824,319365120,79925248,399290368
1478084546629,319365120,79925248,399290368
1478084698845,319365120,79925248,399290368
1478084849729,319365120,79925248,399290368
1478085006234,319365120,79925248,399290368
1478085161076,319365120,79925248,399290368
1478085318487,319365120,79925248,399290368
1478085473461,319365120,79925248,399290368
1478085634176,319365120,79925248,399290368
1478085790205,319365120,79925248,399290368
1478085945570,319365120,79925248,399290368
1478086097865,319365120,79925248,399290368
1478086252393,319365120,79925248,399290368
1478086404906,319365120,79925248,399290368
1478086561719,319365120,79925248,399290368
1478086716918,319365120,79925248,399290368
1478086872029,319365120,79925248,399290368
1478087033867,319365120,79925248,399290368
1478087190484,319365120,79925248,399290368
1478087341909,319365120,79925248,399290368
1478087494745,319365120,79925248,399290368
1478087649401,319365120,79925248,399290368
1478087800744,319365120,79925248,399290368
1478087955950,319365120,79925248,399290368
1478088108570,318128128,79925248,398053376
1478088265028,319451136,79925248,399376384
1478088421152,319451136,79925248,399376384
1478088488055,319463424,79929344,399392768
1478088576674,319463424,79925248,399388672
1478088730543,319463424,79925248,399388672
1478088886010,319463424,79925248,399388672
1478089041109,319463424,79925248,399388672
1478089197426,319463424,79925248,399388672
1478089350351,319463424,79925248,399388672
1478089514590,319463424,79925248,399388672
1478089662092,319463424,79925248,399388672
1478089815449,319463424,79925248,399388672
1478089971041,319463424,79925248,399388672
1478090131376,319463424,79925248,399388672
1478090287053,319463424,79925248,399388672
1478090442045,319463424,79925248,399388672
1478090597266,319463424,79925248,399388672
1478090750841,319463424,79925248,399388672
1478090906007,319463424,79925248,399388672
1478091061241,319463424,79925248,399388672
1478091217005,319463424,79925248,399388672
1478091372360,319463424,79925248,399388672
1478091532819,319463424,79925248,399388672
1478091685097,319463424,79925248,399388672
1478091841760,319463424,79925248,399388672
1478091997006,319463424,79925248,399388672
1478092152128,319463424,79925248,399388672
1478092306933,319463424,79925248,399388672
1478092462730,319463424,79925248,399388672
1478092617281,319463424,79925248,399388672
1478092771759,319463424,79925248,399388672
1478092930908,318255104,79925248,398180352
1478093086729,319545344,79925248,399470592
1478093240680,319545344,79925248,399470592
1478093303924,320638976,79929344,400568320
1478093396331,320638976,79925248,400564224
1478093550729,320638976,79925248,400564224
1478093707358,320638976,79925248,400564224
1478093861243,320638976,79925248,400564224
1478094016880,320638976,79925248,400564224
1478094172008,320638976,79925248,400564224
1478094332167,320638976,79925248,400564224
1478094485930,320638976,79925248,400564224
1478094641242,320638976,79925248,400564224
1478094797593,320638976,79925248,400564224
1478094950753,320638976,79925248,400564224
1478095106822,320638976,79925248,400564224
1478095260731,320638976,79925248,400564224
1478095418242,320638976,79925248,400564224
1478095569851,320638976,79925248,400564224
1478095730438,320638976,79925248,400564224
1478095886359,320638976,79925248,400564224
1478096041900,320638976,79925248,400564224
1478096196789,320638976,79925248,400564224
1478096352680,320638976,79925248,400564224
1478096507717,320638976,79925248,400564224
1478096663462,320638976,79925248,400564224
1478096817458,320638976,79925248,400564224
1478096972091,320638976,79925248,400564224
1478097127682,320638976,79925248,400564224
1478097283178,320638976,79925248,400564224
1478097438970,320638976,79925248,400564224
1478097594672,320638976,79925248,400564224
1478097750408,319500288,79925248,399425536
1478097906026,319635456,79925248,399560704
1478098060424,319635456,79925248,399560704
1478098070902,319643648,79929344,399572992
1478098216539,319643648,79925248,399568896
1478098370647,319643648,79925248,399568896
1478098532395,319643648,79925248,399568896
1478098688115,319643648,79925248,399568896
1478098845498,319643648,79925248,399568896
1478098998689,319643648,79925248,399568896
1478099161034,319643648,79925248,399568896
1478099308544,319643648,79925248,399568896
1478099462967,319643648,79925248,399568896
1478099619352,319643648,79925248,399568896
1478099772402,319643648,79925248,399568896
1478099931596,319643648,79925248,399568896
1478100086906,319643648,79925248,399568896
1478100241150,319643648,79925248,399568896
1478100397224,319643648,79925248,399568896
1478100551547,319643648,79925248,399568896
1478100707524,319643648,79925248,399568896
1478100863236,319643648,79925248,399568896
1478101015896,319643648,79925248,399568896
1478101170759,319643648,79925248,399568896
1478101330220,319643648,79925248,399568896
1478101483216,319643648,79925248,399568896
1478101636061,319643648,79925248,399568896
1478101791246,319643648,79925248,399568896
1478101947450,319643648,79925248,399568896
1478102102643,319643648,79925248,399568896
1478102255700,319643648,79925248,399568896
1478102410810,319643648,79925248,399568896
1478102566020,319676416,79925248,399601664
1478102721052,319676416,79925248,399601664
1478102763188,319692800,79929344,399622144
1478102876706,319692800,79925248,399618048
1478103031506,319692800,79925248,399618048
1478103186802,319692800,79925248,399618048
1478103342275,319692800,79925248,399618048
1478103497458,319692800,79925248,399618048
1478103652872,319692800,79925248,399618048
1478103807599,319692800,79925248,399618048
1478103962983,319692800,79925248,399618048
1478104117997,319692800,79925248,399618048
1478104273215,319692800,79925248,399618048
1478104433257,319692800,79925248,399618048
1478104588482,319692800,79925248,399618048
1478104743818,319692800,79925248,399618048
1478104899710,319692800,79925248,399618048
1478105054278,319692800,79925248,399618048
1478105210576,319692800,79925248,399618048
1478105365236,319692800,79925248,399618048
1478105518600,319692800,79925248,399618048
1478105673199,319692800,79925248,399618048
1478105831923,319692800,79925248,399618048
1478105985906,319692800,79925248,399618048
1478106141938,319692800,79925248,399618048
1478106297600,319692800,79925248,399618048
1478106452976,319692800,79925248,399618048
1478106606579,319692800,79925248,399618048
1478106762209,319692800,79925248,399618048
1478106919592,319692800,79925248,399618048
1478107074171,319692800,79925248,399618048
1478107229456,319692800,79925248,399618048
1478107383238,319713280,79925248,399638528
1478107535640,319713280,79925248,399638528
1478107559977,319717376,79929344,399646720
1478107692567,319717376,79925248,399642624
1478107847156,319717376,79925248,399642624
1478108003621,319717376,79925248,399642624
1478108154709,319717376,79925248,399642624
1478108305907,319717376,79925248,399642624
1478108459328,319717376,79925248,399642624
1478108612437,319717376,79925248,399642624
1478108776038,319717376,79925248,399642624
1478108924494,319717376,79925248,399642624
1478109077764,319717376,79925248,399642624
1478109232210,319717376,79925248,399642624
1478109387892,319717376,79925248,399642624
1478109543455,319717376,79925248,399642624
1478109698686,319717376,79925248,399642624
1478109852286,319717376,79925248,399642624
1478110006144,319717376,79925248,399642624
1478110163040,319717376,79925248,399642624
1478110317242,319717376,79925248,399642624
1478110471778,319717376,79925248,399642624
1478110626622,319717376,79925248,399642624
1478110778604,319717376,79925248,399642624
1478110931708,319717376,79925248,399642624
1478111087550,319717376,79925248,399642624
1478111242669,319717376,79925248,399642624
1478111397340,319717376,79925248,399642624
1478111552189,319717376,79925248,399642624
1478111706606,319717376,79925248,399642624
1478111862582,319717376,79925248,399642624
1478112017438,319717376,79925248,399642624
1478112171984,319696896,79925248,399622144
1478112332659,319696896,79925248,399622144
1478112361144,319700992,79929344,399630336
1478112488457,319700992,79925248,399626240
1478112643824,319700992,79925248,399626240
1478112797897,319700992,79925248,399626240
1478112951207,319700992,79925248,399626240
1478113106835,319700992,79925248,399626240
1478113261507,319700992,79925248,399626240
1478113416894,319700992,79925248,399626240
1478113571610,319700992,79925248,399626240
1478113731871,319700992,79925248,399626240
1478113883972,319700992,79925248,399626240
1478114037858,319700992,79925248,399626240
1478114192267,319700992,79925248,399626240
1478114347683,319700992,79925248,399626240
1478114501715,319700992,79925248,399626240
1478114655995,319700992,79925248,399626240
1478114812247,319700992,79925248,399626240
1478114966988,319700992,79925248,399626240
1478115124656,319700992,79925248,399626240
1478115277520,319700992,79925248,399626240
1478115432505,319700992,79925248,399626240
1478115583822,319700992,79925248,399626240
1478115739375,319664128,79925248,399589376
1478115894491,319684608,79925248,399609856
1478116049382,319729664,79925248,399654912
1478116204381,319729664,79925248,399654912
1478116359273,319729664,79925248,399654912
1478116514526,319729664,79925248,399654912
1478116666124,319729664,79925248,399654912
1478116821642,319729664,79925248,399654912
1478116977045,319733760,79925248,399659008
1478117131217,319733760,79925248,399659008
1478117164804,319737856,79929344,399667200
1478117286953,319737856,79925248,399663104
1478117442581,319737856,79925248,399663104
1478117597220,319737856,79925248,399663104
1478117748425,319737856,79925248,399663104
1478117902572,319737856,79925248,399663104
1478118059243,319737856,79925248,399663104
1478118218701,319737856,79925248,399663104
1478118368186,319737856,79925248,399663104
1478118522734,319737856,79925248,399663104
1478118678835,319737856,79925248,399663104
1478118833182,319737856,79925248,399663104
1478118988608,319737856,79925248,399663104
1478119144541,319737856,79925248,399663104
1478119299447,319737856,79925248,399663104
1478119454322,319737856,79925248,399663104
1478119610495,319737856,79925248,399663104
1478119765753,319737856,79925248,399663104
1478119919955,319737856,79925248,399663104
1478120076886,319737856,79925248,399663104
1478120231216,319737856,79925248,399663104
1478120387295,319737856,79925248,399663104
1478120541627,319737856,79925248,399663104
1478120697509,319737856,79925248,399663104
1478120852292,319737856,79925248,399663104
1478121008565,319737856,79925248,399663104
1478121163439,319737856,79925248,399663104
1478121318135,319737856,79925248,399663104
1478121479219,319737856,79925248,399663104
1478121633658,319737856,79925248,399663104
1478121792191,319750144,79925248,399675392
1478121942837,319750144,79925248,399675392
1478121968141,319754240,79929344,399683584
1478122097836,319754240,79925248,399679488
1478122252925,319754240,79925248,399679488
1478122409467,319754240,79925248,399679488
1478122563375,319754240,79925248,399679488
1478122718614,319754240,79925248,399679488
1478122875018,319754240,79925248,399679488
1478123034633,319754240,79925248,399679488
1478123190042,319754240,79925248,399679488
1478123345631,319754240,79925248,399679488
1478123500894,319754240,79925248,399679488
1478123656267,319754240,79925248,399679488
1478123811507,319754240,79925248,399679488
1478123966950,319754240,79925248,399679488
1478124122231,319754240,79925248,399679488
1478124276948,319754240,79925248,399679488
1478124432659,319754240,79925248,399679488
1478124587543,319754240,79925248,399679488
1478124743039,319754240,79925248,399679488
1478124894547,319754240,79925248,399679488
1478125049437,319754240,79925248,399679488
1478125206156,319754240,79925248,399679488
1478125360068,319754240,79925248,399679488
1478125515027,319754240,79925248,399679488
1478125670198,319754240,79925248,399679488
1478125821513,319754240,79925248,399679488
1478125978750,319754240,79925248,399679488
1478126131829,319754240,79925248,399679488
1478126283840,319754240,79925248,399679488
1478126437542,319754240,79925248,399679488
1478126592812,319782912,79925248,399708160
1478126746990,319782912,79925248,399708160
1478126770721,319787008,79929344,399716352
1478126902314,319787008,79925248,399712256
1478127053911,319787008,79925248,399712256
1478127210270,319787008,79925248,399712256
1478127364021,319787008,79925248,399712256
1478127519750,319787008,79925248,399712256
1478127671337,319787008,79925248,399712256
1478127836114,319787008,79925248,399712256
1478127986563,319787008,79925248,399712256
1478128141901,319787008,79925248,399712256
1478128298839,319787008,79925248,399712256
1478128451619,319787008,79925248,399712256
1478128607409,319787008,79925248,399712256
1478128761956,319787008,79925248,399712256
1478128917984,319787008,79925248,399712256
1478129072740,319787008,79925248,399712256
1478129225873,319787008,79925248,399712256
1478129380622,319787008,79925248,399712256
1478129533657,319787008,79925248,399712256
1478129689288,319787008,79925248,399712256
1478129844745,319787008,79925248,399712256
1478129997509,319787008,79925248,399712256
1478130152140,319787008,79925248,399712256
1478130307076,319787008,79925248,399712256
1478130463351,319787008,79925248,399712256
1478130618968,319787008,79925248,399712256
1478130774605,319787008,79925248,399712256
1478130930281,319787008,79925248,399712256
1478131084264,319787008,79925248,399712256
1478131239460,319787008,79925248,399712256
1478131390989,319766528,79925248,399691776
1478131546087,319766528,79925248,399691776
1478131572598,319770624,79929344,399699968
1478131703227,319770624,79925248,399695872
1478131856917,319770624,79925248,399695872
1478132009052,319770624,79925248,399695872
1478132163981,319770624,79925248,399695872
1478132320730,319770624,79925248,399695872
1478132475086,319770624,79925248,399695872
1478132633641,319770624,79925248,399695872
1478132788503,319770624,79925248,399695872
1478132948884,319770624,79925248,399695872
1478133104171,319770624,79925248,399695872
1478133261256,319770624,79925248,399695872
1478133416433,319770624,79925248,399695872
1478133572145,319770624,79925248,399695872
1478133731545,319770624,79925248,399695872
1478133886207,319770624,79925248,399695872
1478134042191,319770624,79925248,399695872
1478134197792,319770624,79925248,399695872
1478134351946,319770624,79925248,399695872
1478134507824,319770624,79925248,399695872
1478134663662,319770624,79925248,399695872
1478134817771,319770624,79925248,399695872
1478134973098,319770624,79925248,399695872
1478135134141,319770624,79925248,399695872
1478135288365,319770624,79925248,399695872
1478135443796,319770624,79925248,399695872
1478135600142,319770624,79925248,399695872
1478135754471,319770624,79925248,399695872
1478135910211,319770624,79925248,399695872
1478136066074,318545920,79925248,398471168
1478136219945,319754240,79925248,399679488
1478136374857,319754240,79925248,399679488
1478136381203,319762432,79929344,399691776
1478136530246,319762432,79925248,399687680
1478136686720,319762432,79925248,399687680
1478136841039,319762432,79925248,399687680
1478136997453,319762432,79925248,399687680
1478137152120,319762432,79925248,399687680
1478137307760,319762432,79925248,399687680
1478137466305,319762432,79925248,399687680
1478137617045,319762432,79925248,399687680
1478137774652,319762432,79925248,399687680
1478137934463,319762432,79925248,399687680
1478138089982,319762432,79925248,399687680
1478138244385,319762432,79925248,399687680
1478138401071,319762432,79925248,399687680
1478138552158,319762432,79925248,399687680
1478138709051,319762432,79925248,399687680
1478138864216,319762432,79925248,399687680
1478139018472,319762432,79925248,399687680
1478139173930,319762432,79925248,399687680
1478139331643,319762432,79925248,399687680
1478139493683,319762432,79925248,399687680
1478139646967,319762432,79925248,399687680
1478139804334,319762432,79925248,399687680
1478139964718,319762432,79925248,399687680
1478140119878,319762432,79925248,399687680
1478140272110,319762432,79925248,399687680
1478140432651,319762432,79925248,399687680
1478140585091,319762432,79925248,399687680
1478140739294,319762432,79925248,399687680
1478140893324,318558208,79925248,398483456
1478141048522,319770624,79925248,399695872
1478141204804,319770624,79925248,399695872
1478141210802,319778816,79929344,399708160
1478141357015,319778816,79925248,399704064
1478141513650,319778816,79925248,399704064
1478141668119,319778816,79925248,399704064
1478141822693,319778816,79925248,399704064
1478141976913,319778816,79925248,399704064
1478142132720,319778816,79925248,399704064
1478142284474,319778816,79925248,399704064
1478142438173,319778816,79925248,399704064
1478142591836,319778816,79925248,399704064
1478142747751,319778816,79925248,399704064
1478142903039,319778816,79925248,399704064
1478143057308,319778816,79925248,399704064
1478143213391,319778816,79925248,399704064
1478143370039,319778816,79925248,399704064
1478143524171,319778816,79925248,399704064
1478143679715,319778816,79925248,399704064
1478143835422,319778816,79925248,399704064
1478143990615,319778816,79925248,399704064
1478144143102,319778816,79925248,399704064
1478144296093,319778816,79925248,399704064
1478144449458,319778816,79925248,399704064
1478144603438,319778816,79925248,399704064
1478144758673,319778816,79925248,399704064
1478144913831,319778816,79925248,399704064
1478145068189,319778816,79925248,399704064
1478145222418,319778816,79925248,399704064
1478145378808,319778816,79925248,399704064
1478145534485,319778816,79925248,399704064
1478145685861,318566400,79925248,398491648
1478145840920,319803392,79925248,399728640
1478145989938,319807488,79929344,399736832
1478146150533,319807488,79925248,399732736
1478146304007,319807488,79925248,399732736
1478146458076,319807488,79925248,399732736
1478146610405,319807488,79925248,399732736
1478146763152,319807488,79925248,399732736
1478146918378,319807488,79925248,399732736
1478147069380,319807488,79925248,399732736
1478147230593,319807488,79925248,399732736
1478147379242,319807488,79925248,399732736
1478147535010,319807488,79925248,399732736
1478147691444,319807488,79925248,399732736
1478147845562,319807488,79925248,399732736
1478148000738,319807488,79925248,399732736
1478148153226,319807488,79925248,399732736
1478148308151,319807488,79925248,399732736
1478148463730,319807488,79925248,399732736
1478148616077,319807488,79925248,399732736
1478148768993,319807488,79925248,399732736
1478148925408,319807488,79925248,399732736
1478149081752,319807488,79925248,399732736
1478149233118,319807488,79925248,399732736
1478149388233,319807488,79925248,399732736
1478149539553,319807488,79925248,399732736
1478149696290,319807488,79925248,399732736
1478149848430,319807488,79925248,399732736
1478150002680,319807488,79925248,399732736
1478150157271,319807488,79925248,399732736
1478150313304,319807488,79925248,399732736
1478150468784,318603264,79925248,398528512
1478150623770,319807488,79925248,399732736
1478150778045,319807488,79925248,399732736
1478150794040,319811584,79929344,399740928
1478150932482,319811584,79925248,399736832
1478151088924,319811584,79925248,399736832
1478151243979,319811584,79925248,399736832
1478151398289,319811584,79925248,399736832
1478151552716,319811584,79925248,399736832
1478151708347,319811584,79925248,399736832
1478151863730,319811584,79925248,399736832
1478152019127,319811584,79925248,399736832
1478152170551,319811584,79925248,399736832
1478152330564,319811584,79925248,399736832
1478152491328,319811584,79925248,399736832
1478152646540,319811584,79925248,399736832
1478152801670,319811584,79925248,399736832
1478152956893,319811584,79925248,399736832
1478153111935,319811584,79925248,399736832
1478153268429,319811584,79925248,399736832
1478153422656,319811584,79925248,399736832
1478153577692,319811584,79925248,399736832
1478153733015,319811584,79925248,399736832
1478153887855,319811584,79925248,399736832
1478154043928,319811584,79925248,399736832
1478154199370,319811584,79925248,399736832
1478154353948,319811584,79925248,399736832
1478154509102,319811584,79925248,399736832
1478154663215,319811584,79925248,399736832
1478154818278,319811584,79925248,399736832
1478154973119,319811584,79925248,399736832
1478155127604,319811584,79925248,399736832
1478155282942,318623744,79925248,398548992
1478155438758,319823872,79925248,399749120
1478155594115,319823872,79925248,399749120
1478155615151,319827968,79929344,399757312
1478155748587,319827968,79925248,399753216
1478155902653,319827968,79925248,399753216
1478156057989,319827968,79925248,399753216
1478156213342,319827968,79925248,399753216
1478156368664,319827968,79925248,399753216
1478156524961,319827968,79925248,399753216
1478156679050,319827968,79925248,399753216
1478156841169,319827968,79925248,399753216
1478156990964,319827968,79925248,399753216
1478157145163,319827968,79925248,399753216
1478157301202,319827968,79925248,399753216
1478157455248,319827968,79925248,399753216
1478157610659,319827968,79925248,399753216
1478157766390,319827968,79925248,399753216
1478157921220,319827968,79925248,399753216
1478158076974,319827968,79925248,399753216
1478158232273,319827968,79925248,399753216
1478158387742,319827968,79925248,399753216
1478158542191,319827968,79925248,399753216
1478158697204,319827968,79925248,399753216
1478158852429,319827968,79925248,399753216
1478159007575,319827968,79925248,399753216
1478159162610,319827968,79925248,399753216
1478159317820,319827968,79925248,399753216
1478159474185,319827968,79925248,399753216
1478159633356,319827968,79925248,399753216
1478159788091,319827968,79925248,399753216
1478159943823,319827968,79925248,399753216
1478160098970,318930944,79925248,398856192
1478160254595,319815680,79925248,399740928
1478160408795,319815680,79925248,399740928
1478160428628,319819776,79929344,399749120
1478160564002,319819776,79925248,399745024
1478160719380,319819776,79925248,399745024
1478160875416,319819776,79925248,399745024
1478161034844,319819776,79925248,399745024
1478161190269,319819776,79925248,399745024
1478161346877,319819776,79925248,399745024
1478161500831,319819776,79925248,399745024
1478161656090,319819776,79925248,399745024
1478161810965,319819776,79925248,399745024
1478161966221,319819776,79925248,399745024
1478162123445,319819776,79925248,399745024
1478162277112,319819776,79925248,399745024
1478162432482,319819776,79925248,399745024
1478162587007,319819776,79925248,399745024
1478162742259,319819776,79925248,399745024
1478162897587,319819776,79925248,399745024
1478163053006,319819776,79925248,399745024
1478163209330,319819776,79925248,399745024
1478163363070,319819776,79925248,399745024
1478163518407,319819776,79925248,399745024
1478163673772,319819776,79925248,399745024
1478163835038,319819776,79925248,399745024
1478163989388,319819776,79925248,399745024
1478164145297,319819776,79925248,399745024
1478164299357,319819776,79925248,399745024
1478164454437,319819776,79925248,399745024
1478164610556,319819776,79925248,399745024
1478164764767,319819776,79925248,399745024
1478164919847,318615552,79925248,398540800
1478165076456,319873024,79925248,399798272
1478165231709,319873024,79925248,399798272
1478165246381,319877120,79929344,399806464
1478165386485,319877120,79925248,399802368
1478165542170,319877120,79925248,399802368
1478165696662,319877120,79925248,399802368
1478165852004,319877120,79925248,399802368
1478166007720,319877120,79925248,399802368
1478166159242,319877120,79925248,399802368
1478166314768,319877120,79925248,399802368
1478166475489,319877120,79925248,399802368
1478166624733,319877120,79925248,399802368
1478166780221,319877120,79925248,399802368
1478166935801,319877120,79925248,399802368
1478167090619,319877120,79925248,399802368
1478167245616,319877120,79925248,399802368
1478167402660,319877120,79925248,399802368
1478167556832,319877120,79925248,399802368
1478167712792,319877120,79925248,399802368
1478167869764,319877120,79925248,399802368
1478168022860,319877120,79925248,399802368
1478168178122,319877120,79925248,399802368
1478168333702,319877120,79925248,399802368
1478168485232,319877120,79925248,399802368
1478168640795,319877120,79925248,399802368
1478168795559,319877120,79925248,399802368
1478168948007,319877120,79925248,399802368
1478169099821,319877120,79925248,399802368
1478169254690,319877120,79925248,399802368
1478169409129,319877120,79925248,399802368
1478169564782,319877120,79925248,399802368
1478169716761,318636032,79925248,398561280
1478169872291,322039808,79925248,401965056
1478170031445,322039808,79925248,401965056
1478170064285,322043904,79929344,401973248
1478170185715,322043904,79925248,401969152
1478170341149,322043904,79925248,401969152
1478170496585,322043904,79925248,401969152
1478170650742,322043904,79925248,401969152
1478170807433,322043904,79925248,401969152
1478170960006,322043904,79925248,401969152
1478171112863,322043904,79925248,401969152
1478171268405,322043904,79925248,401969152
1478171425511,322043904,79925248,401969152
1478171580946,322043904,79925248,401969152
1478171735176,322043904,79925248,401969152
1478171889698,322043904,79925248,401969152
1478172043856,322043904,79925248,401969152
1478172200135,322043904,79925248,401969152
1478172354512,322043904,79925248,401969152
1478172515695,322043904,79925248,401969152
1478172670123,322043904,79925248,401969152
1478172826783,322043904,79925248,401969152
1478172981808,322043904,79925248,401969152
1478173136194,322043904,79925248,401969152
1478173290889,322043904,79925248,401969152
1478173446636,322043904,79925248,401969152
1478173601827,322043904,79925248,401969152
1478173758267,322043904,79925248,401969152
1478173912818,322043904,79925248,401969152
1478174065269,322043904,79925248,401969152
1478174220323,322043904,79925248,401969152
1478174375774,322043904,79925248,401969152
1478174534987,320815104,79925248,400740352
1478174691281,322068480,79925248,401993728
1478174846747,322068480,79925248,401993728
1478174923197,322076672,79929344,402006016
1478175002600,322076672,79925248,402001920
1478175161175,322076672,79925248,402001920
1478175316373,322076672,79925248,402001920
1478175473625,322076672,79925248,402001920
1478175633639,322076672,79925248,402001920
1478175788240,322076672,79925248,402001920
1478175939925,322076672,79925248,402001920
1478176098476,322076672,79925248,402001920
1478176248527,322076672,79925248,402001920
1478176404306,322076672,79925248,402001920
1478176558436,322076672,79925248,402001920
1478176710249,322076672,79925248,402001920
1478176865403,322076672,79925248,402001920
1478177022042,322076672,79925248,402001920
1478177175132,322076672,79925248,402001920
1478177336272,322076672,79925248,402001920
1478177491686,322076672,79925248,402001920
1478177646811,322076672,79925248,402001920
1478177802633,322076672,79925248,402001920
1478177953629,322076672,79925248,402001920
1478178107607,322076672,79925248,402001920
1478178262102,322076672,79925248,402001920
1478178417460,322076672,79925248,402001920
1478178573135,322076672,79925248,402001920
1478178728018,322076672,79925248,402001920
1478178884026,322076672,79925248,402001920
1478179038966,322076672,79925248,402001920
1478179194592,322076672,79925248,402001920
1478179349472,320868352,79925248,400793600
1478179502994,322174976,79925248,402100224
1478179657215,322211840,79925248,402137088
1478179780450,322228224,79929344,402157568
1478179969134,322228224,79925248,402153472
1478180124039,322228224,79925248,402153472
1478180279228,322228224,79925248,402153472
1478180434387,322228224,79925248,402153472
1478180589116,322228224,79925248,402153472
1478180744937,322228224,79925248,402153472
1478180901231,322228224,79925248,402153472
1478181054962,322228224,79925248,402153472
1478181207437,322228224,79925248,402153472
1478181363104,322228224,79925248,402153472
1478181524268,322228224,79925248,402153472
1478181680023,322228224,79925248,402153472
1478181835127,322228224,79925248,402153472
1478181990281,322228224,79925248,402153472
1478182151989,322228224,79925248,402153472
1478182305323,322228224,79925248,402153472
1478182459935,322228224,79925248,402153472
1478182615025,322228224,79925248,402153472
1478182767763,322228224,79925248,402153472
1478182925202,322228224,79925248,402153472
1478183080590,322228224,79925248,402153472
1478183236670,322228224,79925248,402153472
1478183390058,322228224,79925248,402153472
1478183545650,322228224,79925248,402153472
1478183700790,322228224,79925248,402153472
1478183855757,322228224,79925248,402153472
1478184011899,322228224,79925248,402153472
1478184166190,322273280,79925248,402198528
1478184323226,322273280,79925248,402198528
1478184439084,322289664,79929344,402219008
1478184631770,322289664,79925248,402214912
1478184786776,322289664,79925248,402214912
1478184942284,322289664,79925248,402214912
1478185097226,322289664,79925248,402214912
1478185252265,322289664,79925248,402214912
1478185407447,322289664,79925248,402214912
1478185564326,322289664,79925248,402214912
1478185718702,322289664,79925248,402214912
1478185875205,322289664,79925248,402214912
1478186040610,322289664,79925248,402214912
1478186191561,322289664,79925248,402214912
1478186343149,322289664,79925248,402214912
1478186497144,322289664,79925248,402214912
1478186651642,322289664,79925248,402214912
1478186806853,322289664,79925248,402214912
1478186961705,322289664,79925248,402214912
1478187118269,322289664,79925248,402214912
1478187274029,322289664,79925248,402214912
1478187433907,322289664,79925248,402214912
1478187587977,322289664,79925248,402214912
1478187744704,322289664,79925248,402214912
1478187898539,322289664,79925248,402214912
1478188051800,322289664,79925248,402214912
1478188205670,322289664,79925248,402214912
1478188358967,322289664,79925248,402214912
1478188512686,322289664,79925248,402214912
1478188668568,322289664,79925248,402214912
1478188823232,322289664,79925248,402214912
1478188978513,322338816,79925248,402264064
1478189133980,322338816,79925248,402264064
1478189220027,322351104,79929344,402280448
1478189290469,322351104,79925248,402276352
1478189445593,322351104,79925248,402276352
1478189600771,322351104,79925248,402276352
1478189756616,322351104,79925248,402276352
1478189912045,322351104,79925248,402276352
1478190068410,322351104,79925248,402276352
1478190222997,322351104,79925248,402276352
1478190379813,322351104,79925248,402276352
1478190535163,322351104,79925248,402276352
1478190690192,322351104,79925248,402276352
1478190846044,322351104,79925248,402276352
1478191001140,322351104,79925248,402276352
1478191156039,322351104,79925248,402276352
1478191311131,322351104,79925248,402276352
1478191466354,322351104,79925248,402276352
1478191621806,322351104,79925248,402276352
1478191778637,322351104,79925248,402276352
1478191932212,322351104,79925248,402276352
1478192087062,322351104,79925248,402276352
1478192239571,322351104,79925248,402276352
1478192395139,322351104,79925248,402276352
1478192548240,322351104,79925248,402276352
1478192704902,322351104,79925248,402276352
1478192859099,322351104,79925248,402276352
1478193014381,322351104,79925248,402276352
1478193168134,322351104,79925248,402276352
1478193323931,322351104,79925248,402276352
1478193476309,322351104,79925248,402276352
1478193635885,322351104,79925248,402276352
1478193791450,322465792,79925248,402391040
1478193947646,322465792,79925248,402391040
1478194041306,322854912,79929344,402784256
1478194099853,322854912,79925248,402780160
1478194254901,322854912,79925248,402780160
1478194408005,322854912,79925248,402780160
1478194559012,322854912,79925248,402780160
1478194714679,322854912,79925248,402780160
1478194870821,322854912,79925248,402780160
1478195025013,322854912,79925248,402780160
1478195178950,322854912,79925248,402780160
1478195333934,322854912,79925248,402780160
1478195489632,322854912,79925248,402780160
1478195649208,322854912,79925248,402780160
1478195800801,322854912,79925248,402780160
1478195954892,322854912,79925248,402780160
1478196115536,322854912,79925248,402780160
1478196270489,322854912,79925248,402780160
1478196425649,322854912,79925248,402780160
1478196581241,322854912,79925248,402780160
1478196736361,322854912,79925248,402780160
1478196891639,322854912,79925248,402780160
1478197047062,322854912,79925248,402780160
1478197202532,322854912,79925248,402780160
1478197357441,322854912,79925248,402780160
1478197513453,322854912,79925248,402780160
1478197668999,322854912,79925248,402780160
1478197824307,322854912,79925248,402780160
1478197980445,322854912,79925248,402780160
1478198135606,322854912,79925248,402780160
1478198289942,322854912,79925248,402780160
1478198445233,322854912,79925248,402780160
1478198598044,322637824,79925248,402563072
1478198753568,322637824,79925248,402563072
1478198827536,322650112,79929344,402579456
1478198909722,322650112,79925248,402575360
1478199066374,322650112,79925248,402575360
1478199219415,322650112,79925248,402575360
1478199374211,322650112,79925248,402575360
1478199534397,322650112,79925248,402575360
1478199686711,322650112,79925248,402575360
1478199842154,322650112,79925248,402575360
1478199997223,322650112,79925248,402575360
1478200152086,322650112,79925248,402575360
1478200306152,322650112,79925248,402575360
1478200461344,322650112,79925248,402575360
1478200616162,322650112,79925248,402575360
1478200768984,322650112,79925248,402575360
1478200923255,322650112,79925248,402575360
1478201079580,322650112,79925248,402575360
1478201235051,322650112,79925248,402575360
1478201389459,322650112,79925248,402575360
1478201545451,322650112,79925248,402575360
1478201700754,322650112,79925248,402575360
1478201855108,322650112,79925248,402575360
1478202010639,322650112,79925248,402575360
1478202165493,322650112,79925248,402575360
1478202321494,322650112,79925248,402575360
1478202475489,322650112,79925248,402575360
1478202637277,322650112,79925248,402575360
1478202791195,322650112,79925248,402575360
1478202944253,322650112,79925248,402575360
1478203100715,322650112,79925248,402575360
1478203253520,322650112,79925248,402575360
1478203410467,322686976,79925248,402612224
1478203564938,322686976,79925248,402612224
1478203634384,322699264,79929344,402628608
1478203719714,322699264,79925248,402624512
1478203874671,322699264,79925248,402624512
1478204033884,322699264,79925248,402624512
1478204188769,322699264,79925248,402624512
1478204344461,322699264,79925248,402624512
1478204500908,322699264,79925248,402624512
1478204655216,322699264,79925248,402624512
1478204810547,322699264,79925248,402624512
1478204966324,322699264,79925248,402624512
1478205120681,322699264,79925248,402624512
1478205283858,322699264,79925248,402624512
1478205436234,322699264,79925248,402624512
1478205590135,322699264,79925248,402624512
1478205745940,322699264,79925248,402624512
1478205901033,322699264,79925248,402624512
1478206054458,322699264,79925248,402624512
1478206206541,322699264,79925248,402624512
1478206361446,322699264,79925248,402624512
1478206514959,322699264,79925248,402624512
1478206669466,322699264,79925248,402624512
1478206824449,322699264,79925248,402624512
1478206979735,322699264,79925248,402624512
1478207134880,322699264,79925248,402624512
1478207288873,322699264,79925248,402624512
1478207443714,322699264,79925248,402624512
1478207594910,322699264,79925248,402624512
1478207749870,322699264,79925248,402624512
1478207902885,322699264,79925248,402624512
1478208057381,321556480,79925248,401481728
1478208212742,322777088,79925248,402702336
1478208369061,322777088,79925248,402702336
1478208450962,323784704,79929344,403714048
1478208524047,323784704,79925248,403709952
1478208679630,323784704,79925248,403709952
1478208835230,323784704,79925248,403709952
1478208990561,323784704,79925248,403709952
1478209145849,323784704,79925248,403709952
1478209301238,323784704,79925248,403709952
1478209457678,323784704,79925248,403709952
1478209613128,323784704,79925248,403709952
1478209769315,323784704,79925248,403709952
1478209923924,323784704,79925248,403709952
1478210079612,323784704,79925248,403709952
1478210234260,323784704,79925248,403709952
1478210388929,323784704,79925248,403709952
1478210544508,323784704,79925248,403709952
1478210699425,323784704,79925248,403709952
1478210854575,323784704,79925248,403709952
1478211009660,323784704,79925248,403709952
1478211165538,323784704,79925248,403709952
1478211320632,323784704,79925248,403709952
1478211475534,323784704,79925248,403709952
1478211635165,323784704,79925248,403709952
1478211791916,323784704,79925248,403709952
1478211945834,323784704,79925248,403709952
1478212102479,323784704,79925248,403709952
1478212254305,323784704,79925248,403709952
1478212410487,323784704,79925248,403709952
1478212566022,323784704,79925248,403709952
1478212718574,323784704,79925248,403709952
1478212872856,322584576,79925248,402509824
1478213033869,322781184,79925248,402706432
1478213188463,322781184,79925248,402706432
1478213214845,322785280,79929344,402714624
1478213342866,322785280,79925248,402710528
1478213498582,322785280,79925248,402710528
1478213654326,322785280,79925248,402710528
1478213808580,322785280,79925248,402710528
1478213965540,322785280,79925248,402710528
1478214121205,322785280,79925248,402710528
1478214275795,322785280,79925248,402710528
1478214434209,322785280,79925248,402710528
1478214590169,322785280,79925248,402710528
1478214749526,322785280,79925248,402710528
1478214899930,322785280,79925248,402710528
1478215054924,322785280,79925248,402710528
1478215210681,322785280,79925248,402710528
1478215367930,322785280,79925248,402710528
1478215522005,322785280,79925248,402710528
1478215676727,322785280,79925248,402710528
1478215837155,322785280,79925248,402710528
1478215993779,322785280,79925248,402710528
1478216147976,322785280,79925248,402710528
1478216301834,322785280,79925248,402710528
1478216455837,322785280,79925248,402710528
1478216612891,322785280,79925248,402710528
1478216765190,322785280,79925248,402710528
1478216920830,322785280,79925248,402710528
1478217075255,322785280,79925248,402710528
1478217230358,322785280,79925248,402710528
1478217385509,322785280,79925248,402710528
1478217535964,322785280,79925248,402710528
1478217688611,321581056,79925248,401506304
1478217845109,322822144,79925248,402747392
1478217988176,322830336,79929344,402759680
1478218155075,322830336,79925248,402755584
1478218311761,322830336,79925248,402755584
1478218467208,322830336,79925248,402755584
1478218622229,322830336,79925248,402755584
1478218778597,322830336,79925248,402755584
1478218934254,322830336,79925248,402755584
1478219089691,322830336,79925248,402755584
1478219244409,322830336,79925248,402755584
1478219395824,322830336,79925248,402755584
1478219552006,322830336,79925248,402755584
1478219706842,322830336,79925248,402755584
1478219860202,322830336,79925248,402755584
1478220016164,322830336,79925248,402755584
1478220170425,322830336,79925248,402755584
1478220322118,322830336,79925248,402755584
1478220478244,322830336,79925248,402755584
1478220634338,322830336,79925248,402755584
1478220788355,322830336,79925248,402755584
1478220944572,322830336,79925248,402755584
1478221100012,322830336,79925248,402755584
1478221254497,322830336,79925248,402755584
1478221408744,322830336,79925248,402755584
1478221563537,322830336,79925248,402755584
1478221718651,322830336,79925248,402755584
1478221874376,322830336,79925248,402755584
1478222029623,322830336,79925248,402755584
1478222187550,322830336,79925248,402755584
1478222343887,322830336,79925248,402755584
1478222498799,321589248,79925248,401514496
1478222654199,322822144,79925248,402747392
1478222804345,322826240,79929344,402755584
1478222963779,322826240,79925248,402751488
1478223118728,322826240,79925248,402751488
1478223274420,322826240,79925248,402751488
1478223429444,322826240,79925248,402751488
1478223584897,322826240,79925248,402751488
1478223739400,322826240,79925248,402751488
1478223895266,322826240,79925248,402751488
1478224049377,322826240,79925248,402751488
1478224204661,322826240,79925248,402751488
1478224359841,322826240,79925248,402751488
1478224515174,322826240,79925248,402751488
1478224674458,322826240,79925248,402751488
1478224825000,322826240,79925248,402751488
1478224980368,322826240,79925248,402751488
1478225135916,322826240,79925248,402751488
1478225290872,322826240,79925248,402751488
1478225445630,322826240,79925248,402751488
1478225601082,322826240,79925248,402751488
1478225756646,322826240,79925248,402751488
1478225912012,322826240,79925248,402751488
1478226066496,322826240,79925248,402751488
1478226221505,322826240,79925248,402751488
1478226376508,322826240,79925248,402751488
1478226536798,322826240,79925248,402751488
1478226692128,322826240,79925248,402751488
1478226847287,322826240,79925248,402751488
1478227003663,322826240,79925248,402751488
1478227158538,322826240,79925248,402751488
1478227310521,321593344,79925248,401518592
1478227464862,322809856,79925248,402735104
1478227621361,322813952,79929344,402743296
1478227775698,322813952,79925248,402739200
1478227936001,322813952,79925248,402739200
1478228091012,322813952,79925248,402739200
1478228245937,322813952,79925248,402739200
1478228400986,322813952,79925248,402739200
1478228556336,322813952,79925248,402739200
1478228712035,322813952,79925248,402739200
1478228867482,322813952,79925248,402739200
1478229022904,322813952,79925248,402739200
1478229177731,322813952,79925248,402739200
1478229333592,322813952,79925248,402739200
1478229484805,322813952,79925248,402739200
1478229639166,322813952,79925248,402739200
1478229794823,322813952,79925248,402739200
1478229949756,322813952,79925248,402739200
1478230106266,322813952,79925248,402739200
1478230260834,322813952,79925248,402739200
1478230415148,322813952,79925248,402739200
1478230569527,322813952,79925248,402739200
1478230726615,322813952,79925248,402739200
1478230880851,322813952,79925248,402739200
1478231037029,322813952,79925248,402739200
1478231190453,322813952,79925248,402739200
1478231345358,322813952,79925248,402739200
1478231499372,322813952,79925248,402739200
1478231654964,322813952,79925248,402739200
1478231808601,322813952,79925248,402739200
1478231964113,322813952,79925248,402739200
1478232120386,321593344,79925248,401518592
1478232275387,322838528,79925248,402763776
1478232432836,322842624,79929344,402771968
1478232591508,322842624,79925248,402767872
1478232746588,322842624,79925248,402767872
1478232901382,322842624,79925248,402767872
1478233055627,322842624,79925248,402767872
1478233211057,322842624,79925248,402767872
1478233366733,322842624,79925248,402767872
1478233521949,322842624,79925248,402767872
1478233676996,322842624,79925248,402767872
1478233833262,322842624,79925248,402767872
1478233987675,322842624,79925248,402767872
1478234141965,322842624,79925248,402767872
1478234295290,322842624,79925248,402767872
1478234450303,322842624,79925248,402767872
1478234612432,322842624,79925248,402767872
1478234758625,322842624,79925248,402767872
1478234913789,322842624,79925248,402767872
1478235070006,322842624,79925248,402767872
1478235225826,322842624,79925248,402767872
1478235381018,322842624,79925248,402767872
1478235535751,322842624,79925248,402767872
1478235689705,322842624,79925248,402767872
1478235843493,322842624,79925248,402767872
1478236000510,322842624,79925248,402767872
1478236155222,322842624,79925248,402767872
1478236309429,322842624,79925248,402767872
1478236463931,322842624,79925248,402767872
1478236620340,322842624,79925248,402767872
1478236774964,322842624,79925248,402767872
1478236936135,321638400,79925248,401563648
1478237090220,322875392,79925248,402800640
1478237244799,322875392,79925248,402800640
1478237250364,322879488,79929344,402808832
1478237399749,322879488,79925248,402804736
1478237551109,322879488,79925248,402804736
1478237705539,322879488,79925248,402804736
1478237861761,322879488,79925248,402804736
1478238015296,322879488,79925248,402804736
1478238172001,322879488,79925248,402804736
1478238327151,322879488,79925248,402804736
1478238480171,322879488,79925248,402804736
1478238636068,322879488,79925248,402804736
1478238787759,322879488,79925248,402804736
1478238943018,322879488,79925248,402804736
1478239095224,322879488,79925248,402804736
1478239250112,322879488,79925248,402804736
1478239405235,322879488,79925248,402804736
1478239564931,322879488,79925248,402804736
1478239719516,322879488,79925248,402804736
1478239873782,322879488,79925248,402804736
1478240029193,322879488,79925248,402804736
1478240184421,322879488,79925248,402804736
1478240337141,322879488,79925248,402804736
1478240492231,322879488,79925248,402804736
1478240647484,322879488,79925248,402804736
1478240802807,322879488,79925248,402804736
1478240957803,322879488,79925248,402804736
1478241111493,322879488,79925248,402804736
1478241264280,322879488,79925248,402804736
1478241418878,322879488,79925248,402804736
1478241575792,322879488,79925248,402804736
1478241730801,321642496,79925248,401567744
1478241880273,322846720,79925248,402771968
1478242035775,322846720,79925248,402771968
1478242055409,322850816,79929344,402780160
1478242191317,322850816,79925248,402776064
1478242345538,322850816,79925248,402776064
1478242496628,322850816,79925248,402776064
1478242649160,322850816,79925248,402776064
1478242804917,322850816,79925248,402776064
1478242959122,322850816,79925248,402776064
1478243115056,322850816,79925248,402776064
1478243270068,322850816,79925248,402776064
1478243425463,322850816,79925248,402776064
1478243579685,322850816,79925248,402776064
1478243734778,322850816,79925248,402776064
1478243889819,322850816,79925248,402776064
1478244045300,322850816,79925248,402776064
1478244206250,322850816,79925248,402776064
1478244356082,322850816,79925248,402776064
1478244510816,322850816,79925248,402776064
1478244663730,322850816,79925248,402776064
1478244818302,322850816,79925248,402776064
1478244973453,322850816,79925248,402776064
1478245134706,322850816,79925248,402776064
1478245285140,322850816,79925248,402776064
1478245440535,322850816,79925248,402776064
1478245596004,322850816,79925248,402776064
1478245752466,322850816,79925248,402776064
1478245906340,322850816,79925248,402776064
1478246059699,322850816,79925248,402776064
1478246214599,322850816,79925248,402776064
1478246366814,322850816,79925248,402776064
1478246522267,321642496,79925248,401567744
1478246677716,322887680,79925248,402812928
1478246833660,322887680,79925248,402812928
1478246848431,322891776,79929344,402821120
1478246989331,322891776,79925248,402817024
1478247143577,322891776,79925248,402817024
1478247300118,322891776,79925248,402817024
1478247455091,322891776,79925248,402817024
1478247611329,322891776,79925248,402817024
1478247765124,322891776,79925248,402817024
1478247920146,322891776,79925248,402817024
1478248076964,322891776,79925248,402817024
1478248235738,322891776,79925248,402817024
1478248390524,322891776,79925248,402817024
1478248545300,322891776,79925248,402817024
1478248701194,322891776,79925248,402817024
1478248854061,322891776,79925248,402817024
1478249009390,322891776,79925248,402817024
1478249164218,322891776,79925248,402817024
1478249320436,322891776,79925248,402817024
1478249476222,322891776,79925248,402817024
1478249632093,322891776,79925248,402817024
1478249784107,322891776,79925248,402817024
1478249940317,322891776,79925248,402817024
1478250094476,322891776,79925248,402817024
1478250250014,322891776,79925248,402817024
1478250404767,322891776,79925248,402817024
1478250561323,322891776,79925248,402817024
1478250715181,322891776,79925248,402817024
1478250870859,322891776,79925248,402817024
1478251026030,322891776,79925248,402817024
1478251180464,322891776,79925248,402817024
1478251335611,321650688,79925248,401575936
1478251492475,322854912,79925248,402780160
1478251646701,322854912,79925248,402780160
1478251657447,322859008,79929344,402788352
1478251801547,322859008,79925248,402784256
1478251954662,322859008,79925248,402784256
1478252110721,322859008,79925248,402784256
1478252264861,322859008,79925248,402784256
1478252420482,322859008,79925248,402784256
1478252578171,322859008,79925248,402784256
1478252734681,322859008,79925248,402784256
1478252887268,322859008,79925248,402784256
1478253038683,322859008,79925248,402784256
1478253191992,322859008,79925248,402784256
1478253347175,322859008,79925248,402784256
1478253500107,322859008,79925248,402784256
1478253663299,322859008,79925248,402784256
1478253811050,322859008,79925248,402784256
1478253965445,322859008,79925248,402784256
1478254121014,322859008,79925248,402784256
1478254280713,322859008,79925248,402784256
1478254436571,322859008,79925248,402784256
1478254592829,322859008,79925248,402784256
1478254747064,322859008,79925248,402784256
1478254901982,322859008,79925248,402784256
1478255057161,322859008,79925248,402784256
1478255212443,322859008,79925248,402784256
1478255367559,322859008,79925248,402784256
1478255522924,322859008,79925248,402784256
1478255677885,322859008,79925248,402784256
1478255834605,322859008,79925248,402784256
1478255984321,322859008,79925248,402784256
1478256140950,321658880,79925248,401584128
1478256295796,322859008,79925248,402784256
1478256448549,322859008,79925248,402784256
1478256457094,322867200,79929344,402796544
1478256602977,322867200,79925248,402792448
1478256758845,322867200,79925248,402792448
1478256911601,322867200,79925248,402792448
1478257065546,322867200,79925248,402792448
1478257221532,322867200,79925248,402792448
1478257372193,322867200,79925248,402792448
1478257524619,322867200,79925248,402792448
1478257680851,322867200,79925248,402792448
1478257834617,322867200,79925248,402792448
1478257990068,322867200,79925248,402792448
1478258146104,322867200,79925248,402792448
1478258301058,322867200,79925248,402792448
1478258454406,322867200,79925248,402792448
1478258610339,322867200,79925248,402792448
1478258764949,322867200,79925248,402792448
1478258919873,322867200,79925248,402792448
1478259075089,322867200,79925248,402792448
1478259231169,322867200,79925248,402792448
1478259386593,322867200,79925248,402792448
1478259539983,322867200,79925248,402792448
1478259694442,322867200,79925248,402792448
1478259850249,322867200,79925248,402792448
1478260004636,322867200,79925248,402792448
1478260160145,322867200,79925248,402792448
1478260315337,322867200,79925248,402792448
1478260470442,322867200,79925248,402792448
1478260626239,322867200,79925248,402792448
1478260780906,322867200,79925248,402792448
1478260935826,321785856,79925248,401711104
1478261092026,322867200,79925248,402792448
1478261246013,322867200,79925248,402792448
1478261258534,322871296,79929344,402800640
1478261402936,322871296,79925248,402796544
1478261556934,322871296,79925248,402796544
1478261711626,322871296,79925248,402796544
1478261867549,322871296,79925248,402796544
1478262023461,322871296,79925248,402796544
1478262174811,322871296,79925248,402796544
1478262335730,322871296,79925248,402796544
1478262489391,322871296,79925248,402796544
1478262643801,322871296,79925248,402796544
1478262796830,322871296,79925248,402796544
1478262950681,322871296,79925248,402796544
1478263110962,322871296,79925248,402796544
1478263259547,322871296,79925248,402796544
1478263416420,322871296,79925248,402796544
1478263571711,322871296,79925248,402796544
1478263725831,322871296,79925248,402796544
1478263882261,322871296,79925248,402796544
1478264038071,322871296,79925248,402796544
1478264191046,322871296,79925248,402796544
1478264344626,322871296,79925248,402796544
1478264501190,322871296,79925248,402796544
1478264655249,322871296,79925248,402796544
1478264810897,322871296,79925248,402796544
1478264966166,322871296,79925248,402796544
1478265120312,322871296,79925248,402796544
1478265276662,322871296,79925248,402796544
1478265436857,322871296,79925248,402796544
1478265590354,322871296,79925248,402796544
1478265746219,321662976,79925248,401588224
1478265901417,322875392,79925248,402800640
1478266056580,322875392,79925248,402800640
1478266078528,322879488,79929344,402808832
1478266210788,322879488,79925248,402804736
1478266367824,322879488,79925248,402804736
1478266522898,322879488,79925248,402804736
1478266675673,322879488,79925248,402804736
1478266837320,322879488,79925248,402804736
1478266987500,322879488,79925248,402804736
1478267143191,322879488,79925248,402804736
1478267296224,322879488,79925248,402804736
1478267450360,322879488,79925248,402804736
1478267607196,322879488,79925248,402804736
1478267760579,322879488,79925248,402804736
1478267916691,322879488,79925248,402804736
1478268072464,322879488,79925248,402804736
1478268227986,322879488,79925248,402804736
1478268383120,322879488,79925248,402804736
1478268539111,322879488,79925248,402804736
1478268691554,322879488,79925248,402804736
1478268845736,322879488,79925248,402804736
1478268999880,322879488,79925248,402804736
1478269155304,322879488,79925248,402804736
1478269309680,322879488,79925248,402804736
1478269464726,322879488,79925248,402804736
1478269621892,322879488,79925248,402804736
1478269778796,322879488,79925248,402804736
1478269938290,322879488,79925248,402804736
1478270092948,322879488,79925248,402804736
1478270247799,322879488,79925248,402804736
1478270403956,322879488,79925248,402804736
1478270556113,321789952,79925248,401715200
1478270708001,322949120,79925248,402874368
1478270859714,322953216,79929344,402882560
1478271015927,322953216,79925248,402878464
1478271170122,322953216,79925248,402878464
1478271326715,322953216,79925248,402878464
1478271483281,322953216,79925248,402878464
1478271636233,322953216,79925248,402878464
1478271791081,322953216,79925248,402878464
1478271945906,322953216,79925248,402878464
1478272100387,322953216,79925248,402878464
1478272255658,322953216,79925248,402878464
1478272410518,322953216,79925248,402878464
1478272565446,322953216,79925248,402878464
1478272721024,322953216,79925248,402878464
1478272884131,322953216,79925248,402878464
1478273036250,322953216,79925248,402878464
1478273189542,322953216,79925248,402878464
1478273353524,322953216,79925248,402878464
1478273508407,322953216,79925248,402878464
1478273664043,322953216,79925248,402878464
1478273818623,322953216,79925248,402878464
1478273974206,322953216,79925248,402878464
1478274135159,322953216,79925248,402878464
1478274290054,322953216,79925248,402878464
1478274446379,322953216,79925248,402878464
1478274601380,322953216,79925248,402878464
1478274755226,322953216,79925248,402878464
1478274910697,322953216,79925248,402878464
1478275066742,322953216,79925248,402878464
1478275222005,322953216,79925248,402878464
1478275376362,322912256,79925248,402837504
1478275536400,322912256,79925248,402837504
1478275581359,322916352,79929344,402845696
1478275692544,322916352,79925248,402841600
1478275847299,322916352,79925248,402841600
1478276002535,322916352,79925248,402841600
1478276158506,322916352,79925248,402841600
1478276312613,322916352,79925248,402841600
1478276467745,322916352,79925248,402841600
1478276624021,322916352,79925248,402841600
1478276777950,322916352,79925248,402841600
1478276935822,322916352,79925248,402841600
1478277091528,322916352,79925248,402841600
1478277245210,322916352,79925248,402841600
1478277400579,322916352,79925248,402841600
1478277556317,322916352,79925248,402841600
1478277708321,322916352,79925248,402841600
1478277861697,322916352,79925248,402841600
1478278016223,322916352,79925248,402841600
1478278170336,322916352,79925248,402841600
1478278326519,322916352,79925248,402841600
1478278483177,322916352,79925248,402841600
1478278637134,322916352,79925248,402841600
1478278791087,322916352,79925248,402841600
1478278947219,322916352,79925248,402841600
1478279100221,322916352,79925248,402841600
1478279254290,322916352,79925248,402841600
1478279409288,322916352,79925248,402841600
1478279564307,322916352,79925248,402841600
1478279719591,322916352,79925248,402841600
1478279874402,322916352,79925248,402841600
1478280035048,322916352,79925248,402841600
1478280192713,322916352,79925248,402841600
1478280346600,322916352,79925248,402841600
1478280397263,322920448,79929344,402849792
1478280501643,322920448,79925248,402845696
1478280655202,322920448,79925248,402845696
1478280810934,322920448,79925248,402845696
1478280965655,322920448,79925248,402845696
1478281121592,322920448,79925248,402845696
1478281275905,322920448,79925248,402845696
1478281425899,322920448,79925248,402845696
1478281580196,322920448,79925248,402845696
1478281735542,322920448,79925248,402845696
1478281891326,322920448,79925248,402845696
1478282044942,322920448,79925248,402845696
1478282200146,322920448,79925248,402845696
1478282361033,322920448,79925248,402845696
1478282523815,322920448,79925248,402845696
1478282670885,322920448,79925248,402845696
1478282826700,322920448,79925248,402845696
1478282982631,322920448,79925248,402845696
1478283136065,322920448,79925248,402845696
1478283292107,322920448,79925248,402845696
1478283447503,322920448,79925248,402845696
1478283601717,322920448,79925248,402845696
1478283758081,322920448,79925248,402845696
1478283913798,322920448,79925248,402845696
1478284067979,322920448,79925248,402845696
1478284223411,322920448,79925248,402845696
1478284378495,322920448,79925248,402845696
1478284534713,322920448,79925248,402845696
1478284688975,322920448,79925248,402845696
1478284844298,322920448,79925248,402845696
1478285000451,322957312,79925248,402882560
1478285154985,322957312,79925248,402882560
1478285184921,322961408,79929344,402890752
1478285311410,322961408,79925248,402886656
1478285466518,322961408,79925248,402886656
1478285621234,322961408,79925248,402886656
1478285776070,322961408,79925248,402886656
1478285932968,322961408,79925248,402886656
1478286084731,322961408,79925248,402886656
1478286241602,322961408,79925248,402886656
1478286395888,322961408,79925248,402886656
1478286550393,322961408,79925248,402886656
1478286705106,322961408,79925248,402886656
1478286856143,322961408,79925248,402886656
1478287010905,322961408,79925248,402886656
1478287165386,322961408,79925248,402886656
1478287320356,322961408,79925248,402886656
1478287476962,322961408,79925248,402886656
1478287632355,322961408,79925248,402886656
1478287786225,322961408,79925248,402886656
1478287940688,322961408,79925248,402886656
1478288096130,322961408,79925248,402886656
1478288251008,322961408,79925248,402886656
1478288407562,322961408,79925248,402886656
1478288561747,322961408,79925248,402886656
1478288716577,322961408,79925248,402886656
1478288871454,322961408,79925248,402886656
1478289025022,322961408,79925248,402886656
1478289180621,322961408,79925248,402886656
1478289335377,322961408,79925248,402886656
1478289490951,322961408,79925248,402886656
1478289646894,322961408,79925248,402886656
1478289802232,322924544,79925248,402849792
1478289956767,322924544,79925248,402849792
1478289999503,322928640,79929344,402857984
1478290112966,322928640,79925248,402853888
1478290266923,322928640,79925248,402853888
1478290423062,322928640,79925248,402853888
1478290577172,322928640,79925248,402853888
1478290737340,322928640,79925248,402853888
1478290893311,322928640,79925248,402853888
1478291047725,322928640,79925248,402853888
1478291202767,322928640,79925248,402853888
1478291357950,322928640,79925248,402853888
1478291513166,322928640,79925248,402853888
1478291668482,322928640,79925248,402853888
1478291823531,322928640,79925248,402853888
1478291979504,322928640,79925248,402853888
1478292139198,322928640,79925248,402853888
1478292288366,322928640,79925248,402853888
1478292442954,322928640,79925248,402853888
1478292598227,322928640,79925248,402853888
1478292753442,322928640,79925248,402853888
1478292909931,322928640,79925248,402853888
1478293062605,322928640,79925248,402853888
1478293214862,322928640,79925248,402853888
1478293369650,322928640,79925248,402853888
1478293524226,322928640,79925248,402853888
1478293679451,322928640,79925248,402853888
1478293834398,322928640,79925248,402853888
1478293995663,322928640,79925248,402853888
1478294150944,322928640,79925248,402853888
1478294307228,322928640,79925248,402853888
1478294460239,321732608,79925248,401657856
1478294614699,322940928,79925248,402866176
1478294765048,322949120,79929344,402878464
1478294923473,322949120,79925248,402874368
1478295075633,322949120,79925248,402874368
1478295236722,322949120,79925248,402874368
1478295389599,322949120,79925248,402874368
1478295544763,322949120,79925248,402874368
1478295697976,322949120,79925248,402874368
1478295853123,322949120,79925248,402874368
1478296005453,322949120,79925248,402874368
1478296159845,322949120,79925248,402874368
1478296317005,322949120,79925248,402874368
1478296471758,322949120,79925248,402874368
1478296626483,322949120,79925248,402874368
1478296780992,322949120,79925248,402874368
1478296937839,322949120,79925248,402874368
1478297091035,322949120,79925248,402874368
1478297247499,322949120,79925248,402874368
1478297400144,322949120,79925248,402874368
1478297555812,322949120,79925248,402874368
1478297712070,322949120,79925248,402874368
1478297866444,322949120,79925248,402874368
1478298021922,322949120,79925248,402874368
1478298177627,322949120,79925248,402874368
1478298338964,322949120,79925248,402874368
1478298490659,322949120,79925248,402874368
1478298645758,322949120,79925248,402874368
1478298798599,322949120,79925248,402874368
1478298951229,322949120,79925248,402874368
1478299105700,322949120,79925248,402874368
1478299259952,321728512,79925248,401653760
1478299422257,322945024,79925248,402870272
1478299576782,322949120,79929344,402878464
1478299738378,322949120,79925248,402874368
1478299890924,322949120,79925248,402874368
1478300046803,322949120,79925248,402874368
1478300201697,322949120,79925248,402874368
1478300355442,322949120,79925248,402874368
1478300507497,322949120,79925248,402874368
1478300660119,322949120,79925248,402874368
1478300812951,322949120,79925248,402874368
1478300963389,322949120,79925248,402874368
1478301120083,322949120,79925248,402874368
1478301275965,322949120,79925248,402874368
1478301428570,322949120,79925248,402874368
1478301581059,322949120,79925248,402874368
1478301736815,322949120,79925248,402874368
1478301894765,322949120,79925248,402874368
1478302039859,322949120,79925248,402874368
1478302194709,322949120,79925248,402874368
1478302346895,322949120,79925248,402874368
1478302497543,322949120,79925248,402874368
1478302650131,322949120,79925248,402874368
1478302805368,322949120,79925248,402874368
1478302960646,322949120,79925248,402874368
1478303116951,322949120,79925248,402874368
1478303273506,322949120,79925248,402874368
1478303426589,322949120,79925248,402874368
1478303581819,322949120,79925248,402874368
1478303736823,322949120,79925248,402874368
1478303892161,322949120,79925248,402874368
1478304046825,322949120,79925248,402874368
1478304202280,322981888,79925248,402907136
1478304357144,322981888,79925248,402907136
1478304393977,322985984,79929344,402915328
1478304512042,322985984,79925248,402911232
1478304667570,322985984,79925248,402911232
1478304822898,322985984,79925248,402911232
1478304977673,322985984,79925248,402911232
1478305137615,322985984,79925248,402911232
1478305292557,322985984,79925248,402911232
1478305448541,322985984,79925248,402911232
1478305602760,322985984,79925248,402911232
1478305757656,322985984,79925248,402911232
1478305912405,322985984,79925248,402911232
1478306067396,322985984,79925248,402911232
1478306222880,322985984,79925248,402911232
1478306378175,322985984,79925248,402911232
1478306538562,322985984,79925248,402911232
1478306694182,322985984,79925248,402911232
1478306846319,322985984,79925248,402911232
1478306998083,322985984,79925248,402911232
1478307154364,322985984,79925248,402911232
1478307309254,322985984,79925248,402911232
1478307465769,322985984,79925248,402911232
1478307617517,322985984,79925248,402911232
1478307769978,322985984,79925248,402911232
1478307924333,322985984,79925248,402911232
1478308079207,322985984,79925248,402911232
1478308235161,322985984,79925248,402911232
1478308385766,322985984,79925248,402911232
1478308538551,322985984,79925248,402911232
1478308694145,322985984,79925248,402911232
1478308845172,322985984,79925248,402911232
1478309001287,322981888,79925248,402907136
1478309156185,322981888,79925248,402907136
1478309167459,322985984,79929344,402915328
1478309310799,322985984,79925248,402911232
1478309466254,322985984,79925248,402911232
1478309621726,322985984,79925248,402911232
1478309777109,322985984,79925248,402911232
1478309937654,322985984,79925248,402911232
1478310093333,322985984,79925248,402911232
1478310247109,322985984,79925248,402911232
1478310402325,322985984,79925248,402911232
1478310557895,322985984,79925248,402911232
1478310713719,322985984,79925248,402911232
1478310869101,322985984,79925248,402911232
1478311024513,322985984,79925248,402911232
1478311179832,322985984,79925248,402911232
1478311339197,322985984,79925248,402911232
1478311498441,322985984,79925248,402911232
1478311648592,322985984,79925248,402911232
1478311801613,322985984,79925248,402911232
1478311959066,322985984,79925248,402911232
1478312112648,322985984,79925248,402911232
1478312267642,322985984,79925248,402911232
1478312422646,322985984,79925248,402911232
1478312577736,322985984,79925248,402911232
1478312737416,322985984,79925248,402911232
1478312894218,322985984,79925248,402911232
1478313048211,322985984,79925248,402911232
1478313202982,322985984,79925248,402911232
1478313358518,322985984,79925248,402911232
1478313516050,322985984,79925248,402911232
1478313669755,321798144,79925248,401723392
1478313824488,323002368,79925248,402927616
1478313979152,323002368,79925248,402927616
1478314010318,323006464,79929344,402935808
1478314135684,323006464,79925248,402931712
1478314291795,323006464,79925248,402931712
1478314448103,323006464,79925248,402931712
1478314601062,323006464,79925248,402931712
1478314756816,323006464,79925248,402931712
1478314912824,323006464,79925248,402931712
1478315067700,323006464,79925248,402931712
1478315222957,323006464,79925248,402931712
1478315377180,323006464,79925248,402931712
1478315531958,323006464,79925248,402931712
1478315686856,323006464,79925248,402931712
1478315842070,323006464,79925248,402931712
1478315997965,323006464,79925248,402931712
1478316152660,323006464,79925248,402931712
1478316307670,323006464,79925248,402931712
1478316467994,323006464,79925248,402931712
1478316623811,323006464,79925248,402931712
1478316778866,323006464,79925248,402931712
1478316933421,323006464,79925248,402931712
1478317085760,323006464,79925248,402931712
1478317238418,323006464,79925248,402931712
1478317393216,323006464,79925248,402931712
1478317549132,323006464,79925248,402931712
1478317703652,323006464,79925248,402931712
1478317859439,323006464,79925248,402931712
1478318015525,323006464,79925248,402931712
1478318166848,323006464,79925248,402931712
1478318321224,323006464,79925248,402931712
1478318477692,321781760,79925248,401707008
1478318636995,322985984,79925248,402911232
1478318793497,322985984,79925248,402911232
1478318815590,322990080,79929344,402919424
1478318948550,322990080,79925248,402915328
1478319104047,322990080,79925248,402915328
1478319255327,322990080,79925248,402915328
1478319410436,322990080,79925248,402915328
1478319566971,322990080,79925248,402915328
1478319721348,322990080,79925248,402915328
1478319877242,322990080,79925248,402915328
1478320038127,322990080,79925248,402915328
1478320192159,322990080,79925248,402915328
1478320347206,322990080,79925248,402915328
1478320502029,322990080,79925248,402915328
1478320657268,322990080,79925248,402915328
1478320812311,322990080,79925248,402915328
1478320967014,322990080,79925248,402915328
1478321127053,322990080,79925248,402915328
1478321277460,322990080,79925248,402915328
1478321437786,322990080,79925248,402915328
1478321593822,322990080,79925248,402915328
1478321748904,322990080,79925248,402915328
1478321903472,322990080,79925248,402915328
1478322054925,322990080,79925248,402915328
1478322210579,322990080,79925248,402915328
1478322362231,322990080,79925248,402915328
1478322517796,322990080,79925248,402915328
1478322673546,322990080,79925248,402915328
1478322828738,322990080,79925248,402915328
1478322983099,322990080,79925248,402915328
1478323136536,322990080,79925248,402915328
1478323292934,321785856,79925248,401711104
1478323448206,322990080,79925248,402915328
1478323602236,322990080,79925248,402915328
1478323660388,323985408,79929344,403914752
1478323763038,323985408,79925248,403910656
1478323917942,323985408,79925248,403910656
1478324074142,323985408,79925248,403910656
1478324228950,323985408,79925248,403910656
1478324384439,323985408,79925248,403910656
1478324538944,323985408,79925248,403910656
1478324694687,323985408,79925248,403910656
1478324850064,323985408,79925248,403910656
1478325005907,323985408,79925248,403910656
1478325156530,323985408,79925248,403910656
1478325312679,323985408,79925248,403910656
1478325467954,323985408,79925248,403910656
1478325627489,323985408,79925248,403910656
1478325778867,323985408,79925248,403910656
1478325939787,323985408,79925248,403910656
1478326092871,323985408,79925248,403910656
1478326247293,323985408,79925248,403910656
1478326401268,323985408,79925248,403910656
1478326555820,323985408,79925248,403910656
1478326712334,323985408,79925248,403910656
1478326868133,323985408,79925248,403910656
1478327021797,323985408,79925248,403910656
1478327176844,323985408,79925248,403910656
1478327336387,323985408,79925248,403910656
1478327493459,323985408,79925248,403910656
1478327647320,323985408,79925248,403910656
1478327802001,323985408,79925248,403910656
1478327956564,323985408,79925248,403910656
1478328112364,322781184,79925248,402706432
1478328266952,323022848,79925248,402948096
1478328416595,323026944,79929344,402956288
1478328577585,323026944,79925248,402952192
1478328734229,323026944,79925248,402952192
1478328885090,323026944,79925248,402952192
1478329040469,323026944,79925248,402952192
1478329195442,323026944,79925248,402952192
1478329351178,323026944,79925248,402952192
1478329511464,323026944,79925248,402952192
1478329666994,323026944,79867904,402894848
1478329821056,323026944,79867904,402894848
1478329977787,323026944,79867904,402894848
1478330138173,323026944,79867904,402894848
1478330292691,323026944,79867904,402894848
1478330448136,323026944,79867904,402894848
1478330603420,323026944,79867904,402894848
1478330755758,323026944,79867904,402894848
1478330918844,323026944,79867904,402894848
1478331065804,323026944,79867904,402894848
1478331221087,323026944,79867904,402894848
1478331382318,323026944,79867904,402894848
1478331535967,323026944,79867904,402894848
1478331691814,323026944,79867904,402894848
1478331844106,323026944,79867904,402894848
1478331999344,323026944,79867904,402894848
1478332152924,323026944,79867904,402894848
1478332308194,323026944,79867904,402894848
1478332461933,323026944,79867904,402894848
1478332617722,323026944,79867904,402894848
1478332772617,323026944,79867904,402894848
1478332928581,321794048,79867904,401661952
1478333082809,322998272,79867904,402866176
1478333240194,322998272,79867904,402866176
1478333247003,323006464,79872000,402878464
1478333392821,323006464,79867904,402874368
1478333546810,323006464,79867904,402874368
1478333702661,323006464,79867904,402874368
1478333857603,323006464,79867904,402874368
1478334013685,323006464,79867904,402874368
1478334167953,323006464,79867904,402874368
1478334322981,323006464,79867904,402874368
1478334477644,323006464,79867904,402874368
1478334633256,323006464,79867904,402874368
1478334788852,323006464,79867904,402874368
1478334943585,323006464,79867904,402874368
1478335098195,323006464,79867904,402874368
1478335253875,323006464,79867904,402874368
1478335408467,323006464,79867904,402874368
1478335563508,323006464,79867904,402874368
1478335718733,323006464,79867904,402874368
1478335873825,323006464,79867904,402874368
1478336029156,323006464,79867904,402874368
1478336184126,323006464,79867904,402874368
1478336339754,323006464,79867904,402874368
1478336495142,323006464,79867904,402874368
1478336650421,323006464,79867904,402874368
1478336805157,323006464,79867904,402874368
1478336960615,323006464,79867904,402874368
1478337116338,323006464,79867904,402874368
1478337270488,323006464,79867904,402874368
1478337427084,323006464,79867904,402874368
1478337582682,323006464,79867904,402874368
1478337738409,321888256,79867904,401756160
1478337892531,323006464,79867904,402874368
1478338039489,323010560,79872000,402882560
1478338200596,323010560,79867904,402878464
1478338351294,323010560,79867904,402878464
1478338507332,323010560,79867904,402878464
1478338662561,323010560,79867904,402878464
1478338817437,323010560,79867904,402878464
1478338972171,323010560,79867904,402878464
1478339127476,323010560,79867904,402878464
1478339279572,323010560,79867904,402878464
1478339437566,323010560,79867904,402878464
1478339591454,323010560,79867904,402878464
1478339746252,323010560,79867904,402878464
1478339901188,323010560,79867904,402878464
1478340056674,323010560,79867904,402878464
1478340211928,323010560,79867904,402878464
1478340366012,323010560,79867904,402878464
1478340521431,323010560,79867904,402878464
1478340680430,323010560,79867904,402878464
1478340828938,323010560,79867904,402878464
1478340980314,323010560,79867904,402878464
1478341133698,323010560,79867904,402878464
1478341289226,323010560,79867904,402878464
1478341440218,323010560,79867904,402878464
1478341596382,323010560,79867904,402878464
1478341753478,323010560,79867904,402878464
1478341908334,323010560,79867904,402878464
1478342063361,323010560,79867904,402878464
1478342218644,323010560,79867904,402878464
1478342374101,323010560,79867904,402878464
1478342528533,321863680,79867904,401731584
1478342681058,323031040,79867904,402898944
1478342835610,323031040,79867904,402898944
1478342844951,323035136,79872000,402907136
1478342988681,323035136,79867904,402903040
1478343144327,323035136,79867904,402903040
1478343299308,323035136,79867904,402903040
1478343450430,323035136,79867904,402903040
1478343606463,323035136,79867904,402903040
1478343760778,323035136,79867904,402903040
1478343917506,323035136,79867904,402903040
1478344073040,323035136,79867904,402903040
1478344224530,323035136,79867904,402903040
1478344378606,323035136,79867904,402903040
1478344534788,323035136,79867904,402903040
1478344687091,323035136,79867904,402903040
1478344842123,323035136,79867904,402903040
1478344997236,323035136,79867904,402903040
1478345150996,323035136,79867904,402903040
1478345306340,323035136,79867904,402903040
1478345461653,323035136,79867904,402903040
1478345613810,323035136,79867904,402903040
1478345768882,323035136,79867904,402903040
1478345920857,323035136,79867904,402903040
1478346072881,323035136,79867904,402903040
1478346226157,323035136,79867904,402903040
1478346382339,323035136,79867904,402903040
1478346537044,323035136,79867904,402903040
1478346692371,323035136,79867904,402903040
1478346847877,323035136,79867904,402903040
1478347001765,323035136,79867904,402903040
1478347157435,323035136,79867904,402903040
1478347313800,323002368,79867904,402870272
1478347469240,323055616,79867904,402923520
1478347623490,323059712,79872000,402931712
1478347778943,323059712,79867904,402927616
1478347939167,323059712,79867904,402927616
1478348093613,323059712,79867904,402927616
1478348249782,323059712,79867904,402927616
1478348401221,323059712,79867904,402927616
1478348556611,323059712,79867904,402927616
1478348712383,323059712,79867904,402927616
1478348868218,323059712,79867904,402927616
1478349022745,323059712,79867904,402927616
1478349178017,323059712,79867904,402927616
1478349329310,323059712,79867904,402927616
1478349482527,323059712,79867904,402927616
1478349640069,323059712,79867904,402927616
1478349793925,323059712,79867904,402927616
1478349948939,323059712,79867904,402927616
1478350104166,323059712,79867904,402927616
1478350256140,323059712,79867904,402927616
1478350419125,323059712,79867904,402927616
1478350567413,323059712,79867904,402927616
1478350720800,323059712,79867904,402927616
1478350872528,323059712,79867904,402927616
1478351028460,323059712,79867904,402927616
1478351182596,323059712,79867904,402927616
1478351338416,323059712,79867904,402927616
1478351492828,323059712,79867904,402927616
1478351648593,323059712,79867904,402927616
1478351803637,323059712,79867904,402927616
1478351958433,323059712,79867904,402927616
1478352114741,321814528,79867904,401682432
1478352270344,323051520,79867904,402919424
1478352424594,323051520,79867904,402919424
1478352430996,323055616,79872000,402927616
1478352580153,323055616,79867904,402923520
1478352735041,323055616,79867904,402923520
1478352891016,323055616,79867904,402923520
1478353046034,323055616,79867904,402923520
1478353201804,323055616,79867904,402923520
1478353356574,323055616,79867904,402923520
1478353512401,323055616,79867904,402923520
1478353667380,323055616,79867904,402923520
1478353821389,323055616,79867904,402923520
1478353976719,323055616,79867904,402923520
1478354137043,323055616,79867904,402923520
1478354293679,323055616,79867904,402923520
1478354448242,323055616,79867904,402923520
1478354602816,323055616,79867904,402923520
1478354759097,323055616,79867904,402923520
1478354914262,323055616,79867904,402923520
1478355068957,323055616,79867904,402923520
1478355225041,323055616,79867904,402923520
1478355376938,323055616,79867904,402923520
1478355537148,323055616,79867904,402923520
1478355693477,323055616,79867904,402923520
1478355850693,323055616,79867904,402923520
1478356003555,323055616,79867904,402923520
1478356159784,323055616,79867904,402923520
1478356314693,323055616,79867904,402923520
1478356470042,323055616,79867904,402923520
1478356624393,323055616,79867904,402923520
1478356781057,323055616,79867904,402923520
1478356935336,321814528,79867904,401682432
1478357091437,323063808,79867904,402931712
1478357247659,323063808,79867904,402931712
1478357291346,323067904,79872000,402939904
1478357401798,323067904,79867904,402935808
1478357557139,323067904,79867904,402935808
1478357713322,323067904,79867904,402935808
1478357864527,323067904,79867904,402935808
1478358019619,323067904,79867904,402935808
1478358171827,323067904,79867904,402935808
1478358323660,323067904,79867904,402935808
1478358479802,323067904,79867904,402935808
1478358639113,323067904,79867904,402935808
1478358794413,323067904,79867904,402935808
1478358946631,323067904,79867904,402935808
1478359102705,323067904,79867904,402935808
1478359256184,323067904,79867904,402935808
1478359411673,323067904,79867904,402935808
1478359567173,323067904,79867904,402935808
1478359722450,323067904,79867904,402935808
1478359881879,323067904,79867904,402935808
1478360037910,323067904,79867904,402935808
1478360193158,323067904,79867904,402935808
1478360348333,323067904,79867904,402935808
1478360504194,323067904,79867904,402935808
1478360659399,323067904,79867904,402935808
1478360815557,323067904,79867904,402935808
1478360966051,323067904,79867904,402935808
1478361117192,323067904,79867904,402935808
1478361272765,323067904,79867904,402935808
1478361427790,323067904,79867904,402935808
1478361582436,323067904,79867904,402935808
1478361738426,321851392,79867904,401719296
1478361890336,323100672,79867904,402968576
1478362040861,323100672,79867904,402968576
1478362051411,323104768,79872000,402976768
1478362196302,323104768,79867904,402972672
1478362352523,323104768,79867904,402972672
1478362509426,323104768,79867904,402972672
1478362663292,323104768,79867904,402972672
1478362817080,323104768,79867904,402972672
1478362972280,323104768,79867904,402972672
1478363124675,323104768,79867904,402972672
1478363277218,323104768,79867904,402972672
1478363437780,323104768,79867904,402972672
1478363593058,323104768,79867904,402972672
1478363748764,323104768,79867904,402972672
1478363904183,323104768,79867904,402972672
1478364056816,323104768,79867904,402972672
1478364208455,323104768,79867904,402972672
1478364363812,323104768,79867904,402972672
1478364520924,323104768,79867904,402972672
1478364673016,323104768,79867904,402972672
1478364829487,323104768,79867904,402972672
1478364984703,323104768,79867904,402972672
1478365139598,323104768,79867904,402972672
1478365295706,323104768,79867904,402972672
1478365450177,323104768,79867904,402972672
1478365602500,323104768,79867904,402972672
1478365756955,323104768,79867904,402972672
1478365912680,323104768,79867904,402972672
1478366068394,323104768,79867904,402972672
1478366222604,323104768,79867904,402972672
1478366377777,323104768,79867904,402972672
1478366538178,321859584,79867904,401727488
1478366695742,323088384,79867904,402956288
1478366849232,323088384,79867904,402956288
1478366870139,323092480,79872000,402964480
1478367004007,323092480,79867904,402960384
1478367160217,323092480,79867904,402960384
1478367316788,323092480,79867904,402960384
1478367469873,323092480,79867904,402960384
1478367625271,323092480,79867904,402960384
1478367782345,323092480,79867904,402960384
1478367936129,323092480,79867904,402960384
1478368091113,323092480,79867904,402960384
1478368246946,323092480,79867904,402960384
1478368403653,323092480,79867904,402960384
1478368553754,323092480,79867904,402960384
1478368707464,323092480,79867904,402960384
1478368862040,323092480,79867904,402960384
1478369018902,323092480,79867904,402960384
1478369173516,323092480,79867904,402960384
1478369330222,323092480,79867904,402960384
1478369488529,323092480,79867904,402960384
1478369639282,323092480,79867904,402960384
1478369795654,323092480,79867904,402960384
1478369947469,323092480,79867904,402960384
1478370104005,323092480,79867904,402960384
1478370258151,323092480,79867904,402960384
1478370412469,323092480,79867904,402960384
1478370568731,323092480,79867904,402960384
1478370722455,323092480,79867904,402960384
1478370877546,323092480,79867904,402960384
1478371038313,323092480,79867904,402960384
1478371193887,323092480,79867904,402960384
1478371350086,321859584,79867904,401727488
1478371507271,323067904,79867904,402935808
1478371657341,323076096,79872000,402948096
1478371819405,323076096,79867904,402944000
1478371974132,323076096,79867904,402944000
1478372130210,323076096,79867904,402944000
1478372284279,323076096,79867904,402944000
1478372439137,323076096,79867904,402944000
1478372590872,323076096,79867904,402944000
1478372747828,323076096,79867904,402944000
1478372902483,323076096,79867904,402944000
1478373057674,323076096,79867904,402944000
1478373212781,323076096,79867904,402944000
1478373367704,323076096,79867904,402944000
1478373522854,323076096,79867904,402944000
1478373676867,323076096,79867904,402944000
1478373837134,323076096,79867904,402944000
1478373994213,323076096,79867904,402944000
1478374145733,323076096,79867904,402944000
1478374301094,323076096,79867904,402944000
1478374454310,323076096,79867904,402944000
1478374609064,323076096,79867904,402944000
1478374764480,323076096,79867904,402944000
1478374918861,323076096,79867904,402944000
1478375073346,323076096,79867904,402944000
1478375227469,323076096,79867904,402944000
1478375382975,323076096,79867904,402944000
1478375537298,323076096,79867904,402944000
1478375689871,323076096,79867904,402944000
1478375841588,323076096,79867904,402944000
1478375991674,323076096,79867904,402944000
1478376149174,321871872,79867904,401739776
1478376305351,323096576,79867904,402964480
1478376458746,323096576,79867904,402964480
1478376479786,323096576,79872000,402968576
1478376614019,323096576,79867904,402964480
1478376769849,323096576,79867904,402964480
1478376921062,323096576,79867904,402964480
1478377076247,323096576,79867904,402964480
1478377236732,323096576,79867904,402964480
1478377391537,323096576,79867904,402964480
1478377543868,323096576,79867904,402964480
1478377704584,323096576,79867904,402964480
1478377856751,323096576,79867904,402964480
1478378012096,323096576,79867904,402964480
1478378168090,323096576,79867904,402964480
1478378323947,323096576,79867904,402964480
1478378478493,323096576,79867904,402964480
1478378640363,323096576,79867904,402964480
1478378795003,323096576,79867904,402964480
1478378949287,323096576,79867904,402964480
1478379105605,323096576,79867904,402964480
1478379261900,323096576,79867904,402964480
1478379413648,323096576,79867904,402964480
1478379568471,323096576,79867904,402964480
1478379723673,323096576,79867904,402964480
1478379878206,323096576,79867904,402964480
1478380037919,323096576,79867904,402964480
1478380193638,323096576,79867904,402964480
1478380348576,323096576,79867904,402964480
1478380502914,323096576,79867904,402964480
1478380657253,323096576,79867904,402964480
1478380812485,323096576,79867904,402964480
1478380967925,323080192,79867904,402948096
1478381123155,323080192,79867904,402948096
1478381177751,323641344,79872000,403513344
1478381278363,323641344,79867904,403509248
1478381439530,323641344,79867904,403509248
1478381594458,323641344,79867904,403509248
1478381749614,323641344,79867904,403509248
1478381904771,323641344,79867904,403509248
1478382059750,323641344,79867904,403509248
1478382214591,323641344,79867904,403509248
1478382369801,323641344,79867904,403509248
1478382525084,323641344,79867904,403509248
1478382679985,323641344,79867904,403509248
1478382835179,323641344,79867904,403509248
1478382990088,323641344,79867904,403509248
1478383145177,323641344,79867904,403509248
1478383300161,323641344,79867904,403509248
1478383455153,323641344,79867904,403509248
1478383610543,323641344,79867904,403509248
1478383762168,323641344,79867904,403509248
1478383918043,323641344,79867904,403509248
1478384071888,323641344,79867904,403509248
1478384226782,323641344,79867904,403509248
1478384379527,323641344,79867904,403509248
1478384539991,323641344,79867904,403509248
1478384692278,323641344,79867904,403509248
1478384847336,323641344,79867904,403509248
1478385003940,323641344,79867904,403509248
1478385159372,323641344,79867904,403509248
1478385313794,323641344,79867904,403509248
1478385468716,323641344,79867904,403509248
1478385622746,323641344,79867904,403509248
1478385779001,323112960,79867904,402980864
1478385938740,323112960,79867904,402980864
1478385975153,323117056,79872000,402989056
1478386089987,323117056,79867904,402984960
1478386244967,323117056,79867904,402984960
1478386399688,323117056,79867904,402984960
1478386552325,323117056,79867904,402984960
1478386707985,323117056,79867904,402984960
1478386863196,323117056,79867904,402984960
1478387019236,323117056,79867904,402984960
1478387173757,323117056,79867904,402984960
1478387328134,323117056,79867904,402984960
1478387483853,323117056,79867904,402984960
1478387640072,323117056,79867904,402984960
1478387795287,323117056,79867904,402984960
1478387950004,323117056,79867904,402984960
1478388105356,323117056,79867904,402984960
1478388256527,323117056,79867904,402984960
1478388413188,323117056,79867904,402984960
1478388567648,323117056,79867904,402984960
1478388722667,323117056,79867904,402984960
1478388878330,323117056,79867904,402984960
1478389037578,323117056,79867904,402984960
1478389193332,323117056,79867904,402984960
1478389348664,323117056,79867904,402984960
1478389500280,323117056,79867904,402984960
1478389655998,323117056,79867904,402984960
1478389810967,323117056,79867904,402984960
1478389965507,323117056,79867904,402984960
1478390122321,323117056,79867904,402984960
1478390278874,323117056,79867904,402984960
1478390438675,323117056,79867904,402984960
1478390593515,323235840,79867904,403103744
1478390747203,323235840,79867904,403103744
1478390778453,323239936,79872000,403111936
1478390896896,323239936,79867904,403107840
1478391053950,323239936,79867904,403107840
1478391209364,323239936,79867904,403107840
1478391362002,323239936,79867904,403107840
1478391518031,323239936,79867904,403107840
1478391678138,323239936,79867904,403107840
1478391834304,323239936,79867904,403107840
1478391990097,323239936,79867904,403107840
1478392144661,323239936,79867904,403107840
1478392297855,323239936,79867904,403107840
1478392452905,323239936,79867904,403107840
1478392609273,323239936,79867904,403107840
1478392762866,323239936,79867904,403107840
1478392917919,323239936,79867904,403107840
1478393068633,323239936,79867904,403107840
1478393224110,323239936,79867904,403107840
1478393378470,323239936,79867904,403107840
1478393539654,323239936,79867904,403107840
1478393693395,323239936,79867904,403107840
1478393849052,323239936,79867904,403107840
1478394005032,323239936,79867904,403107840
1478394157199,323239936,79867904,403107840
1478394313792,323239936,79867904,403107840
1478394469123,323239936,79867904,403107840
1478394624993,323239936,79867904,403107840
1478394777865,323239936,79867904,403107840
1478394937592,323239936,79867904,403107840
1478395090338,323239936,79867904,403107840
1478395245587,323239936,79867904,403107840
1478395400449,323239936,79867904,403107840
1478395555597,323239936,79867904,403107840
1478395578220,323244032,79872000,403116032
1478395717198,323244032,79867904,403111936
1478395869695,323244032,79867904,403111936
1478396024627,323244032,79867904,403111936
1478396176308,323244032,79867904,403111936
1478396331476,323244032,79867904,403111936
1478396484142,323244032,79867904,403111936
1478396638407,323244032,79867904,403111936
1478396789869,323244032,79867904,403111936
1478396945390,323244032,79867904,403111936
1478397101024,323244032,79867904,403111936
1478397256005,323244032,79867904,403111936
1478397410777,323244032,79867904,403111936
1478397566008,323244032,79867904,403111936
1478397721116,323244032,79867904,403111936
1478397876811,323244032,79867904,403111936
1478398037042,323244032,79867904,403111936
1478398191766,323244032,79867904,403111936
1478398352925,323244032,79867904,403111936
1478398502571,323244032,79867904,403111936
1478398657840,323244032,79867904,403111936
1478398813579,323244032,79867904,403111936
1478398969830,323244032,79867904,403111936
1478399125074,323244032,79867904,403111936
1478399277966,323244032,79867904,403111936
1478399433344,323244032,79867904,403111936
1478399589265,323244032,79867904,403111936
1478399743893,323244032,79867904,403111936
1478399898999,323244032,79867904,403111936
1478400054666,323244032,79867904,403111936
1478400209059,323268608,79867904,403136512
1478400363489,323268608,79867904,403136512
1478400378754,323276800,79872000,403148800
1478400517341,323276800,79867904,403144704
1478400673639,323276800,79867904,403144704
1478400828671,323276800,79867904,403144704
1478400984102,323276800,79867904,403144704
1478401139341,323276800,79867904,403144704
1478401293941,323276800,79867904,403144704
1478401449227,323276800,79867904,403144704
1478401602267,323276800,79867904,403144704
1478401758692,323276800,79867904,403144704
1478401912051,323276800,79867904,403144704
1478402067651,323276800,79867904,403144704
1478402223236,323276800,79867904,403144704
1478402379643,323276800,79867904,403144704
1478402538321,323276800,79867904,403144704
1478402693786,323276800,79867904,403144704
1478402848407,323276800,79867904,403144704
1478403005310,323276800,79867904,403144704
1478403160230,323276800,79867904,403144704
1478403317432,323276800,79867904,403144704
1478403470566,323276800,79867904,403144704
1478403624706,323276800,79867904,403144704
1478403780582,323276800,79867904,403144704
1478403940267,323276800,79867904,403144704
1478404095025,323276800,79867904,403144704
1478404248051,323276800,79867904,403144704
1478404403657,323276800,79867904,403144704
1478404559133,323276800,79867904,403144704
1478404716512,323276800,79867904,403144704
1478404869445,322138112,79867904,402006016
1478405023752,323272704,79867904,403140608
1478405178126,323276800,79872000,403148800
1478405339442,323276800,79867904,403144704
1478405494648,323276800,79867904,403144704
1478405655391,323276800,79867904,403144704
1478405811334,323276800,79867904,403144704
1478405964931,323276800,79867904,403144704
1478406119304,323276800,79867904,403144704
1478406274771,323276800,79867904,403144704
1478406428790,323276800,79867904,403144704
1478406580013,323276800,79867904,403144704
1478406739739,323276800,79867904,403144704
1478406894754,323276800,79867904,403144704
1478407049388,323276800,79867904,403144704
1478407203784,323276800,79867904,403144704
1478407357492,323276800,79867904,403144704
1478407514322,323276800,79867904,403144704
1478407669146,323276800,79867904,403144704
1478407824745,323276800,79867904,403144704
1478407978427,323276800,79867904,403144704
1478408145687,323276800,79867904,403144704
1478408293599,323276800,79867904,403144704
1478408448459,323276800,79867904,403144704
1478408604984,323276800,79867904,403144704
1478408759549,323276800,79867904,403144704
1478408913152,323276800,79867904,403144704
1478409067277,323276800,79867904,403144704
1478409223919,323276800,79867904,403144704
1478409378283,323276800,79867904,403144704
1478409530442,323276800,79867904,403144704
1478409683458,322052096,79867904,401920000
1478409838597,323256320,79867904,403124224
1478409994472,323256320,79867904,403124224
1478410001790,323260416,79872000,403132416
1478410149510,323260416,79867904,403128320
1478410305846,323260416,79867904,403128320
1478410460001,323260416,79867904,403128320
1478410614933,323260416,79867904,403128320
1478410771291,323260416,79867904,403128320
1478410926881,323260416,79867904,403128320
1478411079975,323260416,79867904,403128320
1478411239649,323260416,79867904,403128320
1478411393840,323260416,79867904,403128320
1478411549705,323260416,79867904,403128320
1478411702819,323260416,79867904,403128320
1478411857611,323260416,79867904,403128320
1478412013556,323260416,79867904,403128320
1478412168262,323260416,79867904,403128320
1478412322593,323260416,79867904,403128320
1478412477950,323260416,79867904,403128320
1478412639231,323260416,79867904,403128320
1478412794925,323260416,79867904,403128320
1478412949376,323260416,79867904,403128320
1478413104463,323260416,79867904,403128320
1478413259519,323260416,79867904,403128320
1478413414981,323260416,79867904,403128320
1478413570085,323260416,79867904,403128320
1478413725386,323260416,79867904,403128320
1478413880648,323260416,79867904,403128320
1478414040784,323260416,79867904,403128320
1478414197548,323260416,79867904,403128320
1478414351861,323260416,79867904,403128320
1478414507181,322052096,79867904,401920000
1478414662449,323268608,79867904,403136512
1478414817642,323268608,79867904,403136512
1478414837653,323272704,79872000,403144704
1478414974408,323272704,79867904,403140608
1478415128090,323272704,79867904,403140608
1478415282072,323272704,79867904,403140608
1478415437678,323272704,79867904,403140608
1478415592760,323272704,79867904,403140608
1478415748718,323256320,79867904,403124224
1478415903813,323256320,79867904,403124224
1478416058408,323256320,79867904,403124224
1478416214946,323256320,79867904,403124224
1478416369141,323256320,79867904,403124224
1478416523022,323256320,79867904,403124224
1478416677903,323256320,79867904,403124224
1478416834373,323256320,79867904,403124224
1478416989703,323256320,79867904,403124224
1478417143639,323256320,79867904,403124224
1478417298822,323256320,79867904,403124224
1478417453864,323256320,79867904,403124224
1478417609583,323256320,79867904,403124224
1478417773539,323256320,79867904,403124224
1478417920636,323256320,79867904,403124224
1478418073022,323256320,79867904,403124224
1478418223285,323256320,79867904,403124224
1478418379971,323256320,79867904,403124224
1478418540605,323256320,79867904,403124224
1478418694803,323256320,79867904,403124224
1478418847406,323256320,79867904,403124224
1478419001930,323256320,79867904,403124224
1478419155174,323256320,79867904,403124224
1478419309644,322043904,79867904,401911808
1478419462482,323293184,79867904,403161088
1478419617654,323293184,79867904,403161088
1478419639724,323297280,79872000,403169280
1478419777696,323297280,79867904,403165184
1478419938669,323297280,79867904,403165184
1478420093348,323297280,79867904,403165184
1478420248053,323297280,79867904,403165184
1478420403042,323297280,79867904,403165184
1478420555777,323297280,79867904,403165184
1478420711361,323297280,79867904,403165184
1478420866784,323297280,79867904,403165184
1478421020284,323297280,79867904,403165184
1478421174215,323297280,79867904,403165184
1478421329667,323297280,79867904,403165184
1478421485634,323297280,79867904,403165184
1478421641031,323297280,79867904,403165184
1478421793712,323297280,79867904,403165184
1478421949453,323297280,79867904,403165184
1478422104685,323297280,79867904,403165184
1478422257815,323297280,79867904,403165184
1478422413298,323297280,79867904,403165184
1478422568783,323297280,79867904,403165184
1478422723764,323297280,79867904,403165184
1478422879890,323297280,79867904,403165184
1478423039054,323297280,79867904,403165184
1478423194172,323297280,79867904,403165184
1478423349807,323297280,79867904,403165184
1478423504921,323297280,79867904,403165184
1478423659998,323297280,79867904,403165184
1478423816085,323297280,79867904,403165184
1478423969036,323297280,79867904,403165184
1478424123160,323153920,79867904,403021824
1478424279398,323305472,79867904,403173376
1478424439934,323305472,79867904,403173376
1478424453996,323309568,79872000,403181568
1478424594827,323309568,79867904,403177472
1478424747117,323309568,79867904,403177472
1478424900048,323309568,79867904,403177472
1478425055624,323309568,79867904,403177472
1478425209293,323309568,79867904,403177472
1478425362758,323309568,79867904,403177472
1478425518429,323309568,79867904,403177472
1478425674269,323309568,79867904,403177472
1478425829681,323309568,79867904,403177472
1478425984450,323309568,79867904,403177472
1478426138869,323309568,79867904,403177472
1478426292743,323309568,79867904,403177472
1478426449251,323309568,79867904,403177472
1478426604300,323309568,79867904,403177472
1478426758463,323309568,79867904,403177472
1478426914009,323309568,79867904,403177472
1478427068524,323309568,79867904,403177472
1478427224614,323309568,79867904,403177472
1478427388780,323309568,79867904,403177472
1478427539072,323309568,79867904,403177472
1478427694315,323309568,79867904,403177472
1478427850780,323309568,79867904,403177472
1478428004566,323309568,79867904,403177472
1478428160201,323309568,79867904,403177472
1478428314814,323309568,79867904,403177472
1478428471192,323309568,79867904,403177472
1478428625226,323309568,79867904,403177472
1478428780646,323309568,79867904,403177472
1478428941468,322060288,79867904,401928192
1478429095929,323272704,79867904,403140608
1478429251100,323272704,79867904,403140608
1478429273921,323276800,79872000,403148800
1478429406170,323276800,79867904,403144704
1478429561339,323276800,79867904,403144704
1478429716535,323276800,79867904,403144704
1478429870810,323276800,79867904,403144704
1478430026202,323276800,79867904,403144704
1478430179730,323276800,79867904,403144704
1478430340352,323276800,79867904,403144704
1478430495822,323276800,79867904,403144704
1478430647595,323276800,79867904,403144704
1478430804386,323276800,79867904,403144704
1478430958362,323276800,79867904,403144704
1478431113489,323276800,79867904,403144704
1478431269158,323276800,79867904,403144704
1478431423664,323276800,79867904,403144704
1478431577959,323276800,79867904,403144704
1478431738242,323276800,79867904,403144704
1478431893694,323276800,79867904,403144704
1478432050382,323276800,79867904,403144704
1478432205215,323276800,79867904,403144704
1478432358838,323276800,79867904,403144704
1478432514863,323276800,79867904,403144704
1478432669612,323276800,79867904,403144704
1478432824123,323276800,79867904,403144704
1478432979720,323276800,79867904,403144704
1478433139130,323276800,79867904,403144704
1478433296428,323276800,79867904,403144704
1478433449741,323276800,79867904,403144704
1478433605139,323276800,79867904,403144704
1478433760114,322113536,79867904,401981440
1478433915020,323280896,79867904,403148800
1478434071205,323280896,79867904,403148800
1478434105142,323284992,79872000,403156992
1478434225217,323284992,79867904,403152896
1478434382212,323284992,79867904,403152896
1478434537570,323284992,79867904,403152896
1478434693364,323284992,79867904,403152896
1478434848167,323284992,79867904,403152896
1478435004443,323284992,79867904,403152896
1478435159059,323284992,79867904,403152896
1478435315619,323284992,79867904,403152896
1478435471153,323284992,79867904,403152896
1478435625004,323284992,79867904,403152896
1478435779377,323284992,79867904,403152896
1478435940486,323284992,79867904,403152896
1478436094265,323284992,79867904,403152896
1478436249918,323284992,79867904,403152896
1478436405418,323284992,79867904,403152896
1478436560066,323284992,79867904,403152896
1478436716579,323284992,79867904,403152896
1478436869725,323284992,79867904,403152896
1478437028658,323284992,79867904,403152896
1478437179710,323284992,79867904,403152896
1478437339822,323284992,79867904,403152896
1478437495475,323284992,79867904,403152896
1478437649756,323284992,79867904,403152896
1478437803617,323284992,79867904,403152896
1478437958839,323284992,79867904,403152896
1478438114168,323284992,79867904,403152896
1478438269501,323284992,79867904,403152896
1478438424356,323284992,79867904,403152896
1478438577679,323297280,79867904,403165184
1478438738939,323297280,79867904,403165184
1478438819753,324304896,79872000,404176896
1478438890395,324304896,79867904,404172800
1478439044531,324304896,79867904,404172800
1478439196868,324304896,79867904,404172800
1478439349828,324304896,79867904,404172800
1478439505272,324304896,79867904,404172800
1478439660736,324304896,79867904,404172800
1478439813134,324304896,79867904,404172800
1478439964834,324304896,79867904,404172800
1478440121014,324304896,79867904,404172800
1478440277447,324304896,79867904,404172800
1478440437948,324304896,79867904,404172800
1478440590311,324304896,79867904,404172800
1478440744771,324304896,79867904,404172800
1478440900557,324304896,79867904,404172800
1478441056056,324304896,79867904,404172800
1478441212603,324304896,79867904,404172800
1478441363342,324304896,79867904,404172800
1478441519052,324304896,79867904,404172800
1478441670176,324304896,79867904,404172800
1478441825708,324304896,79867904,404172800
1478441980687,324304896,79867904,404172800
1478442135634,324304896,79867904,404172800
1478442290703,324304896,79867904,404172800
1478442446620,324304896,79867904,404172800
1478442601626,324304896,79867904,404172800
1478442757325,324304896,79867904,404172800
1478442911878,324304896,79867904,404172800
1478443066816,324304896,79867904,404172800
1478443222136,324304896,79867904,404172800
1478443377588,323301376,79867904,403169280
1478443537414,323301376,79867904,403169280
1478443560361,323305472,79872000,403177472
1478443693043,323305472,79867904,403173376
1478443848725,323305472,79867904,403173376
1478444003233,323305472,79867904,403173376
1478444158818,323305472,79867904,403173376
1478444313563,323305472,79867904,403173376
1478444466742,323305472,79867904,403173376
1478444620734,323305472,79867904,403173376
1478444776509,323305472,79867904,403173376
1478444931057,323305472,79867904,403173376
1478445086392,323305472,79867904,403173376
1478445241508,323305472,79867904,403173376
1478445397774,323305472,79867904,403173376
1478445553015,323305472,79867904,403173376
1478445706985,323305472,79867904,403173376
1478445862503,323305472,79867904,403173376
1478446015864,323305472,79867904,403173376
1478446170616,323305472,79867904,403173376
1478446326087,323305472,79867904,403173376
1478446481822,323305472,79867904,403173376
1478446645917,323305472,79867904,403173376
1478446796825,323305472,79867904,403173376
1478446953219,323305472,79867904,403173376
1478447107419,323305472,79867904,403173376
1478447259392,323305472,79867904,403173376
1478447414362,323305472,79867904,403173376
1478447576811,323305472,79867904,403173376
1478447731505,323305472,79867904,403173376
1478447886236,323305472,79867904,403173376
1478448041692,323305472,79867904,403173376
1478448194819,323317760,79867904,403185664
1478448347137,323317760,79867904,403185664
1478448352133,323321856,79872000,403193856
1478448502859,323321856,79867904,403189760
1478448657791,323321856,79867904,403189760
1478448813715,323321856,79867904,403189760
1478448968832,323321856,79867904,403189760
1478449124659,323321856,79867904,403189760
1478449279824,323321856,79867904,403189760
1478449434934,323321856,79867904,403189760
1478449587356,323321856,79867904,403189760
1478449741856,323321856,79867904,403189760
1478449893577,323321856,79867904,403189760
1478450049246,323321856,79867904,403189760
1478450203179,323321856,79867904,403189760
1478450354662,323321856,79867904,403189760
1478450510395,323321856,79867904,403189760
1478450663013,323321856,79867904,403189760
1478450818979,323321856,79867904,403189760
1478450972073,323321856,79867904,403189760
1478451124072,323321856,79867904,403189760
1478451279677,323321856,79867904,403189760
1478451440706,323321856,79867904,403189760
1478451597091,323321856,79867904,403189760
1478451750461,323321856,79867904,403189760
1478451905882,323321856,79867904,403189760
1478452057971,323321856,79867904,403189760
1478452214181,323321856,79867904,403189760
1478452369393,323321856,79867904,403189760
1478452524420,323321856,79867904,403189760
1478452676672,323321856,79867904,403189760
1478452831109,323321856,79867904,403189760
1478452985735,323325952,79867904,403193856
1478453141715,323325952,79867904,403193856
1478453161550,323330048,79872000,403202048
1478453297150,323330048,79867904,403197952
1478453452983,323330048,79867904,403197952
1478453609210,323330048,79867904,403197952
1478453759039,323330048,79867904,403197952
1478453915058,323330048,79867904,403197952
1478454070634,323330048,79867904,403197952
1478454222916,323330048,79867904,403197952
1478454379780,323330048,79867904,403197952
1478454539786,323330048,79867904,403197952
1478454694333,323330048,79867904,403197952
1478454849195,323330048,79867904,403197952
1478455003498,323330048,79867904,403197952
1478455158376,323330048,79867904,403197952
1478455313677,323330048,79867904,403197952
1478455468766,323330048,79867904,403197952
1478455624685,323330048,79867904,403197952
1478455779219,323330048,79867904,403197952
1478455939733,323330048,79867904,403197952
1478456092188,323330048,79867904,403197952
1478456252474,323330048,79867904,403197952
1478456400220,323330048,79867904,403197952
1478456555125,323330048,79867904,403197952
1478456713797,323330048,79867904,403197952
1478456870039,323330048,79867904,403197952
1478457025493,323330048,79867904,403197952
1478457181419,323330048,79867904,403197952
1478457340210,323330048,79867904,403197952
1478457494239,323330048,79867904,403197952
1478457648555,323330048,79867904,403197952
1478457805449,323317760,79867904,403185664
1478457956829,323317760,79867904,403185664
1478457960887,323321856,79872000,403193856
1478458110421,323321856,79867904,403189760
1478458265063,323321856,79867904,403189760
1478458419194,323321856,79867904,403189760
1478458573682,323321856,79867904,403189760
1478458730361,323321856,79867904,403189760
1478458886606,323321856,79867904,403189760
1478459041980,323321856,79867904,403189760
1478459195945,323321856,79867904,403189760
1478459351602,323321856,79867904,403189760
1478459506339,323321856,79867904,403189760
1478459662204,323321856,79867904,403189760
1478459816853,323321856,79867904,403189760
1478459972897,323321856,79867904,403189760
1478460128137,323321856,79867904,403189760
1478460282278,323321856,79867904,403189760
1478460437447,323321856,79867904,403189760
1478460592525,323321856,79867904,403189760
1478460748125,323321856,79867904,403189760
1478460903145,323321856,79867904,403189760
1478461058366,323321856,79867904,403189760
1478461213340,323321856,79867904,403189760
1478461366435,323321856,79867904,403189760
1478461523623,323321856,79867904,403189760
1478461674966,323321856,79867904,403189760
1478461831022,323321856,79867904,403189760
1478461985639,323321856,79867904,403189760
1478462140866,323321856,79867904,403189760
1478462294059,323321856,79867904,403189760
1478462448409,323321856,79867904,403189760
1478462603909,323354624,79867904,403222528
1478462758558,323354624,79867904,403222528
1478462762631,323358720,79872000,403230720
1478462912684,323358720,79867904,403226624
1478463068368,323358720,79867904,403226624
1478463220371,323358720,79867904,403226624
1478463374802,323358720,79867904,403226624
1478463528420,323358720,79867904,403226624
1478463684731,323358720,79867904,403226624
1478463839328,323358720,79867904,403226624
1478463994936,323358720,79867904,403226624
1478464150786,323358720,79867904,403226624
1478464306411,323358720,79867904,403226624
1478464461459,323358720,79867904,403226624
1478464615309,323358720,79867904,403226624
1478464769207,323358720,79867904,403226624
1478464924397,323358720,79867904,403226624
1478465080497,323358720,79867904,403226624
1478465235620,323358720,79867904,403226624
1478465391189,323358720,79867904,403226624
1478465546312,323358720,79867904,403226624
1478465700373,323358720,79867904,403226624
1478465858963,323358720,79867904,403226624
1478466009533,323358720,79867904,403226624
1478466166708,323358720,79867904,403226624
1478466319466,323358720,79867904,403226624
1478466474985,323358720,79867904,403226624
1478466629149,323358720,79867904,403226624
1478466782556,323358720,79867904,403226624
1478466939255,323358720,79867904,403226624
1478467094116,323358720,79867904,403226624
1478467250086,323358720,79867904,403226624
1478467401077,323325952,79867904,403193856
1478467554435,323325952,79867904,403193856
1478467568080,323330048,79872000,403202048
1478467710271,323330048,79867904,403197952
1478467864497,323330048,79867904,403197952
1478468018968,323330048,79867904,403197952
1478468173666,323330048,79867904,403197952
1478468328758,323330048,79867904,403197952
1478468482453,323330048,79867904,403197952
1478468640398,323330048,79867904,403197952
1478468792040,323330048,79867904,403197952
1478468943575,323330048,79867904,403197952
1478469099179,323330048,79867904,403197952
1478469250034,323330048,79867904,403197952
1478469404228,323330048,79867904,403197952
1478469559003,323330048,79867904,403197952
1478469714044,323330048,79867904,403197952
1478469870160,323330048,79867904,403197952
1478470024273,323330048,79867904,403197952
1478470180744,323330048,79867904,403197952
1478470341481,323330048,79867904,403197952
1478470502313,323330048,79867904,403197952
1478470655033,323330048,79867904,403197952
1478470810564,323330048,79867904,403197952
1478470965431,323330048,79867904,403197952
1478471120376,323330048,79867904,403197952
1478471272076,323330048,79867904,403197952
1478471427872,323330048,79867904,403197952
1478471582418,323330048,79867904,403197952
1478471741266,323330048,79867904,403197952
1478471896737,323330048,79867904,403197952
1478472051024,323330048,79867904,403197952
1478472204959,323330048,79867904,403197952
1478472359306,323330048,79867904,403197952
1478472371127,323334144,79872000,403206144
1478472514468,323334144,79867904,403202048
1478472669658,323334144,79867904,403202048
1478472825335,323334144,79867904,403202048
1478472979688,323334144,79867904,403202048
1478473140247,323334144,79867904,403202048
1478473294377,323334144,79867904,403202048
1478473451648,323334144,79867904,403202048
1478473605400,323334144,79867904,403202048
1478473761017,323334144,79867904,403202048
1478473917045,323334144,79867904,403202048
1478474070268,323334144,79867904,403202048
1478474224086,323334144,79867904,403202048
1478474379560,323334144,79867904,403202048
1478474540155,323334144,79867904,403202048
1478474695556,323334144,79867904,403202048
1478474850857,323334144,79867904,403202048
1478475001762,323334144,79867904,403202048
1478475158084,323334144,79867904,403202048
1478475312148,323334144,79867904,403202048
1478475473608,323334144,79867904,403202048
1478475622108,323334144,79867904,403202048
1478475778627,323334144,79867904,403202048
1478475932832,323334144,79867904,403202048
1478476087528,323334144,79867904,403202048
1478476243692,323334144,79867904,403202048
1478476398846,323334144,79867904,403202048
1478476553014,323334144,79867904,403202048
1478476710069,323334144,79867904,403202048
1478476864070,322195456,79867904,402063360
1478477019869,323334144,79867904,403202048
1478477173160,323342336,79872000,403214336
1478477329874,323342336,79867904,403210240
1478477484750,323342336,79867904,403210240
1478477640089,323342336,79867904,403210240
1478477791913,323342336,79867904,403210240
1478477946956,323342336,79867904,403210240
1478478102121,323342336,79867904,403210240
1478478257294,323342336,79867904,403210240
1478478413443,323342336,79867904,403210240
1478478567453,323342336,79867904,403210240
1478478723034,323342336,79867904,403210240
1478478879010,323342336,79867904,403210240
1478479033094,323342336,79867904,403210240
1478479188371,323342336,79867904,403210240
1478479342428,323342336,79867904,403210240
1478479497913,323342336,79867904,403210240
1478479653016,323342336,79867904,403210240
1478479808761,323342336,79867904,403210240
1478479963014,323342336,79867904,403210240
1478480118633,323342336,79867904,403210240
1478480273735,323342336,79867904,403210240
1478480427932,323342336,79867904,403210240
1478480583524,323342336,79867904,403210240
1478480737959,323342336,79867904,403210240
1478480890563,323342336,79867904,403210240
1478481046701,323342336,79867904,403210240
1478481200670,323342336,79867904,403210240
1478481355250,323342336,79867904,403210240
1478481508991,323342336,79867904,403210240
1478481663841,322269184,79867904,402137088
1478481816164,323342336,79867904,403210240
1478481972526,323342336,79867904,403210240
1478481984067,323346432,79872000,403218432
1478482126205,323346432,79867904,403214336
1478482278872,323346432,79867904,403214336
1478482438396,323346432,79867904,403214336
1478482594388,323346432,79867904,403214336
1478482750960,323346432,79867904,403214336
1478482906092,323346432,79867904,403214336
1478483056745,323346432,79867904,403214336
1478483212047,323346432,79867904,403214336
1478483367551,323346432,79867904,403214336
1478483522466,323346432,79867904,403214336
1478483677831,323346432,79867904,403214336
1478483832054,323346432,79867904,403214336
1478483987214,323346432,79867904,403214336
1478484140941,323346432,79867904,403214336
1478484296077,323346432,79867904,403214336
1478484451389,323346432,79867904,403214336
1478484606982,323346432,79867904,403214336
1478484761976,323346432,79867904,403214336
1478484917989,323346432,79867904,403214336
1478485078824,323346432,79867904,403214336
1478485227524,323346432,79867904,403214336
1478485380964,323346432,79867904,403214336
1478485539174,323346432,79867904,403214336
1478485694354,323346432,79867904,403214336
1478485846985,323346432,79867904,403214336
1478485999711,323346432,79867904,403214336
1478486154314,323346432,79867904,403214336
1478486307124,323346432,79867904,403214336
1478486459962,322138112,79867904,402006016
1478486616080,323346432,79867904,403214336
1478486768196,323346432,79867904,403214336
1478486773748,323350528,79872000,403222528
1478486921443,323350528,79867904,403218432
1478487075648,323350528,79867904,403218432
1478487231911,323350528,79867904,403218432
1478487386383,323350528,79867904,403218432
1478487543349,323350528,79867904,403218432
1478487697693,323350528,79867904,403218432
1478487852729,323350528,79867904,403218432
1478488008978,323350528,79867904,403218432
1478488160329,323350528,79867904,403218432
1478488318108,323350528,79867904,403218432
1478488466979,323350528,79867904,403218432
1478488621025,323350528,79867904,403218432
1478488777482,323350528,79867904,403218432
1478488929391,323350528,79867904,403218432
1478489084576,323350528,79867904,403218432
1478489240470,323350528,79867904,403218432
1478489394219,323350528,79867904,403218432
1478489549945,323350528,79867904,403218432
1478489704474,323350528,79867904,403218432
1478489859440,323350528,79867904,403218432
1478490015707,323350528,79867904,403218432
1478490169175,323350528,79867904,403218432
1478490325884,323350528,79867904,403218432
1478490479789,323350528,79867904,403218432
1478490640005,323350528,79867904,403218432
1478490796383,323350528,79867904,403218432
1478490950269,323350528,79867904,403218432
1478491105752,323350528,79867904,403218432
1478491262207,322281472,79867904,402149376
1478491416777,323383296,79867904,403251200
1478491571741,323383296,79867904,403251200
1478491589649,323387392,79872000,403259392
1478491726749,323387392,79867904,403255296
1478491881857,323387392,79867904,403255296
1478492042291,323387392,79867904,403255296
1478492198209,323387392,79867904,403255296
1478492354246,323387392,79867904,403255296
1478492510495,323387392,79867904,403255296
1478492665419,323387392,79867904,403255296
1478492820023,323387392,79867904,403255296
1478492975162,323387392,79867904,403255296
1478493129582,323387392,79867904,403255296
1478493285535,323387392,79867904,403255296
1478493441737,323387392,79867904,403255296
1478493596816,323387392,79867904,403255296
1478493751049,323387392,79867904,403255296
1478493905928,323387392,79867904,403255296
1478494061512,323387392,79867904,403255296
1478494217985,323387392,79867904,403255296
1478494373459,323387392,79867904,403255296
1478494525809,323387392,79867904,403255296
1478494685745,323387392,79867904,403255296
1478494840665,323387392,79867904,403255296
1478494996501,323387392,79867904,403255296
1478495151232,323387392,79867904,403255296
1478495303383,323387392,79867904,403255296
1478495459093,323387392,79867904,403255296
1478495614341,323387392,79867904,403255296
1478495769676,323387392,79867904,403255296
1478495925905,323387392,79867904,403255296
1478496081446,322154496,79867904,402022400
1478496241274,323424256,79867904,403292160
1478496396610,323424256,79867904,403292160
1478496405145,323428352,79872000,403300352
1478496551498,323428352,79867904,403296256
1478496707189,323428352,79867904,403296256
1478496859792,323428352,79867904,403296256
1478497014640,323428352,79867904,403296256
1478497170393,323428352,79867904,403296256
1478497325176,323428352,79867904,403296256
1478497481819,323428352,79867904,403296256
1478497641020,323428352,79867904,403296256
1478497795449,323428352,79867904,403296256
1478497950773,323428352,79867904,403296256
1478498105982,323428352,79867904,403296256
1478498261448,323428352,79867904,403296256
1478498416835,323428352,79867904,403296256
1478498569884,323428352,79867904,403296256
1478498722195,323428352,79867904,403296256
1478498877761,323428352,79867904,403296256
1478499032900,323428352,79867904,403296256
1478499188207,323428352,79867904,403296256
1478499343079,323428352,79867904,403296256
1478499497635,323428352,79867904,403296256
1478499652983,323428352,79867904,403296256
1478499808391,323428352,79867904,403296256
1478499964598,323428352,79867904,403296256
1478500118058,323428352,79867904,403296256
1478500273674,323428352,79867904,403296256
1478500428240,323428352,79867904,403296256
1478500583322,323428352,79867904,403296256
1478500739271,323428352,79867904,403296256
1478500895122,322293760,79867904,402161664
1478501050180,323391488,79867904,403259392
1478501206269,323391488,79867904,403259392
1478501217445,323395584,79872000,403267584
1478501360553,323395584,79867904,403263488
1478501516459,323395584,79867904,403263488
1478501669859,323395584,79867904,403263488
1478501826515,323395584,79867904,403263488
1478501974677,323395584,79867904,403263488
1478502130937,323395584,79867904,403263488
1478502284421,323395584,79867904,403263488
1478502440857,323395584,79867904,403263488
1478502593686,323395584,79867904,403263488
1478502748853,323395584,79867904,403263488
1478502904272,323395584,79867904,403263488
1478503059609,323395584,79867904,403263488
1478503215887,323395584,79867904,403263488
1478503372166,323395584,79867904,403263488
1478503526907,323395584,79867904,403263488
1478503682117,323395584,79867904,403263488
1478503836534,323395584,79867904,403263488
1478503991799,323395584,79867904,403263488
1478504153738,323395584,79867904,403263488
1478504301954,323395584,79867904,403263488
1478504456971,323395584,79867904,403263488
1478504611903,323395584,79867904,403263488
1478504766995,323395584,79867904,403263488
1478504922556,323395584,79867904,403263488
1478505077682,323395584,79867904,403263488
1478505232552,323395584,79867904,403263488
1478505387907,323395584,79867904,403263488
1478505543181,323395584,79867904,403263488
1478505698155,322191360,79867904,402059264
1478505853161,323407872,79867904,403275776
1478506009387,323407872,79867904,403275776
1478506025067,323411968,79872000,403283968
1478506163393,323411968,79867904,403279872
1478506316576,323411968,79867904,403279872
1478506472048,323411968,79867904,403279872
1478506625112,323411968,79867904,403279872
1478506778494,323411968,79867904,403279872
1478506932962,323411968,79867904,403279872
1478507088769,323411968,79867904,403279872
1478507243415,323411968,79867904,403279872
1478507398902,323411968,79867904,403279872
1478507550928,323411968,79867904,403279872
1478507705329,323411968,79867904,403279872
1478507861053,323411968,79867904,403279872
1478508015859,323411968,79867904,403279872
1478508171242,323411968,79867904,403279872
1478508326627,323411968,79867904,403279872
1478508481532,323411968,79867904,403279872
1478508639961,323411968,79867904,403279872
1478508795442,323411968,79867904,403279872
1478508951171,323411968,79867904,403279872
1478509105997,323411968,79867904,403279872
1478509261446,323411968,79867904,403279872
1478509416075,323411968,79867904,403279872
1478509571123,323411968,79867904,403279872
1478509726007,323411968,79867904,403279872
1478509881654,323411968,79867904,403279872
1478510036225,323411968,79867904,403279872
1478510191983,323411968,79867904,403279872
1478510346332,323411968,79867904,403279872
1478510502025,322195456,79867904,402063360
1478510656244,323416064,79867904,403283968
1478510811808,323416064,79867904,403283968
1478510823463,323420160,79872000,403292160
1478510965221,323420160,79867904,403288064
1478511120332,323420160,79867904,403288064
1478511275747,323420160,79867904,403288064
1478511431051,323420160,79867904,403288064
1478511586873,323420160,79867904,403288064
1478511742729,323420160,79867904,403288064
1478511895937,323420160,79867904,403288064
1478512052304,323420160,79867904,403288064
1478512206592,323420160,79867904,403288064
1478512362334,323420160,79867904,403288064
1478512515597,323420160,79867904,403288064
1478512669912,323420160,79867904,403288064
1478512821547,323420160,79867904,403288064
1478512974998,323420160,79867904,403288064
1478513131846,323420160,79867904,403288064
1478513286734,323420160,79867904,403288064
1478513439811,323420160,79867904,403288064
1478513595733,323420160,79867904,403288064
1478513758698,323420160,79867904,403288064
1478513906605,323420160,79867904,403288064
1478514060871,323420160,79867904,403288064
1478514217690,323420160,79867904,403288064
1478514371802,323420160,79867904,403288064
1478514528232,323420160,79867904,403288064
1478514682005,323420160,79867904,403288064
1478514837120,323420160,79867904,403288064
1478514992680,323420160,79867904,403288064
1478515147697,323420160,79867904,403288064
1478515302827,322252800,79867904,402120704
1478515458250,327741440,79867904,407609344
1478515610816,327749632,79872000,407621632
1478515765997,327749632,79867904,407617536
1478515921051,327749632,79867904,407617536
1478516076687,327749632,79867904,407617536
1478516231624,327749632,79867904,407617536
1478516386919,327749632,79867904,407617536
1478516541100,327749632,79867904,407617536
1478516696871,327749632,79867904,407617536
1478516852015,327749632,79867904,407617536
1478517007857,327749632,79867904,407617536
1478517161925,327749632,79867904,407617536
1478517316339,327749632,79867904,407617536
1478517471240,327749632,79867904,407617536
1478517623157,327749632,79867904,407617536
1478517775647,327749632,79867904,407617536
1478517926328,327749632,79867904,407617536
1478518081331,327749632,79867904,407617536
1478518241807,327749632,79867904,407617536
1478518395882,327749632,79867904,407617536
1478518550295,327749632,79867904,407617536
1478518705554,327749632,79867904,407617536
1478518860688,327749632,79867904,407617536
1478519015808,327749632,79867904,407617536
1478519171172,327749632,79867904,407617536
1478519327164,327749632,79867904,407617536
1478519481489,327749632,79867904,407617536
1478519641706,327749632,79867904,407617536
1478519796734,327749632,79867904,407617536
1478519952651,327749632,79867904,407617536
1478520109012,326746112,79867904,406614016
1478520262870,326926336,79867904,406794240
1478520417537,326926336,79867904,406794240
1478520572779,327757824,79867904,407625728
1478520728386,327757824,79867904,407625728
1478520744478,327761920,79872000,407633920
1478520883013,327761920,79867904,407629824
1478521038729,327761920,79867904,407629824
1478521192664,327761920,79867904,407629824
1478521347705,327761920,79867904,407629824
1478521501248,327761920,79867904,407629824
1478521655755,327761920,79867904,407629824
1478521811391,327761920,79867904,407629824
1478521964362,327761920,79867904,407629824
1478522116961,327761920,79867904,407629824
1478522273494,327761920,79867904,407629824
1478522427312,327761920,79867904,407629824
1478522582414,327761920,79867904,407629824
1478522738223,327761920,79867904,407629824
1478522893982,327761920,79867904,407629824
1478523054281,327761920,79867904,407629824
1478523207188,327761920,79867904,407629824
1478523362576,327761920,79867904,407629824
1478523522172,327761920,79867904,407629824
1478523669595,327761920,79867904,407629824
1478523825733,327761920,79867904,407629824
1478523979601,327761920,79867904,407629824
1478524139310,327761920,79867904,407629824
1478524290670,327761920,79867904,407629824
1478524446507,327761920,79867904,407629824
1478524603030,327761920,79867904,407629824
1478524757320,327761920,79867904,407629824
1478524912799,326561792,79867904,406429696
1478525066581,327741440,79867904,407609344
1478525219689,327741440,79867904,407609344
1478525238169,327745536,79872000,407617536
1478525374573,327745536,79867904,407613440
1478525530408,327745536,79867904,407613440
1478525684965,327745536,79867904,407613440
1478525840004,327745536,79867904,407613440
1478525995127,327745536,79867904,407613440
1478526150486,327745536,79867904,407613440
1478526305614,327745536,79867904,407613440
1478526460602,327745536,79867904,407613440
1478526616722,327745536,79867904,407613440
1478526770900,327745536,79867904,407613440
1478526927429,327745536,79867904,407613440
1478527082005,327745536,79867904,407613440
1478527242952,327745536,79867904,407613440
1478527398060,327745536,79867904,407613440
1478527553222,327745536,79867904,407613440
1478527709844,327745536,79867904,407613440
1478527864162,327745536,79867904,407613440
1478528018950,327745536,79867904,407613440
1478528175050,327745536,79867904,407613440
1478528327489,327745536,79867904,407613440
1478528481642,327745536,79867904,407613440
1478528640753,327745536,79867904,407613440
1478528797593,327745536,79867904,407613440
1478528952391,327745536,79867904,407613440
1478529108454,327745536,79867904,407613440
1478529262726,327745536,79867904,407613440
1478529418104,327745536,79867904,407613440
1478529574436,327745536,79867904,407613440
1478529728140,326602752,79867904,406470656
1478529883319,327766016,79867904,407633920
1478530039869,327766016,79867904,407633920
1478530068457,327770112,79872000,407642112
1478530194749,327770112,79867904,407638016
1478530349968,327770112,79867904,407638016
1478530505793,327770112,79867904,407638016
1478530660356,327770112,79867904,407638016
1478530815552,327770112,79867904,407638016
1478530971057,327770112,79867904,407638016
1478531126600,327770112,79867904,407638016
1478531282295,327770112,79867904,407638016
1478531442971,327770112,79867904,407638016
1478531596625,327770112,79867904,407638016
1478531751989,327770112,79867904,407638016
1478531905475,327770112,79867904,407638016
1478532062069,327770112,79867904,407638016
1478532217258,327770112,79867904,407638016
1478532370979,327770112,79867904,407638016
1478532528235,327770112,79867904,407638016
1478532680112,327770112,79867904,407638016
1478532841267,327770112,79867904,407638016
1478532996028,327770112,79867904,407638016
1478533156222,327770112,79867904,407638016
1478533305782,327770112,79867904,407638016
1478533464008,327770112,79867904,407638016
1478533619596,327770112,79867904,407638016
1478533772795,327770112,79867904,407638016
1478533927707,327770112,79867904,407638016
1478534084877,327770112,79867904,407638016
1478534239246,327770112,79867904,407638016
1478534391033,327770112,79867904,407638016
1478534551342,326553600,79867904,406421504
1478534706745,327770112,79867904,407638016
1478534861980,327770112,79867904,407638016
1478534925003,327774208,79872000,407646208
1478535017029,327774208,79867904,407642112
1478535173683,327774208,79867904,407642112
1478535328216,327774208,79867904,407642112
1478535484519,327774208,79867904,407642112
1478535644202,327774208,79867904,407642112
1478535798824,327774208,79867904,407642112
1478535954054,327774208,79867904,407642112
1478536109336,327774208,79867904,407642112
1478536264794,327774208,79867904,407642112
1478536419702,327774208,79867904,407642112
1478536575003,327774208,79867904,407642112
1478536730424,327774208,79867904,407642112
1478536885264,327774208,79867904,407642112
1478537040409,327774208,79867904,407642112
1478537192168,327774208,79867904,407642112
1478537347686,327774208,79867904,407642112
1478537502119,327774208,79867904,407642112
1478537654004,327774208,79867904,407642112
1478537809502,327774208,79867904,407642112
1478537962823,327774208,79867904,407642112
1478538118197,327774208,79867904,407642112
1478538271779,327774208,79867904,407642112
1478538426662,327774208,79867904,407642112
1478538582148,327774208,79867904,407642112
1478538741995,327774208,79867904,407642112
1478538897050,327774208,79867904,407642112
1478539051904,327774208,79867904,407642112
1478539208212,327774208,79867904,407642112
1478539362249,326557696,79867904,406425600
1478539517264,327766016,79867904,407633920
1478539673740,327766016,79867904,407633920
1478539679773,327770112,79872000,407642112
1478539828603,327770112,79867904,407638016
1478539984349,327770112,79867904,407638016
1478540139422,327770112,79867904,407638016
1478540294561,327770112,79867904,407638016
1478540449501,327770112,79867904,407638016
1478540604262,327770112,79867904,407638016
1478540758359,327770112,79867904,407638016
1478540913468,327770112,79867904,407638016
1478541068974,327770112,79867904,407638016
1478541223911,327770112,79867904,407638016
1478541379567,327770112,79867904,407638016
1478541539447,327770112,79867904,407638016
1478541695717,327770112,79867904,407638016
1478541850767,327770112,79867904,407638016
1478542007219,327770112,79867904,407638016
1478542161353,327770112,79867904,407638016
1478542313559,327770112,79867904,407638016
1478542467502,327770112,79867904,407638016
1478542630026,327770112,79867904,407638016
1478542779064,327770112,79867904,407638016
1478542933612,327770112,79867904,407638016
1478543087067,327770112,79867904,407638016
1478543241749,327770112,79867904,407638016
1478543397433,327770112,79867904,407638016
1478543552599,327770112,79867904,407638016
1478543708307,327770112,79867904,407638016
1478543863549,327770112,79867904,407638016
1478544019279,327770112,79867904,407638016
1478544175088,327782400,79867904,407650304
1478544329481,327782400,79867904,407650304
1478544411477,327786496,79872000,407658496
1478544483704,327786496,79867904,407654400
1478544638511,327786496,79867904,407654400
1478544795367,327786496,79867904,407654400
1478544949979,327786496,79867904,407654400
1478545106877,327786496,79867904,407654400
1478545260514,327786496,79867904,407654400
1478545415816,327786496,79867904,407654400
1478545571328,327786496,79867904,407654400
1478545726458,327786496,79867904,407654400
1478545881804,327786496,79867904,407654400
1478546042709,327786496,79867904,407654400
1478546197790,327786496,79867904,407654400
1478546352727,327786496,79867904,407654400
1478546507944,327786496,79867904,407654400
1478546663280,327786496,79867904,407654400
1478546818590,327786496,79867904,407654400
1478546973999,327786496,79867904,407654400
1478547129155,327786496,79867904,407654400
1478547284660,327786496,79867904,407654400
1478547440388,327786496,79867904,407654400
1478547594550,327786496,79867904,407654400
1478547748531,327786496,79867904,407654400
1478547905501,327786496,79867904,407654400
1478548059075,327786496,79867904,407654400
1478548214326,327786496,79867904,407654400
1478548369917,327786496,79867904,407654400
1478548525657,327786496,79867904,407654400
1478548682064,327786496,79867904,407654400
1478548841092,327786496,79867904,407654400
1478548997883,327774208,79867904,407642112
1478549150715,327774208,79867904,407642112
1478549213061,327778304,79872000,407650304
1478549305736,327778304,79867904,407646208
1478549461232,327778304,79867904,407646208
1478549616447,327778304,79867904,407646208
1478549771895,327778304,79867904,407646208
1478549926587,327778304,79867904,407646208
1478550083023,327778304,79867904,407646208
1478550242849,327778304,79867904,407646208
1478550399280,327778304,79867904,407646208
1478550552569,327778304,79867904,407646208
1478550707890,327778304,79867904,407646208
1478550863444,327778304,79867904,407646208
1478551019199,327778304,79867904,407646208
1478551174895,327778304,79867904,407646208
1478551329568,327778304,79867904,407646208
1478551485086,327778304,79867904,407646208
1478551639629,327778304,79867904,407646208
1478551795642,327778304,79867904,407646208
1478551950246,327778304,79867904,407646208
1478552106152,327778304,79867904,407646208
1478552265040,327778304,79867904,407646208
1478552415084,327778304,79867904,407646208
1478552570096,327778304,79867904,407646208
1478552725301,327778304,79867904,407646208
1478552880821,327778304,79867904,407646208
1478553041390,327778304,79867904,407646208
1478553196691,327778304,79867904,407646208
1478553351832,327778304,79867904,407646208
1478553507392,327778304,79867904,407646208
1478553663076,326569984,79867904,406437888
1478553819490,327778304,79867904,407646208
1478553973417,327778304,79867904,407646208
1478554033984,328781824,79872000,408653824
1478554129211,328781824,79867904,408649728
1478554285426,328781824,79867904,408649728
1478554439111,328781824,79867904,408649728
1478554594208,328781824,79867904,408649728
1478554749507,328781824,79867904,408649728
1478554906005,328781824,79867904,408649728
1478555059634,328781824,79867904,408649728
1478555216491,328781824,79867904,408649728
1478555370196,328781824,79867904,408649728
1478555525535,328781824,79867904,408649728
1478555681371,328781824,79867904,408649728
1478555841894,328781824,79867904,408649728
1478555998249,328781824,79867904,408649728
1478556153204,328781824,79867904,408649728
1478556308504,328781824,79867904,408649728
1478556462477,328781824,79867904,408649728
1478556618915,328781824,79867904,408649728
1478556777539,328781824,79867904,408649728
1478556933475,328781824,79867904,408649728
1478557087403,328781824,79867904,408649728
1478557243731,328781824,79867904,408649728
1478557398575,328781824,79867904,408649728
1478557553996,328781824,79867904,408649728
1478557708630,328781824,79867904,408649728
1478557863648,328781824,79867904,408649728
1478558018972,328781824,79867904,408649728
1478558174228,328781824,79867904,408649728
1478558329104,328781824,79867904,408649728
1478558489295,327733248,79867904,407601152
1478558645257,327827456,79867904,407695360
1478558793818,327831552,79872000,407703552
1478558955648,327831552,79867904,407699456
1478559110855,327831552,79867904,407699456
1478559265863,327831552,79867904,407699456
1478559421076,327831552,79867904,407699456
1478559576300,327831552,79867904,407699456
1478559733224,327831552,79867904,407699456
1478559888123,327831552,79867904,407699456
1478560042875,327831552,79867904,407699456
1478560197745,327831552,79867904,407699456
1478560352469,327831552,79867904,407699456
1478560510185,327831552,79867904,407699456
1478560663106,327831552,79867904,407699456
1478560818866,327831552,79867904,407699456
1478560970543,327831552,79867904,407699456
1478561124972,327831552,79867904,407699456
1478561280206,327831552,79867904,407699456
1478561440715,327831552,79867904,407699456
1478561595919,327831552,79867904,407699456
1478561750833,327831552,79867904,407699456
1478561906008,327831552,79867904,407699456
1478562066191,327831552,79867904,407699456
1478562216164,327831552,79867904,407699456
1478562371660,327831552,79867904,407699456
1478562527411,327831552,79867904,407699456
1478562682395,327831552,79867904,407699456
1478562842447,327831552,79867904,407699456
1478562995788,327831552,79867904,407699456
1478563152111,327831552,79867904,407699456
1478563307465,326586368,79867904,406454272
1478563460956,327933952,79867904,407801856
1478563613793,327938048,79872000,407810048
1478563771452,327938048,79867904,407805952
1478563926682,327938048,79867904,407805952
1478564082687,327938048,79867904,407805952
1478564242904,327938048,79867904,407805952
1478564399011,327938048,79867904,407805952
1478564553859,327938048,79867904,407805952
1478564709080,327938048,79867904,407805952
1478564863839,327938048,79867904,407805952
1478565019862,327938048,79867904,407805952
1478565175244,327938048,79867904,407805952
1478565329688,327938048,79867904,407805952
1478565485530,327938048,79867904,407805952
1478565640616,327938048,79867904,407805952
1478565796317,327938048,79867904,407805952
1478565956798,327938048,79867904,407805952
1478566113009,327938048,79867904,407805952
1478566267372,327938048,79867904,407805952
1478566422461,327938048,79867904,407805952
1478566577532,327938048,79867904,407805952
1478566732518,327938048,79867904,407805952
1478566887898,327938048,79867904,407805952
1478567043139,327938048,79867904,407805952
1478567199744,327938048,79867904,407805952
1478567353389,327938048,79867904,407805952
1478567509709,327938048,79867904,407805952
1478567663667,327938048,79867904,407805952
1478567818804,327938048,79867904,407805952
1478567974893,327938048,79867904,407805952
1478568129783,326725632,79867904,406593536
1478568284795,327917568,79867904,407785472
1478568441421,327921664,79867904,407789568
1478568444251,327921664,79872000,407793664
1478568592863,327921664,79867904,407789568
1478568747601,327921664,79867904,407789568
1478568904740,327921664,79867904,407789568
1478569056746,327921664,79867904,407789568
1478569211969,327921664,79867904,407789568
1478569366048,327921664,79867904,407789568
1478569522776,327921664,79867904,407789568
1478569677206,327921664,79867904,407789568
1478569832967,327921664,79867904,407789568
1478569985262,327921664,79867904,407789568
1478570141269,327921664,79867904,407789568
1478570294078,327921664,79867904,407789568
1478570449006,327921664,79867904,407789568
1478570604874,327921664,79867904,407789568
1478570759169,327921664,79867904,407789568
1478570914562,327921664,79867904,407789568
1478571070456,327921664,79867904,407789568
1478571227074,327921664,79867904,407789568
1478571381103,327921664,79867904,407789568
1478571541944,327921664,79867904,407789568
1478571697576,327921664,79867904,407789568
1478571856592,327921664,79867904,407789568
1478572006536,327921664,79867904,407789568
1478572161874,327921664,79867904,407789568
1478572317089,327921664,79867904,407789568
1478572472146,327921664,79867904,407789568
1478572628418,327921664,79867904,407789568
1478572782660,327921664,79867904,407789568
1478572942681,326713344,79867904,406581248
1478573097738,327933952,79867904,407801856
1478573247031,327938048,79872000,407810048
1478573408089,327938048,79867904,407805952
1478573563283,327938048,79867904,407805952
1478573718437,327938048,79867904,407805952
1478573873603,327938048,79867904,407805952
1478574028678,327938048,79867904,407805952
1478574185663,327938048,79867904,407805952
1478574341445,327938048,79867904,407805952
1478574497761,327938048,79867904,407805952
1478574652449,327938048,79867904,407805952
1478574809438,327938048,79867904,407805952
1478574961078,327938048,79867904,407805952
1478575117154,327938048,79867904,407805952
1478575271459,327938048,79867904,407805952
1478575426338,327938048,79867904,407805952
1478575579012,327938048,79867904,407805952
1478575734027,327938048,79867904,407805952
1478575887886,327938048,79867904,407805952
1478576041012,327938048,79867904,407805952
1478576197779,327938048,79867904,407805952
1478576352915,327938048,79867904,407805952
1478576507049,327938048,79867904,407805952
1478576661536,327938048,79867904,407805952
1478576815900,327938048,79867904,407805952
1478576972238,327938048,79867904,407805952
1478577127469,327938048,79867904,407805952
1478577282608,327938048,79867904,407805952
1478577443090,327938048,79867904,407805952
1478577597941,327938048,79867904,407805952
1478577751292,326729728,79867904,406597632
1478577907671,327938048,79867904,407805952
1478578055616,327942144,79872000,407814144
1478578216583,327942144,79867904,407810048
1478578372108,327942144,79867904,407810048
1478578528336,327942144,79867904,407810048
1478578677401,327942144,79867904,407810048
1478578832637,327942144,79867904,407810048
1478578987897,327942144,79867904,407810048
1478579144489,327942144,79867904,407810048
1478579296760,327942144,79867904,407810048
1478579451235,327942144,79867904,407810048
1478579608028,327942144,79867904,407810048
1478579763680,327942144,79867904,407810048
1478579918703,327942144,79867904,407810048
1478580074110,327942144,79867904,407810048
1478580229239,327942144,79867904,407810048
1478580384721,327942144,79867904,407810048
1478580539884,327942144,79867904,407810048
1478580695790,327942144,79867904,407810048
1478580850842,327942144,79867904,407810048
1478581006205,327942144,79867904,407810048
1478581161674,327942144,79867904,407810048
1478581316898,327942144,79867904,407810048
1478581471739,327942144,79867904,407810048
1478581627700,327942144,79867904,407810048
1478581788161,327942144,79867904,407810048
1478581942142,327942144,79867904,407810048
1478582098660,327942144,79867904,407810048
1478582252846,327942144,79867904,407810048
1478582408060,327942144,79867904,407810048
1478582563170,326737920,79867904,406605824
1478582718745,327954432,79867904,407822336
1478582873842,327954432,79867904,407822336
1478582884334,327958528,79872000,407830528
1478583030690,327958528,79867904,407826432
1478583184850,327958528,79867904,407826432
1478583342150,327958528,79867904,407826432
1478583497771,327958528,79867904,407826432
1478583653281,327958528,79867904,407826432
1478583807095,327958528,79867904,407826432
1478583962501,327958528,79867904,407826432
1478584119113,327958528,79867904,407826432
1478584273613,327958528,79867904,407826432
1478584430708,327958528,79867904,407826432
1478584581295,327958528,79867904,407826432
1478584734776,327958528,79867904,407826432
1478584888816,327958528,79867904,407826432
1478585042617,327958528,79867904,407826432
1478585196972,327958528,79867904,407826432
1478585352352,327958528,79867904,407826432
1478585507960,327958528,79867904,407826432
1478585662640,327958528,79867904,407826432
1478585816266,327958528,79867904,407826432
1478585971784,327958528,79867904,407826432
1478586126568,327958528,79867904,407826432
1478586283213,327958528,79867904,407826432
1478586443881,327958528,79867904,407826432
1478586597478,327958528,79867904,407826432
1478586747981,327958528,79867904,407826432
1478586904751,327958528,79867904,407826432
1478587058913,327958528,79867904,407826432
1478587212530,327958528,79867904,407826432
1478587368641,327966720,79867904,407834624
1478587524336,327966720,79867904,407834624
1478587581578,327970816,79872000,407842816
1478587680379,327970816,79867904,407838720
1478587839553,327970816,79867904,407838720
1478587995270,327970816,79867904,407838720
1478588152668,327970816,79867904,407838720
1478588307330,327970816,79867904,407838720
1478588461719,327970816,79867904,407838720
1478588617870,327970816,79867904,407838720
1478588772859,327970816,79867904,407838720
1478588927931,327970816,79867904,407838720
1478589082536,327970816,79867904,407838720
1478589244301,327970816,79867904,407838720
1478589398360,327970816,79867904,407838720
1478589553971,327970816,79867904,407838720
1478589709465,327970816,79867904,407838720
1478589860947,327970816,79867904,407838720
1478590017258,327970816,79867904,407838720
1478590170794,327970816,79867904,407838720
1478590326362,327970816,79867904,407838720
1478590482769,327970816,79867904,407838720
1478590643006,327970816,79867904,407838720
1478590795853,327970816,79867904,407838720
1478590951241,327970816,79867904,407838720
1478591106294,327970816,79867904,407838720
1478591261387,327970816,79867904,407838720
1478591422174,327970816,79867904,407838720
1478591572375,327970816,79867904,407838720
1478591727316,327970816,79867904,407838720
1478591883032,327970816,79867904,407838720
1478592043418,327970816,79867904,407838720
1478592204358,327946240,79867904,407814144
1478592359385,327946240,79867904,407814144
1478592377350,327954432,79872000,407826432
1478592514444,327954432,79867904,407822336
1478592669448,327954432,79867904,407822336
1478592825941,327954432,79867904,407822336
1478592981122,327954432,79867904,407822336
1478593140429,327954432,79867904,407822336
1478593295790,327954432,79867904,407822336
1478593451327,327954432,79867904,407822336
1478593606905,327954432,79867904,407822336
1478593761663,327954432,79867904,407822336
1478593917675,327954432,79867904,407822336
1478594071772,327954432,79867904,407822336
1478594227011,327954432,79867904,407822336
1478594381816,327954432,79867904,407822336
1478594541490,327954432,79867904,407822336
1478594696420,327954432,79867904,407822336
1478594849049,327954432,79867904,407822336
1478595004810,327954432,79867904,407822336
1478595157057,327954432,79867904,407822336
1478595312525,327954432,79867904,407822336
1478595468987,327954432,79867904,407822336
1478595624140,327954432,79867904,407822336
1478595778767,327954432,79867904,407822336
1478595935487,327954432,79867904,407822336
1478596087248,327954432,79867904,407822336
1478596243154,327954432,79867904,407822336
1478596395290,327954432,79867904,407822336
1478596550446,327954432,79867904,407822336
1478596706850,327954432,79867904,407822336
1478596862296,326742016,79867904,406609920
1478597017947,327987200,79867904,407855104
1478597172443,327987200,79867904,407855104
1478597187154,327991296,79872000,407863296
1478597329482,327991296,79867904,407859200
1478597482150,327991296,79867904,407859200
1478597643914,327991296,79867904,407859200
1478597797386,327991296,79867904,407859200
1478597951824,327991296,79867904,407859200
1478598107012,327991296,79867904,407859200
1478598257601,327991296,79867904,407859200
1478598413997,327991296,79867904,407859200
1478598568230,327991296,79867904,407859200
1478598723502,327991296,79867904,407859200
1478598877745,327991296,79867904,407859200
1478599033323,327991296,79867904,407859200
1478599187802,327991296,79867904,407859200
1478599343105,327991296,79867904,407859200
1478599498505,327991296,79867904,407859200
1478599654877,327991296,79867904,407859200
1478599809498,327991296,79867904,407859200
1478599964437,327991296,79867904,407859200
1478600119713,327991296,79867904,407859200
1478600275114,327991296,79867904,407859200
1478600430269,327991296,79867904,407859200
1478600582501,327991296,79867904,407859200
1478600742587,327991296,79867904,407859200
1478600897848,327991296,79867904,407859200
1478601060605,327991296,79867904,407859200
1478601208026,327991296,79867904,407859200
1478601363522,327991296,79867904,407859200
1478601520103,327991296,79867904,407859200
1478601674255,326758400,79867904,406626304
1478601834296,327962624,79867904,407830528
1478601985273,327966720,79872000,407838720
1478602143762,327966720,79867904,407834624
1478602299918,327966720,79867904,407834624
1478602454024,327966720,79867904,407834624
1478602610222,327966720,79867904,407834624
1478602764082,327966720,79867904,407834624
1478602920326,327966720,79867904,407834624
1478603073364,327966720,79867904,407834624
1478603232895,327966720,79867904,407834624
1478603387742,327966720,79867904,407834624
1478603542361,327966720,79867904,407834624
1478603697453,327966720,79867904,407834624
1478603852872,327966720,79867904,407834624
1478604008251,327966720,79867904,407834624
1478604163695,327966720,79867904,407834624
1478604318603,327966720,79867904,407834624
1478604470836,327966720,79867904,407834624
1478604624681,327966720,79867904,407834624
1478604778877,327966720,79867904,407834624
1478604930765,327966720,79867904,407834624
1478605087368,327966720,79867904,407834624
1478605242713,327966720,79867904,407834624
1478605397095,327966720,79867904,407834624
1478605552942,327966720,79867904,407834624
1478605707843,327966720,79867904,407834624
1478605863039,327966720,79867904,407834624
1478606019665,327966720,79867904,407834624
1478606173489,327966720,79867904,407834624
1478606327431,327966720,79867904,407834624
1478606483251,326762496,79867904,406630400
1478606643198,327991296,79867904,407859200
1478606798141,327991296,79867904,407859200
1478606812156,327995392,79872000,407867392
1478606954628,327995392,79867904,407863296
1478607108001,327995392,79867904,407863296
1478607261514,327995392,79867904,407863296
1478607418517,327995392,79867904,407863296
1478607573030,327995392,79867904,407863296
1478607727751,327995392,79867904,407863296
1478607884442,327995392,79867904,407863296
1478608043622,327995392,79867904,407863296
1478608199900,327995392,79867904,407863296
1478608353938,327995392,79867904,407863296
1478608509944,327995392,79867904,407863296
1478608664066,327995392,79867904,407863296
1478608820413,327995392,79867904,407863296
1478608975633,327995392,79867904,407863296
1478609130321,327995392,79867904,407863296
1478609284649,327995392,79867904,407863296
1478609444650,327995392,79867904,407863296
1478609600761,327995392,79867904,407863296
1478609755226,327995392,79867904,407863296
1478609910418,327995392,79867904,407863296
1478610061622,327995392,79867904,407863296
1478610216403,327995392,79867904,407863296
1478610371660,327995392,79867904,407863296
1478610528141,327995392,79867904,407863296
1478610682428,327995392,79867904,407863296
1478610848609,327995392,79867904,407863296
1478610999441,327995392,79867904,407863296
1478611153988,327995392,79867904,407863296
1478611309415,326762496,79867904,406630400
1478611462662,328003584,79867904,407871488
1478611618439,328003584,79867904,407871488
1478611654577,328007680,79872000,407879680
1478611774361,328007680,79867904,407875584
1478611927000,328007680,79867904,407875584
1478612081895,328007680,79867904,407875584
1478612242185,328007680,79867904,407875584
1478612398626,328007680,79867904,407875584
1478612554713,328007680,79867904,407875584
1478612707182,328007680,79867904,407875584
1478612862366,328007680,79867904,407875584
1478613017316,328007680,79867904,407875584
1478613173413,328007680,79867904,407875584
1478613328864,328007680,79867904,407875584
1478613484086,328007680,79867904,407875584
1478613644752,328007680,79867904,407875584
1478613799807,328007680,79867904,407875584
1478613954966,328007680,79867904,407875584
1478614109886,328007680,79867904,407875584
1478614264910,328007680,79867904,407875584
1478614420120,328007680,79867904,407875584
1478614575806,328007680,79867904,407875584
1478614728239,328007680,79867904,407875584
1478614883079,328007680,79867904,407875584
1478615041988,328007680,79867904,407875584
1478615197839,328007680,79867904,407875584
1478615351144,328007680,79867904,407875584
1478615505823,328007680,79867904,407875584
1478615657157,328007680,79867904,407875584
1478615810176,328007680,79867904,407875584
1478615962529,328007680,79867904,407875584
1478616117136,326766592,79867904,406634496
1478616272404,327970816,79867904,407838720
1478616428435,327970816,79867904,407838720
1478616456871,327974912,79872000,407846912
1478616582968,327974912,79867904,407842816
1478616743113,327974912,79867904,407842816
1478616898847,327974912,79867904,407842816
1478617052724,327974912,79867904,407842816
1478617208354,327974912,79867904,407842816
1478617361974,327974912,79867904,407842816
1478617517931,327974912,79867904,407842816
1478617673611,327974912,79867904,407842816
1478617828403,327974912,79867904,407842816
1478617982655,327974912,79867904,407842816
1478618144405,327974912,79867904,407842816
1478618298284,327974912,79867904,407842816
1478618454548,327974912,79867904,407842816
1478618610009,327974912,79867904,407842816
1478618764134,327974912,79867904,407842816
1478618919199,327974912,79867904,407842816
1478619074219,327974912,79867904,407842816
1478619229203,327974912,79867904,407842816
1478619385312,327974912,79867904,407842816
1478619544656,327974912,79867904,407842816
1478619700700,327974912,79867904,407842816
1478619854999,327974912,79867904,407842816
1478620010143,327974912,79867904,407842816
1478620165541,327974912,79867904,407842816
1478620328478,327974912,79867904,407842816
1478620475749,327974912,79867904,407842816
1478620631282,327974912,79867904,407842816
1478620786395,327974912,79867904,407842816
1478620943030,326762496,79867904,406630400
1478621098096,327979008,79867904,407846912
1478621251835,327979008,79867904,407846912
1478621265862,327983104,79872000,407855104
1478621407719,327983104,79867904,407851008
1478621562238,327983104,79867904,407851008
1478621717315,327983104,79867904,407851008
1478621873462,327983104,79867904,407851008
1478622026009,327983104,79867904,407851008
1478622177673,327983104,79867904,407851008
1478622332492,327983104,79867904,407851008
1478622487653,327983104,79867904,407851008
1478622644591,327983104,79867904,407851008
1478622796813,327983104,79867904,407851008
1478622951719,327983104,79867904,407851008
1478623107648,327983104,79867904,407851008
1478623262124,327983104,79867904,407851008
1478623417601,327983104,79867904,407851008
1478623572904,327983104,79867904,407851008
1478623734071,327983104,79867904,407851008
1478623888962,327983104,79867904,407851008
1478624043990,327983104,79867904,407851008
1478624200262,327983104,79867904,407851008
1478624354651,327983104,79867904,407851008
1478624508808,327983104,79867904,407851008
1478624663360,327983104,79867904,407851008
1478624820129,327983104,79867904,407851008
1478624972241,327983104,79867904,407851008
1478625127562,327983104,79867904,407851008
1478625282234,327983104,79867904,407851008
1478625442539,327983104,79867904,407851008
1478625596325,327983104,79867904,407851008
1478625749040,326774784,79867904,406642688
1478625902425,328011776,79867904,407879680
1478626058686,328011776,79867904,407879680
1478626087595,328015872,79872000,407887872
1478626212545,328015872,79867904,407883776
1478626367342,328015872,79867904,407883776
1478626520421,328015872,79867904,407883776
1478626675020,328015872,79867904,407883776
1478626828742,328015872,79867904,407883776
1478626981223,328015872,79867904,407883776
1478627134614,328015872,79867904,407883776
1478627287083,328015872,79867904,407883776
1478627443961,328015872,79867904,407883776
1478627600197,328015872,79867904,407883776
1478627754393,328015872,79867904,407883776
1478627908740,328015872,79867904,407883776
1478628064252,328015872,79867904,407883776
1478628219197,328015872,79867904,407883776
1478628374399,328015872,79867904,407883776
1478628530397,328015872,79867904,407883776
1478628684688,328015872,79867904,407883776
1478628844921,328015872,79867904,407883776
1478629001512,328015872,79867904,407883776
1478629155726,328015872,79867904,407883776
1478629310546,328015872,79867904,407883776
1478629465660,328015872,79867904,407883776
1478629621981,328015872,79867904,407883776
1478629775254,328015872,79867904,407883776
1478629936478,328015872,79867904,407883776
1478630085405,328015872,79867904,407883776
1478630240936,328015872,79867904,407883776
1478630396046,328015872,79867904,407883776
1478630548597,326782976,79867904,406650880
1478630703679,328007680,79867904,407875584
1478630858250,328007680,79867904,407875584
1478630953253,328015872,79872000,407887872
1478631014468,328015872,79867904,407883776
1478631166829,328015872,79867904,407883776
1478631323501,328015872,79867904,407883776
1478631477579,328015872,79867904,407883776
1478631634216,328015872,79867904,407883776
1478631788490,328015872,79867904,407883776
1478631943923,328015872,79867904,407883776
1478632099386,328015872,79867904,407883776
1478632254535,328015872,79867904,407883776
1478632406049,328015872,79867904,407883776
1478632558104,328015872,79867904,407883776
1478632712179,328015872,79867904,407883776
1478632867106,328015872,79867904,407883776
1478633023391,328015872,79867904,407883776
1478633179629,328015872,79867904,407883776
1478633334357,328015872,79867904,407883776
1478633485821,328015872,79867904,407883776
1478633641119,328015872,79867904,407883776
1478633795166,328015872,79867904,407883776
1478633951764,328015872,79867904,407883776
1478634107070,328015872,79867904,407883776
1478634258484,328015872,79867904,407883776
1478634420770,328015872,79867904,407883776
1478634574651,328015872,79867904,407883776
1478634729608,328015872,79867904,407883776
1478634883704,328015872,79867904,407883776
1478635042285,328015872,79867904,407883776
1478635198760,328015872,79867904,407883776
1478635354543,327573504,79867904,407441408
1478635507044,327995392,79867904,407863296
1478635657929,327995392,79867904,407863296
1478635698896,327999488,79872000,407871488
1478635813273,327999488,79867904,407867392
1478635967308,327999488,79867904,407867392
1478636123585,327999488,79867904,407867392
1478636277851,327999488,79867904,407867392
1478636433047,327999488,79867904,407867392
1478636588519,327999488,79867904,407867392
1478636744171,327999488,79867904,407867392
1478636900291,327999488,79867904,407867392
1478637054982,327999488,79867904,407867392
1478637209607,327999488,79867904,407867392
1478637365218,327999488,79867904,407867392
1478637520297,327999488,79867904,407867392
1478637675399,327999488,79867904,407867392
1478637830559,327999488,79867904,407867392
1478637985587,327999488,79867904,407867392
1478638142905,327999488,79867904,407867392
1478638297416,327999488,79867904,407867392
1478638447877,327999488,79867904,407867392
1478638603477,327999488,79867904,407867392
1478638758393,327999488,79867904,407867392
1478638913011,327999488,79867904,407867392
1478639067256,327999488,79867904,407867392
1478639229777,327999488,79867904,407867392
1478639377550,327999488,79867904,407867392
1478639533080,327999488,79867904,407867392
1478639689712,327999488,79867904,407867392
1478639843974,327999488,79867904,407867392
1478639996591,327999488,79867904,407867392
1478640152598,326791168,79867904,406659072
1478640306410,327987200,79867904,407855104
1478640458735,327987200,79867904,407855104
1478640477672,327991296,79872000,407863296
1478640614285,327991296,79867904,407859200
1478640767104,327991296,79867904,407859200
1478640923542,327991296,79867904,407859200
1478641079297,327991296,79867904,407859200
1478641233336,327991296,79867904,407859200
1478641388393,327991296,79867904,407859200
1478641543248,327991296,79867904,407859200
1478641698239,327991296,79867904,407859200
1478641854503,327991296,79867904,407859200
1478642008947,327991296,79867904,407859200
1478642163734,327991296,79867904,407859200
1478642318616,327991296,79867904,407859200
1478642473960,327991296,79867904,407859200
1478642630180,327991296,79867904,407859200
1478642782365,327991296,79867904,407859200
1478642943969,327991296,79867904,407859200
1478643098907,327991296,79867904,407859200
1478643253468,327991296,79867904,407859200
1478643409357,327991296,79867904,407859200
1478643564231,327991296,79867904,407859200
1478643719330,327991296,79867904,407859200
1478643874559,327991296,79867904,407859200
1478644030054,327991296,79867904,407859200
1478644184259,327991296,79867904,407859200
1478644338178,327991296,79867904,407859200
1478644493181,327991296,79867904,407859200
1478644649041,327991296,79867904,407859200
1478644802239,327991296,79867904,407859200
1478644959382,326787072,79867904,406654976
1478645113772,328003584,79867904,407871488
1478645269435,328003584,79867904,407871488
1478645290945,328007680,79872000,407879680
1478645425837,328007680,79867904,407875584
1478645580441,328007680,79867904,407875584
1478645736260,328007680,79867904,407875584
1478645890680,328007680,79867904,407875584
1478646046148,328007680,79867904,407875584
1478646199442,328007680,79867904,407875584
1478646353853,328007680,79867904,407875584
1478646510664,328007680,79867904,407875584
1478646663820,328007680,79867904,407875584
1478646818618,328007680,79867904,407875584
1478646974069,328007680,79867904,407875584
1478647129732,328007680,79867904,407875584
1478647281017,328007680,79867904,407875584
1478647434065,328007680,79867904,407875584
1478647588090,328007680,79867904,407875584
1478647743217,328007680,79867904,407875584
1478647898828,328007680,79867904,407875584
1478648053969,328007680,79867904,407875584
1478648208488,328007680,79867904,407875584
1478648362725,328007680,79867904,407875584
1478648518070,328007680,79867904,407875584
1478648674342,328007680,79867904,407875584
1478648833921,328007680,79867904,407875584
1478648985113,328007680,79867904,407875584
1478649140376,328007680,79867904,407875584
1478649294177,328007680,79867904,407875584
1478649447778,328007680,79867904,407875584
1478649603248,328007680,79867904,407875584
1478649756246,326840320,79867904,406708224
1478649907277,328011776,79867904,407879680
1478650062502,328011776,79867904,407879680
1478650081591,328015872,79872000,407887872
1478650218279,328015872,79867904,407883776
1478650374327,328015872,79867904,407883776
1478650530484,328015872,79867904,407883776
1478650684409,328015872,79867904,407883776
1478650844573,328015872,79867904,407883776
1478650999908,328015872,79867904,407883776
1478651154931,328015872,79867904,407883776
1478651309640,328015872,79867904,407883776
1478651464533,328015872,79867904,407883776
1478651620775,328015872,79867904,407883776
1478651776151,328015872,79867904,407883776
1478651931046,328015872,79867904,407883776
1478652085253,328015872,79867904,407883776
1478652245559,328015872,79867904,407883776
1478652400596,328015872,79867904,407883776
1478652555657,328015872,79867904,407883776
1478652711252,328015872,79867904,407883776
1478652866072,328015872,79867904,407883776
1478653022181,328015872,79867904,407883776
1478653177481,328015872,79867904,407883776
1478653327805,328015872,79867904,407883776
1478653484774,328015872,79867904,407883776
1478653644766,328015872,79867904,407883776
1478653799329,328015872,79867904,407883776
1478653954788,328015872,79867904,407883776
1478654109665,328015872,79867904,407883776
1478654265988,328015872,79867904,407883776
1478654426852,328015872,79867904,407883776
1478654581626,328011776,79867904,407879680
1478654741950,328011776,79867904,407879680
1478654791169,328851456,79872000,408723456
1478654898674,328851456,79867904,408719360
1478655052800,328851456,79867904,408719360
1478655207742,328851456,79867904,408719360
1478655363198,328851456,79867904,408719360
1478655518373,328851456,79867904,408719360
1478655673815,328851456,79867904,408719360
1478655828815,328851456,79867904,408719360
1478655984188,328851456,79867904,408719360
1478656138911,328851456,79867904,408719360
1478656295863,328851456,79867904,408719360
1478656448628,328851456,79867904,408719360
1478656602300,328851456,79867904,408719360
1478656753537,328851456,79867904,408719360
1478656905813,328851456,79867904,408719360
1478657060683,328851456,79867904,408719360
1478657222967,328851456,79867904,408719360
1478657377378,328851456,79867904,408719360
1478657534410,328851456,79867904,408719360
1478657689398,328851456,79867904,408719360
1478657842842,328851456,79867904,408719360
1478657998582,328851456,79867904,408719360
1478658154375,328851456,79867904,408719360
1478658315913,328851456,79867904,408719360
1478658464645,328851456,79867904,408719360
1478658619875,328851456,79867904,408719360
1478658774318,328851456,79867904,408719360
1478658930594,328851456,79867904,408719360
1478659084876,328851456,79867904,408719360
1478659241158,328851456,79867904,408719360
1478659394881,328044544,79867904,407912448
1478659550425,328044544,79867904,407912448
1478659589797,328048640,79872000,407920640
1478659701749,328048640,79867904,407916544
1478659856967,328048640,79867904,407916544
1478660014182,328048640,79867904,407916544
1478660167918,328048640,79867904,407916544
1478660320420,328048640,79867904,407916544
1478660473675,328048640,79867904,407916544
1478660627634,328048640,79867904,407916544
1478660783903,328048640,79867904,407916544
1478660935081,328048640,79867904,407916544
1478661090534,328048640,79867904,407916544
1478661246181,328048640,79867904,407916544
1478661401423,328048640,79867904,407916544
1478661553922,328048640,79867904,407916544
1478661706984,328048640,79867904,407916544
1478661863313,328048640,79867904,407916544
1478662017007,328048640,79867904,407916544
1478662170293,328048640,79867904,407916544
1478662325312,328048640,79867904,407916544
1478662480619,328048640,79867904,407916544
1478662635842,328048640,79867904,407916544
1478662792391,328048640,79867904,407916544
1478662946449,328048640,79867904,407916544
1478663102740,328048640,79867904,407916544
1478663257267,328048640,79867904,407916544
1478663411962,328048640,79867904,407916544
1478663567717,328048640,79867904,407916544
1478663723047,328048640,79867904,407916544
1478663883334,328048640,79867904,407916544
1478664044064,328048640,79867904,407916544
1478664199944,328024064,79867904,407891968
1478664353406,328024064,79867904,407891968
1478664373200,328028160,79872000,407900160
1478664509394,328028160,79867904,407896064
1478664665205,328028160,79867904,407896064
1478664821185,328028160,79867904,407896064
1478664977102,328028160,79867904,407896064
1478665129647,328028160,79867904,407896064
1478665285527,328028160,79867904,407896064
1478665444283,328028160,79867904,407896064
1478665600011,328028160,79867904,407896064
1478665753945,328028160,79867904,407896064
1478665910760,328028160,79867904,407896064
1478666063914,328028160,79867904,407896064
1478666220768,328028160,79867904,407896064
1478666375290,328028160,79867904,407896064
1478666530948,328028160,79867904,407896064
1478666687098,328028160,79867904,407896064
1478666842547,328028160,79867904,407896064
1478666992858,328028160,79867904,407896064
1478667150011,328028160,79867904,407896064
1478667303932,328028160,79867904,407896064
1478667459251,328028160,79867904,407896064
1478667615967,328028160,79867904,407896064
1478667769986,328028160,79867904,407896064
1478667930325,328028160,79867904,407896064
1478668079190,328028160,79867904,407896064
1478668231152,328028160,79867904,407896064
1478668382432,328028160,79867904,407896064
1478668533876,328028160,79867904,407896064
1478668689069,328028160,79867904,407896064
1478668843855,328028160,79867904,407896064
1478668998746,328065024,79867904,407932928
1478669154012,328065024,79867904,407932928
1478669208542,329064448,79872000,408936448
1478669305752,329064448,79867904,408932352
1478669459528,329064448,79867904,408932352
1478669614438,329064448,79867904,408932352
1478669767812,329064448,79867904,408932352
1478669922821,329064448,79867904,408932352
1478670079503,329064448,79867904,408932352
1478670233480,329064448,79867904,408932352
1478670388482,329064448,79867904,408932352
1478670543566,329064448,79867904,408932352
1478670695988,329064448,79867904,408932352
1478670851446,329064448,79867904,408932352
1478671007234,329064448,79867904,408932352
1478671159145,329064448,79867904,408932352
1478671313434,329064448,79867904,408932352
1478671468467,329064448,79867904,408932352
1478671624689,329064448,79867904,408932352
1478671779920,329064448,79867904,408932352
1478671933869,329064448,79867904,408932352
1478672089335,329064448,79867904,408932352
1478672244800,329064448,79867904,408932352
1478672400133,329064448,79867904,408932352
1478672555481,329064448,79867904,408932352
1478672711437,329064448,79867904,408932352
1478672864958,329064448,79867904,408932352
1478673020826,329064448,79867904,408932352
1478673176153,329064448,79867904,408932352
1478673330544,329064448,79867904,408932352
1478673485745,329064448,79867904,408932352
1478673646107,329064448,79867904,408932352
1478673802387,328073216,79867904,407941120
1478673958452,328073216,79867904,407941120
1478673968110,328077312,79872000,407949312
1478674112193,328077312,79867904,407945216
1478674267836,328077312,79867904,407945216
1478674424028,328077312,79867904,407945216
1478674579429,328077312,79867904,407945216
1478674734032,328077312,79867904,407945216
1478674893315,328077312,79867904,407945216
1478675048498,328077312,79867904,407945216
1478675204868,328077312,79867904,407945216
1478675358882,328077312,79867904,407945216
1478675515283,328077312,79867904,407945216
1478675670267,328077312,79867904,407945216
1478675825548,328077312,79867904,407945216
1478675977945,328077312,79867904,407945216
1478676134492,328077312,79867904,407945216
1478676290007,328077312,79867904,407945216
1478676446124,328077312,79867904,407945216
1478676598704,328077312,79867904,407945216
1478676755148,328077312,79867904,407945216
1478676905094,328077312,79867904,407945216
1478677059138,328077312,79867904,407945216
1478677214720,328077312,79867904,407945216
1478677370525,328077312,79867904,407945216
1478677532293,328077312,79867904,407945216
1478677682330,328077312,79867904,407945216
1478677842882,328077312,79867904,407945216
1478677995141,328077312,79867904,407945216
1478678151063,328077312,79867904,407945216
1478678305847,328077312,79867904,407945216
1478678458879,326848512,79867904,406716416
1478678614537,328077312,79867904,407945216
1478678755871,328081408,79872000,407953408
1478678922014,328081408,79867904,407949312
1478679078247,328081408,79867904,407949312
1478679230452,328081408,79867904,407949312
1478679382927,328081408,79867904,407949312
1478679544178,328081408,79867904,407949312
1478679700118,328081408,79867904,407949312
1478679854283,328081408,79867904,407949312
1478680009810,328081408,79867904,407949312
1478680165501,328081408,79867904,407949312
1478680319844,328081408,79867904,407949312
1478680470593,328081408,79867904,407949312
1478680626504,328081408,79867904,407949312
1478680778712,328081408,79867904,407949312
1478680936027,328081408,79867904,407949312
1478681090976,328081408,79867904,407949312
1478681246165,328081408,79867904,407949312
1478681397012,328081408,79867904,407949312
1478681552424,328081408,79867904,407949312
1478681703910,328081408,79867904,407949312
1478681858087,328081408,79867904,407949312
1478682014741,328081408,79867904,407949312
1478682169511,328081408,79867904,407949312
1478682324939,328081408,79867904,407949312
1478682478239,328081408,79867904,407949312
1478682633519,328081408,79867904,407949312
1478682788594,328081408,79867904,407949312
1478682945014,328081408,79867904,407949312
1478683095410,328081408,79867904,407949312
1478683250722,328081408,79867904,407949312
1478683405071,328069120,79867904,407937024
1478683559810,328069120,79867904,407937024
1478683568051,328073216,79872000,407945216
1478683715156,328073216,79867904,407941120
1478683870418,328073216,79867904,407941120
1478684026531,328073216,79867904,407941120
1478684182200,328073216,79867904,407941120
1478684337252,328073216,79867904,407941120
1478684488859,328073216,79867904,407941120
1478684645181,328073216,79867904,407941120
1478684799796,328073216,79867904,407941120
1478684956578,328073216,79867904,407941120
1478685111470,328073216,79867904,407941120
1478685266378,328073216,79867904,407941120
1478685422001,328073216,79867904,407941120
1478685583890,328073216,79867904,407941120
1478685744465,328073216,79867904,407941120
1478685898620,328073216,79867904,407941120
1478686059910,328073216,79867904,407941120
1478686214720,328073216,79867904,407941120
1478686370294,328073216,79867904,407941120
1478686525599,328073216,79867904,407941120
1478686681996,328073216,79867904,407941120
1478686837564,328073216,79867904,407941120
1478686990945,328073216,79867904,407941120
1478687145921,328073216,79867904,407941120
1478687309743,328073216,79867904,407941120
1478687456349,328073216,79867904,407941120
1478687611930,328073216,79867904,407941120
1478687766928,328073216,79867904,407941120
1478687922069,328073216,79867904,407941120
1478688078607,326909952,79867904,406777856
1478688232562,328048640,79867904,407916544
1478688380185,328052736,79872000,407924736
1478688544281,328052736,79867904,407920640
1478688698334,328052736,79867904,407920640
1478688853706,328052736,79867904,407920640
1478689008674,328052736,79867904,407920640
1478689163696,328052736,79867904,407920640
1478689315667,328052736,79867904,407920640
1478689471330,328052736,79867904,407920640
1478689625959,328052736,79867904,407920640
1478689781308,328052736,79867904,407920640
1478689936556,328052736,79867904,407920640
1478690091774,328052736,79867904,407920640
1478690248234,328052736,79867904,407920640
1478690402653,328052736,79867904,407920640
1478690555883,328052736,79867904,407920640
1478690711109,328052736,79867904,407920640
1478690866621,328052736,79867904,407920640
1478691021898,328052736,79867904,407920640
1478691176918,328052736,79867904,407920640
1478691333042,328052736,79867904,407920640
1478691487419,328052736,79867904,407920640
1478691643009,328052736,79867904,407920640
1478691797995,328052736,79867904,407920640
1478691954443,328052736,79867904,407920640
1478692109963,328052736,79867904,407920640
1478692264144,328052736,79867904,407920640
1478692419939,328052736,79867904,407920640
1478692574378,328052736,79867904,407920640
1478692730780,328052736,79867904,407920640
1478692885923,326848512,79867904,406716416
1478693045622,328081408,79867904,407949312
1478693201624,328081408,79867904,407949312
1478693205981,328085504,79872000,407957504
1478693353003,328085504,79867904,407953408
1478693507753,328085504,79867904,407953408
1478693663228,328085504,79867904,407953408
1478693819017,328085504,79867904,407953408
1478693973785,328085504,79867904,407953408
1478694130352,328085504,79867904,407953408
1478694284902,328085504,79867904,407953408
1478694440093,328085504,79867904,407953408
1478694595614,328085504,79867904,407953408
1478694749565,328085504,79867904,407953408
1478694905152,328085504,79867904,407953408
1478695059926,328085504,79867904,407953408
1478695213497,328085504,79867904,407953408
1478695368599,328085504,79867904,407953408
1478695523944,328085504,79867904,407953408
1478695680180,328085504,79867904,407953408
1478695836214,328085504,79867904,407953408
1478695987807,328085504,79867904,407953408
1478696143986,328085504,79867904,407953408
1478696299646,328085504,79867904,407953408
1478696461432,328085504,79867904,407953408
1478696614874,328085504,79867904,407953408
1478696767654,328085504,79867904,407953408
1478696923875,328085504,79867904,407953408
1478697084797,328085504,79867904,407953408
1478697234800,328085504,79867904,407953408
1478697390097,328085504,79867904,407953408
1478697544958,328085504,79867904,407953408
1478697700531,326860800,79867904,406728704
1478697856071,328081408,79867904,407949312
1478698010391,328081408,79867904,407949312
1478698024036,328085504,79872000,407957504
1478698163594,328085504,79867904,407953408
1478698318664,328085504,79867904,407953408
1478698474120,328085504,79867904,407953408
1478698629599,328085504,79867904,407953408
1478698784751,328085504,79867904,407953408
1478698945415,328085504,79867904,407953408
1478699101608,328085504,79867904,407953408
1478699255970,328085504,79867904,407953408
1478699410520,328085504,79867904,407953408
1478699565926,328085504,79867904,407953408
1478699721002,328085504,79867904,407953408
1478699876050,328085504,79867904,407953408
1478700031348,328085504,79867904,407953408
1478700186576,328085504,79867904,407953408
1478700346609,328085504,79867904,407953408
1478700501575,328085504,79867904,407953408
1478700654019,328085504,79867904,407953408
1478700806603,328085504,79867904,407953408
1478700959303,328085504,79867904,407953408
1478701114719,328085504,79867904,407953408
1478701265311,328085504,79867904,407953408
1478701421761,328085504,79867904,407953408
1478701577999,328085504,79867904,407953408
1478701732809,328085504,79867904,407953408
1478701885627,328085504,79867904,407953408
1478702045692,328085504,79867904,407953408
1478702200885,328085504,79867904,407953408
1478702356292,328085504,79867904,407953408
1478702512634,326881280,79867904,406749184
1478702667172,328073216,79867904,407941120
1478702819184,328073216,79867904,407941120
1478702831623,328077312,79872000,407949312
1478702975818,328077312,79867904,407945216
1478703130183,328077312,79867904,407945216
1478703283680,328077312,79867904,407945216
1478703445404,328077312,79867904,407945216
1478703596999,328077312,79867904,407945216
1478703752340,328077312,79867904,407945216
1478703908312,328077312,79867904,407945216
1478704062890,328077312,79867904,407945216
1478704217849,328077312,79867904,407945216
1478704372874,328077312,79867904,407945216
1478704529907,328077312,79867904,407945216
1478704684854,328077312,79867904,407945216
1478704844545,328077312,79867904,407945216
1478704998003,328077312,79867904,407945216
1478705154066,328077312,79867904,407945216
1478705309640,328077312,79867904,407945216
1478705463770,328077312,79867904,407945216
1478705619388,328077312,79867904,407945216
1478705771943,328077312,79867904,407945216
1478705927840,328077312,79867904,407945216
1478706082642,328077312,79867904,407945216
1478706243056,328077312,79867904,407945216
1478706399732,328077312,79867904,407945216
1478706554974,328077312,79867904,407945216
1478706715466,328077312,79867904,407945216
1478706865322,328077312,79867904,407945216
1478707019773,328077312,79867904,407945216
1478707175141,328077312,79867904,407945216
1478707330160,326873088,79867904,406740992
1478707491208,328077312,79867904,407945216
1478707641194,328142848,79872000,408014848
1478707801864,328142848,79867904,408010752
1478707956907,328142848,79867904,408010752
1478708109717,328142848,79867904,408010752
1478708263936,328142848,79867904,408010752
1478708420446,328142848,79867904,408010752
1478708573868,328142848,79867904,408010752
1478708728182,328142848,79867904,408010752
1478708883336,328142848,79867904,408010752
1478709043688,328142848,79867904,408010752
1478709200248,328142848,79867904,408010752
1478709355160,328142848,79867904,408010752
1478709509238,328142848,79867904,408010752
1478709664323,328142848,79867904,408010752
1478709820781,328142848,79867904,408010752
1478709976040,328142848,79867904,408010752
1478710131172,328142848,79867904,408010752
1478710285261,328142848,79867904,408010752
1478710445082,328142848,79867904,408010752
1478710599438,328142848,79867904,408010752
1478710753895,328142848,79867904,408010752
1478710906884,328142848,79867904,408010752
1478711060273,328142848,79867904,408010752
1478711215871,328142848,79867904,408010752
1478711370352,328142848,79867904,408010752
1478711524718,328142848,79867904,408010752
1478711679933,328142848,79867904,408010752
1478711831985,328142848,79867904,408010752
1478711984829,328142848,79867904,408010752
1478712139950,326938624,79867904,406806528
1478712295701,328155136,79867904,408023040
1478712450046,328155136,79867904,408023040
1478712456094,328155136,79872000,408027136
1478712603282,328155136,79867904,408023040
1478712759943,328155136,79867904,408023040
1478712919158,328155136,79867904,408023040
1478713076060,328155136,79867904,408023040
1478713231051,328155136,79867904,408023040
1478713386111,328155136,79867904,408023040
1478713546064,328155136,79867904,408023040
1478713701227,328155136,79867904,408023040
1478713857672,328155136,79867904,408023040
1478714012482,328155136,79867904,408023040
1478714164595,328155136,79867904,408023040
1478714319611,328155136,79867904,408023040
1478714475301,328155136,79867904,408023040
1478714630812,328155136,79867904,408023040
1478714786328,328155136,79867904,408023040
1478714946680,328155136,79867904,408023040
1478715099166,328155136,79867904,408023040
1478715254537,328155136,79867904,408023040
1478715409036,328155136,79867904,408023040
1478715559812,328155136,79867904,408023040
1478715715004,328155136,79867904,408023040
1478715871812,328155136,79867904,408023040
1478716026563,328155136,79867904,408023040
1478716182551,328155136,79867904,408023040
1478716344405,328155136,79867904,408023040
1478716492720,328155136,79867904,408023040
1478716648100,328155136,79867904,408023040
1478716806136,328155136,79867904,408023040
1478716960330,326991872,79867904,406859776
1478717115650,328155136,79867904,408023040
1478717267333,328155136,79867904,408023040
1478717279439,328155136,79872000,408027136
1478717422115,328155136,79867904,408023040
1478717573429,328155136,79867904,408023040
1478717728625,328155136,79867904,408023040
1478717884047,328155136,79867904,408023040
1478718044179,328155136,79867904,408023040
1478718200259,328155136,79867904,408023040
1478718355687,328155136,79867904,408023040
1478718510146,328155136,79867904,408023040
1478718664692,328155136,79867904,408023040
1478718820006,328155136,79867904,408023040
1478718975203,328155136,79867904,408023040
1478719130246,328155136,79867904,408023040
1478719285373,328155136,79867904,408023040
1478719445632,328155136,79867904,408023040
1478719599517,328155136,79867904,408023040
1478719753193,328155136,79867904,408023040
1478719908275,328155136,79867904,408023040
1478720063473,328155136,79867904,408023040
1478720220184,328155136,79867904,408023040
1478720374979,328155136,79867904,408023040
1478720531214,328155136,79867904,408023040
1478720685036,328155136,79867904,408023040
1478720840347,328155136,79867904,408023040
1478720996747,328155136,79867904,408023040
1478721152087,328155136,79867904,408023040
1478721307290,328155136,79867904,408023040
1478721462482,328155136,79867904,408023040
1478721617607,328155136,79867904,408023040
1478721771692,328142848,79867904,408010752
1478721928287,328142848,79867904,408010752
1478721973492,328142848,79872000,408014848
1478722079594,328142848,79867904,408010752
1478722234272,328142848,79867904,408010752
1478722389176,328142848,79867904,408010752
1478722544551,328142848,79867904,408010752
1478722701850,328142848,79867904,408010752
1478722857644,328142848,79867904,408010752
1478723011928,328142848,79867904,408010752
1478723166844,328142848,79867904,408010752
1478723321998,328142848,79867904,408010752
1478723476837,328142848,79867904,408010752
1478723633704,328142848,79867904,408010752
1478723786827,328142848,79867904,408010752
1478723947920,328142848,79867904,408010752
1478724103008,328142848,79867904,408010752
1478724258341,328142848,79867904,408010752
1478724413432,328142848,79867904,408010752
1478724567420,328142848,79867904,408010752
1478724724305,328142848,79867904,408010752
1478724879261,328142848,79867904,408010752
1478725034869,328142848,79867904,408010752
1478725186972,328142848,79867904,408010752
1478725344152,328142848,79867904,408010752
1478725498451,328142848,79867904,408010752
1478725654014,328142848,79867904,408010752
1478725809556,328142848,79867904,408010752
1478725970274,328142848,79867904,408010752
1478726119496,328142848,79867904,408010752
1478726273647,328142848,79867904,408010752
1478726430721,328142848,79867904,408010752
1478726585997,328171520,79867904,408039424
1478726746211,328171520,79867904,408039424
1478726780089,328171520,79872000,408043520
1478726897993,328171520,79867904,408039424
1478727052233,328171520,79867904,408039424
1478727207188,328171520,79867904,408039424
1478727363341,328171520,79867904,408039424
1478727517724,328171520,79867904,408039424
1478727669054,328171520,79867904,408039424
1478727824018,328171520,79867904,408039424
1478727980250,328171520,79867904,408039424
1478728135324,328171520,79867904,408039424
1478728289443,328171520,79867904,408039424
1478728445599,328171520,79867904,408039424
1478728599366,328171520,79867904,408039424
1478728754772,328171520,79867904,408039424
1478728909527,328171520,79867904,408039424
1478729066280,328171520,79867904,408039424
1478729221120,328171520,79867904,408039424
1478729375372,328171520,79867904,408039424
1478729530640,328171520,79867904,408039424
1478729684871,328171520,79867904,408039424
1478729845135,328171520,79867904,408039424
1478730001336,328171520,79867904,408039424
1478730156340,328171520,79867904,408039424
1478730310893,328171520,79867904,408039424
1478730465998,328171520,79867904,408039424
1478730621367,328171520,79867904,408039424
1478730772821,328171520,79867904,408039424
1478730928021,328171520,79867904,408039424
1478731083265,328171520,79867904,408039424
1478731243512,328171520,79867904,408039424
1478731397247,328142848,79867904,408010752
1478731557458,328142848,79867904,408010752
1478731583633,328142848,79872000,408014848
1478731712540,328142848,79867904,408010752
1478731867893,328142848,79867904,408010752
1478732019494,328142848,79867904,408010752
1478732175032,328142848,79867904,408010752
1478732330438,328142848,79867904,408010752
1478732486679,328142848,79867904,408010752
1478732641738,328142848,79867904,408010752
1478732796517,328142848,79867904,408010752
1478732949397,328142848,79867904,408010752
1478733105748,328142848,79867904,408010752
1478733257529,328142848,79867904,408010752
1478733414444,328142848,79867904,408010752
1478733568263,328142848,79867904,408010752
1478733723903,328142848,79867904,408010752
1478733878090,328142848,79867904,408010752
1478734033168,328142848,79867904,408010752
1478734189319,328142848,79867904,408010752
1478734345920,328142848,79867904,408010752
1478734501296,328142848,79867904,408010752
1478734655610,328142848,79867904,408010752
1478734809414,328142848,79867904,408010752
1478734964549,328142848,79867904,408010752
1478735121772,328142848,79867904,408010752
1478735276422,328142848,79867904,408010752
1478735430811,328142848,79867904,408010752
1478735592001,328142848,79867904,408010752
1478735742165,328142848,79867904,408010752
1478735897544,328142848,79867904,408010752
1478736051073,328142848,79867904,408010752
1478736205211,328286208,79867904,408154112
1478736359565,328286208,79867904,408154112
1478736389517,328286208,79872000,408158208
1478736515556,328286208,79867904,408154112
1478736667606,328286208,79867904,408154112
1478736823374,328286208,79867904,408154112
1478736977654,328286208,79867904,408154112
1478737132104,328286208,79867904,408154112
1478737287295,328286208,79867904,408154112
1478737442753,328286208,79867904,408154112
1478737596048,328286208,79867904,408154112
1478737751852,328286208,79867904,408154112
1478737907930,328286208,79867904,408154112
1478738062580,328286208,79867904,408154112
1478738217954,328286208,79867904,408154112
1478738372984,328286208,79867904,408154112
1478738524288,328286208,79867904,408154112
1478738679493,328286208,79867904,408154112
1478738835347,328286208,79867904,408154112
1478738990394,328286208,79867904,408154112
1478739145447,328286208,79867904,408154112
1478739297028,328286208,79867904,408154112
1478739452561,328286208,79867904,408154112
1478739607367,328286208,79867904,408154112
1478739758958,328286208,79867904,408154112
1478739915295,328286208,79867904,408154112
1478740069423,328286208,79867904,408154112
1478740225452,328286208,79867904,408154112
1478740380536,328286208,79867904,408154112
1478740536042,328286208,79867904,408154112
1478740689169,328286208,79867904,408154112
1478740844613,328286208,79867904,408154112
1478740999889,328314880,79867904,408182784
1478741155868,328314880,79867904,408182784
1478741186432,328314880,79872000,408186880
1478741310013,328314880,79867904,408182784
1478741465480,328314880,79867904,408182784
1478741621854,328314880,79867904,408182784
1478741777408,328314880,79867904,408182784
1478741932807,328314880,79867904,408182784
1478742088297,328314880,79867904,408182784
1478742244869,328314880,79867904,408182784
1478742398797,328314880,79867904,408182784
1478742554376,328314880,79867904,408182784
1478742709700,328314880,79867904,408182784
1478742866206,328314880,79867904,408182784
1478743020727,328314880,79867904,408182784
1478743175194,328314880,79867904,408182784
1478743330636,328314880,79867904,408182784
1478743484491,328314880,79867904,408182784
1478743640964,328314880,79867904,408182784
1478743794987,328314880,79867904,408182784
1478743950624,328314880,79867904,408182784
1478744105361,328314880,79867904,408182784
1478744260947,328314880,79867904,408182784
1478744413635,328314880,79867904,408182784
1478744565678,328314880,79867904,408182784
1478744721163,328314880,79867904,408182784
1478744874790,328314880,79867904,408182784
1478745029020,328314880,79867904,408182784
1478745184064,328314880,79867904,408182784
1478745335906,328314880,79867904,408182784
1478745490223,328314880,79867904,408182784
1478745645358,328314880,79867904,408182784
1478745801778,328294400,79867904,408162304
1478745957153,328294400,79867904,408162304
1478746012519,328294400,79872000,408166400
1478746111792,328294400,79867904,408162304
1478746267316,328294400,79867904,408162304
1478746420783,328294400,79867904,408162304
1478746575407,328294400,79867904,408162304
1478746730742,328294400,79867904,408162304
1478746882924,328294400,79867904,408162304
1478747043292,328294400,79867904,408162304
1478747198615,328294400,79867904,408162304
1478747353850,328294400,79867904,408162304
1478747510348,328294400,79867904,408162304
1478747664494,328294400,79867904,408162304
1478747819966,328294400,79867904,408162304
1478747975177,328294400,79867904,408162304
1478748130477,328294400,79867904,408162304
1478748285754,328294400,79867904,408162304
1478748445682,328294400,79867904,408162304
1478748600896,328294400,79867904,408162304
1478748756387,328294400,79867904,408162304
1478748912933,328294400,79867904,408162304
1478749064141,328294400,79867904,408162304
1478749214942,328294400,79867904,408162304
1478749370270,328294400,79867904,408162304
1478749525431,328294400,79867904,408162304
1478749681927,328294400,79867904,408162304
1478749835906,328294400,79867904,408162304
1478749991724,328294400,79867904,408162304
1478750147225,328294400,79867904,408162304
1478750302607,328294400,79867904,408162304
1478750456796,328294400,79867904,408162304
1478750616985,328278016,79867904,408145920
1478750772047,328278016,79867904,408145920
1478750805366,328278016,79872000,408150016
1478750928408,328278016,79867904,408145920
1478751083210,328278016,79867904,408145920
1478751237484,328278016,79867904,408145920
1478751390640,328278016,79867904,408145920
1478751546696,328278016,79867904,408145920
1478751701926,328278016,79867904,408145920
1478751856574,328278016,79867904,408145920
1478752012275,328278016,79867904,408145920
1478752166906,328278016,79867904,408145920
1478752322272,328278016,79867904,408145920
1478752478245,328278016,79867904,408145920
1478752632397,328278016,79867904,408145920
1478752788925,328278016,79867904,408145920
1478752944012,328278016,79867904,408145920
1478753097051,328278016,79867904,408145920
1478753251258,328278016,79867904,408145920
1478753406223,328278016,79867904,408145920
1478753560482,328278016,79867904,408145920
1478753716108,328278016,79867904,408145920
1478753870852,328278016,79867904,408145920
1478754026978,328278016,79867904,408145920
1478754180781,328278016,79867904,408145920
1478754336244,328278016,79867904,408145920
1478754487686,328278016,79867904,408145920
1478754652339,328278016,79867904,408145920
1478754801570,328278016,79867904,408145920
1478754962654,328278016,79867904,408145920
1478755117284,328278016,79867904,408145920
1478755270910,327069696,79867904,406937600
1478755427296,328318976,79867904,408186880
1478755581769,328318976,79867904,408186880
1478755593717,328318976,79872000,408190976
1478755736695,328318976,79867904,408186880
1478755888639,328318976,79867904,408186880
1478756048956,328318976,79867904,408186880
1478756201726,328318976,79867904,408186880
1478756356537,328318976,79867904,408186880
1478756510826,328318976,79867904,408186880
1478756664916,328318976,79867904,408186880
1478756821282,328318976,79867904,408186880
1478756974409,328318976,79867904,408186880
1478757128180,328318976,79867904,408186880
1478757283635,328318976,79867904,408186880
1478757443197,328318976,79867904,408186880
1478757599789,328318976,79867904,408186880
1478757755217,328318976,79867904,408186880
1478757909161,328318976,79867904,408186880
1478758061484,328318976,79867904,408186880
1478758216257,328318976,79867904,408186880
1478758370154,328318976,79867904,408186880
1478758524625,328318976,79867904,408186880
1478758681033,328318976,79867904,408186880
1478758833349,328318976,79867904,408186880
1478758986482,328318976,79867904,408186880
1478759145587,328318976,79867904,408186880
1478759301624,328318976,79867904,408186880
1478759457147,328318976,79867904,408186880
1478759612106,328318976,79867904,408186880
1478759767516,328318976,79867904,408186880
1478759924540,328318976,79867904,408186880
1478760075751,327163904,79867904,407031808
1478760230049,328302592,79867904,408170496
1478760386178,328302592,79867904,408170496
1478760414969,328302592,79872000,408174592
1478760545296,328302592,79867904,408170496
1478760701888,328302592,79867904,408170496
1478760855797,328302592,79867904,408170496
1478761011924,328302592,79867904,408170496
1478761167198,328302592,79867904,408170496
1478761322529,328302592,79867904,408170496
1478761477154,328302592,79867904,408170496
1478761631699,328302592,79867904,408170496
1478761782418,328302592,79867904,408170496
1478761935862,328302592,79867904,408170496
1478762090485,328302592,79867904,408170496
1478762245203,328302592,79867904,408170496
1478762400268,328302592,79867904,408170496
1478762555620,328302592,79867904,408170496
1478762711542,328302592,79867904,408170496
1478762866924,328302592,79867904,408170496
1478763021816,328302592,79867904,408170496
1478763177225,328302592,79867904,408170496
1478763332568,328302592,79867904,408170496
1478763486696,328302592,79867904,408170496
1478763646720,328302592,79867904,408170496
1478763803376,328302592,79867904,408170496
1478763959030,328302592,79867904,408170496
1478764112925,328302592,79867904,408170496
1478764273611,328302592,79867904,408170496
1478764422211,328302592,79867904,408170496
1478764577431,328302592,79867904,408170496
1478764733651,328302592,79867904,408170496
1478764887041,327061504,79867904,406929408
1478765046330,328310784,79867904,408178688
1478765200588,328310784,79867904,408178688
1478765215268,328310784,79872000,408182784
1478765355809,328310784,79867904,408178688
1478765511125,328310784,79867904,408178688
1478765666282,328310784,79867904,408178688
1478765822411,328310784,79867904,408178688
1478765978515,328310784,79867904,408178688
1478766130965,328310784,79867904,408178688
1478766285270,328310784,79867904,408178688
1478766441034,328310784,79867904,408178688
1478766596514,328310784,79867904,408178688
1478766749527,328310784,79867904,408178688
1478766901188,328310784,79867904,408178688
1478767055214,328310784,79867904,408178688
1478767210403,328310784,79867904,408178688
1478767366046,328310784,79867904,408178688
1478767522146,328310784,79867904,408178688
1478767673596,328310784,79867904,408178688
1478767829961,328310784,79867904,408178688
1478767980660,328310784,79867904,408178688
1478768137110,328310784,79867904,408178688
1478768292665,328310784,79867904,408178688
1478768444106,328310784,79867904,408178688
1478768598548,328310784,79867904,408178688
1478768755803,328310784,79867904,408178688
1478768909617,328310784,79867904,408178688
1478769064599,328310784,79867904,408178688
1478769216801,328310784,79867904,408178688
1478769371905,328310784,79867904,408178688
1478769527858,328310784,79867904,408178688
1478769680975,327073792,79867904,406941696
1478769835574,328282112,79867904,408150016
1478769991836,328282112,79867904,408150016
1478770047185,328282112,79872000,408154112
1478770146914,328282112,79867904,408150016
1478770302732,328282112,79867904,408150016
1478770457284,328282112,79867904,408150016
1478770613582,328282112,79867904,408150016
1478770767798,328282112,79867904,408150016
1478770924150,328282112,79867904,408150016
1478771075239,328282112,79867904,408150016
1478771230155,328282112,79867904,408150016
1478771381821,328282112,79867904,408150016
1478771535521,328282112,79867904,408150016
1478771691937,328282112,79867904,408150016
1478771846156,328282112,79867904,408150016
1478771999838,328282112,79867904,408150016
1478772156599,328282112,79867904,408150016
1478772310860,328282112,79867904,408150016
1478772467670,328282112,79867904,408150016
1478772619916,328282112,79867904,408150016
1478772772298,328282112,79867904,408150016
1478772925696,328282112,79867904,408150016
1478773080973,328282112,79867904,408150016
1478773235146,328282112,79867904,408150016
1478773390797,328282112,79867904,408150016
1478773546289,328282112,79867904,408150016
1478773701231,328282112,79867904,408150016
1478773865070,328282112,79867904,408150016
1478774012320,328282112,79867904,408150016
1478774166599,328282112,79867904,408150016
1478774319951,328282112,79867904,408150016
1478774475093,328028160,79867904,407896064
1478774631655,328286208,79867904,408154112
1478774786255,328286208,79867904,408154112
1478774809160,328351744,79872000,408223744
1478774946618,328351744,79867904,408219648
1478775101639,328351744,79867904,408219648
1478775256293,328351744,79867904,408219648
1478775410880,328351744,79867904,408219648
1478775566370,328351744,79867904,408219648
1478775721407,328351744,79867904,408219648
1478775872833,328351744,79867904,408219648
1478776028624,328351744,79867904,408219648
1478776184278,328351744,79867904,408219648
1478776345692,328351744,79867904,408219648
1478776500183,328351744,79867904,408219648
1478776656906,328351744,79867904,408219648
1478776808229,328351744,79867904,408219648
1478776960191,328351744,79867904,408219648
1478777115577,328351744,79867904,408219648
1478777266460,328351744,79867904,408219648
1478777420040,328351744,79867904,408219648
1478777575424,328351744,79867904,408219648
1478777732246,328351744,79867904,408219648
1478777886815,328351744,79867904,408219648
1478778046419,328351744,79867904,408219648
1478778202091,328351744,79867904,408219648
1478778355898,328351744,79867904,408219648
1478778511024,328351744,79867904,408219648
1478778666263,328351744,79867904,408219648
1478778822319,328351744,79867904,408219648
1478778983254,328351744,79867904,408219648
1478779137501,328351744,79867904,408219648
1478779292302,327155712,79867904,407023616
1478779445727,328343552,79867904,408211456
1478779601316,328343552,79867904,408211456
1478779636862,328343552,79872000,408215552
1478779756474,328343552,79867904,408211456
1478779911253,328343552,79867904,408211456
1478780066929,328343552,79867904,408211456
1478780222068,328343552,79867904,408211456
1478780377171,328343552,79867904,408211456
1478780532660,328343552,79867904,408211456
1478780687728,328343552,79867904,408211456
1478780848891,328343552,79867904,408211456
1478781004572,328343552,79867904,408211456
1478781158461,328343552,79867904,408211456
1478781314259,328343552,79867904,408211456
1478781468564,328343552,79867904,408211456
1478781623924,328343552,79867904,408211456
1478781777925,328343552,79867904,408211456
1478781933569,328343552,79867904,408211456
1478782085970,328343552,79867904,408211456
1478782246746,328343552,79867904,408211456
1478782401862,328343552,79867904,408211456
1478782555595,328343552,79867904,408211456
1478782706999,328343552,79867904,408211456
1478782858682,328343552,79867904,408211456
1478783014015,328343552,79867904,408211456
1478783166337,328343552,79867904,408211456
1478783322533,328343552,79867904,408211456
1478783484958,328343552,79867904,408211456
1478783633783,328343552,79867904,408211456
1478783788464,328343552,79867904,408211456
1478783944534,328343552,79867904,408211456
1478784099915,327299072,79867904,407166976
1478784254646,328331264,79867904,408199168
1478784409649,328331264,79867904,408199168
1478784447732,329322496,79872000,409194496
1478784561792,329322496,79867904,409190400
1478784722179,329322496,79867904,409190400
1478784876242,329322496,79867904,409190400
1478785031314,329322496,79867904,409190400
1478785185833,329322496,79867904,409190400
1478785346535,329322496,79867904,409190400
1478785501709,329322496,79867904,409190400
1478785656985,329322496,79867904,409190400
1478785812891,329322496,79867904,409190400
1478785967210,329322496,79867904,409190400
1478786123604,329322496,79867904,409190400
1478786278498,329322496,79867904,409190400
1478786433365,329322496,79867904,409190400
1478786586927,329322496,79867904,409190400
1478786746366,329322496,79867904,409190400
1478786900713,329322496,79867904,409190400
1478787057108,329322496,79867904,409190400
1478787210729,329322496,79867904,409190400
1478787366430,329322496,79867904,409190400
1478787521983,329322496,79867904,409190400
1478787677304,329322496,79867904,409190400
1478787831968,329322496,79867904,409190400
1478787988392,329322496,79867904,409190400
1478788144897,329322496,79867904,409190400
1478788297969,329322496,79867904,409190400
1478788453870,329322496,79867904,409190400
1478788609100,329322496,79867904,409190400
1478788763922,329322496,79867904,409190400
1478788918289,328114176,79867904,407982080
1478789073422,328368128,79867904,408236032
1478789222938,328368128,79872000,408240128
1478789386040,328368128,79867904,408236032
1478789546173,328368128,79867904,408236032
1478789701867,328368128,79867904,408236032
1478789857757,328368128,79867904,408236032
1478790012049,328368128,79867904,408236032
1478790165922,328368128,79867904,408236032
1478790320779,328368128,79867904,408236032
1478790475420,328368128,79867904,408236032
1478790631434,328368128,79867904,408236032
1478790786326,328368128,79867904,408236032
1478790947074,328368128,79867904,408236032
1478791101901,328368128,79867904,408236032
1478791257254,328368128,79867904,408236032
1478791412614,328368128,79867904,408236032
1478791567955,328368128,79867904,408236032
1478791723244,328368128,79867904,408236032
1478791876450,328368128,79867904,408236032
1478792032867,328368128,79867904,408236032
1478792185368,328368128,79867904,408236032
1478792345439,328368128,79867904,408236032
1478792500943,328368128,79867904,408236032
1478792656923,328368128,79867904,408236032
1478792811196,328368128,79867904,408236032
1478792967221,328368128,79867904,408236032
1478793129354,328368128,79867904,408236032
1478793275872,328368128,79867904,408236032
1478793432072,328368128,79867904,408236032
1478793583980,328368128,79867904,408236032
1478793744310,327135232,79867904,407003136
1478793899764,328376320,79867904,408244224
1478794055329,328376320,79872000,408248320
1478794210473,328376320,79867904,408244224
1478794366017,328376320,79867904,408244224
1478794520096,328376320,79867904,408244224
1478794675354,328376320,79867904,408244224
1478794830804,328376320,79867904,408244224
1478794986216,328376320,79867904,408244224
1478795147264,328376320,79867904,408244224
1478795301511,328376320,79867904,408244224
1478795456570,328376320,79867904,408244224
1478795611844,328376320,79867904,408244224
1478795767613,328376320,79867904,408244224
1478795921968,328376320,79867904,408244224
1478796078014,328376320,79867904,408244224
1478796231160,328376320,79867904,408244224
1478796385778,328376320,79867904,408244224
1478796545786,328376320,79867904,408244224
1478796701464,328376320,79867904,408244224
1478796855786,328376320,79867904,408244224
1478797011843,328376320,79867904,408244224
1478797165336,328376320,79867904,408244224
1478797318065,328376320,79867904,408244224
1478797472281,328376320,79867904,408244224
1478797626878,328376320,79867904,408244224
1478797783032,328376320,79867904,408244224
1478797937971,328376320,79867904,408244224
1478798093160,328376320,79867904,408244224
1478798248642,328376320,79867904,408244224
1478798405254,328376320,79867904,408244224
1478798558376,327364608,79867904,407232512
1478798713344,328364032,79867904,408231936
1478798869397,328364032,79872000,408236032
1478799021744,328364032,79867904,408231936
1478799176461,328364032,79867904,408231936
1478799328278,328364032,79867904,408231936
1478799481064,328364032,79867904,408231936
1478799637615,328364032,79867904,408231936
1478799789409,328364032,79867904,408231936
1478799949327,328364032,79867904,408231936
1478800102883,328364032,79867904,408231936
1478800257193,328364032,79867904,408231936
1478800410483,328364032,79867904,408231936
1478800565843,328364032,79867904,408231936
1478800722356,328364032,79867904,408231936
1478800874951,328364032,79867904,408231936
1478801031239,328364032,79867904,408231936
1478801182616,328364032,79867904,408231936
1478801337649,328364032,79867904,408231936
1478801488964,328364032,79867904,408231936
1478801649029,328364032,79867904,408231936
1478801806052,328364032,79867904,408231936
1478801958816,328364032,79867904,408231936
1478802110776,328364032,79867904,408231936
1478802266427,328364032,79867904,408231936
1478802422288,328364032,79867904,408231936
1478802576610,328364032,79867904,408231936
1478802731827,328364032,79867904,408231936
1478802884054,328364032,79867904,408231936
1478803041488,328364032,79867904,408231936
1478803190891,328364032,79867904,408231936
1478803347512,327139328,79867904,407007232
1478803499660,328355840,79867904,408223744
1478803654388,328355840,79867904,408223744
1478803661856,328355840,79872000,408227840
1478803809670,328355840,79867904,408223744
1478803964901,328355840,79867904,408223744
1478804121387,328355840,79867904,408223744
1478804271994,328355840,79867904,408223744
1478804428233,328355840,79867904,408223744
1478804581476,328355840,79867904,408223744
1478804737685,328355840,79867904,408223744
1478804892758,328355840,79867904,408223744
1478805047421,328355840,79867904,408223744
1478805200598,328355840,79867904,408223744
1478805355257,328355840,79867904,408223744
1478805509650,328355840,79867904,408223744
1478805664972,328355840,79867904,408223744
1478805821562,328355840,79867904,408223744
1478805975958,328355840,79867904,408223744
1478806133416,328355840,79867904,408223744
1478806288834,328355840,79867904,408223744
1478806448046,328355840,79867904,408223744
1478806600847,328355840,79867904,408223744
1478806757929,328355840,79867904,408223744
1478806913095,328355840,79867904,408223744
1478807066190,328355840,79867904,408223744
1478807220629,328355840,79867904,408223744
1478807375896,328355840,79867904,408223744
1478807529292,328355840,79867904,408223744
1478807685729,328355840,79867904,408223744
1478807846583,328355840,79867904,408223744
1478807996209,328355840,79867904,408223744
1478808153020,327139328,79867904,407007232
1478808308704,328331264,79867904,408199168
1478808463103,328331264,79867904,408199168
1478808470943,328331264,79872000,408203264
1478808618878,328331264,79867904,408199168
1478808774019,328331264,79867904,408199168
1478808929565,328331264,79867904,408199168
1478809084849,328331264,79867904,408199168
1478809238899,328331264,79867904,408199168
1478809394258,328331264,79867904,408199168
1478809549547,328331264,79867904,408199168
1478809704700,328331264,79867904,408199168
1478809861144,328331264,79867904,408199168
1478810015272,328331264,79867904,408199168
1478810170324,328331264,79867904,408199168
1478810325346,328331264,79867904,408199168
1478810481640,328331264,79867904,408199168
1478810635548,328331264,79867904,408199168
1478810790689,328331264,79867904,408199168
1478810946098,328331264,79867904,408199168
1478811101430,328331264,79867904,408199168
1478811257658,328331264,79867904,408199168
1478811411569,328331264,79867904,408199168
1478811568199,328331264,79867904,408199168
1478811721360,328331264,79867904,408199168
1478811875779,328331264,79867904,408199168
1478812031786,328331264,79867904,408199168
1478812186218,328331264,79867904,408199168
1478812346957,328331264,79867904,408199168
1478812503503,328331264,79867904,408199168
1478812661737,328331264,79867904,408199168
1478812812445,328331264,79867904,408199168
1478812966411,328364032,79867904,408231936
1478813121627,328364032,79867904,408231936
1478813178272,328364032,79872000,408236032
1478813275843,328364032,79867904,408231936
1478813431715,328364032,79867904,408231936
1478813587380,328364032,79867904,408231936
1478813746730,328364032,79867904,408231936
1478813902545,328364032,79867904,408231936
1478814057107,328364032,79867904,408231936
1478814212399,328364032,79867904,408231936
1478814365880,328364032,79867904,408231936
1478814522026,328364032,79867904,408231936
1478814676308,328364032,79867904,408231936
1478814832650,328364032,79867904,408231936
1478814987946,328364032,79867904,408231936
1478815148096,328364032,79867904,408231936
1478815302196,328364032,79867904,408231936
1478815456650,328364032,79867904,408231936
1478815611761,328364032,79867904,408231936
1478815765892,328364032,79867904,408231936
1478815922447,328364032,79867904,408231936
1478816077486,328364032,79867904,408231936
1478816231596,328364032,79867904,408231936
1478816386863,328364032,79867904,408231936
1478816549060,328364032,79867904,408231936
1478816703962,328364032,79867904,408231936
1478816858308,328364032,79867904,408231936
1478817011017,328364032,79867904,408231936
1478817166103,328364032,79867904,408231936
1478817320995,328364032,79867904,408231936
1478817475934,328364032,79867904,408231936
1478817632266,328364032,79867904,408231936
1478817785763,328343552,79867904,408211456
1478817937163,328343552,79867904,408211456
1478817975143,328343552,79872000,408215552
1478818092155,328343552,79867904,408211456
1478818247366,328343552,79867904,408211456
1478818402253,328343552,79867904,408211456
1478818557910,328343552,79867904,408211456
1478818711689,328343552,79867904,408211456
1478818868323,328343552,79867904,408211456
1478819023350,328343552,79867904,408211456
1478819178294,328343552,79867904,408211456
1478819334937,328343552,79867904,408211456
1478819486858,328343552,79867904,408211456
1478819642320,328343552,79867904,408211456
1478819798570,328343552,79867904,408211456
1478819952804,328343552,79867904,408211456
1478820106197,328343552,79867904,408211456
1478820262355,328343552,79867904,408211456
1478820417010,328343552,79867904,408211456
1478820571307,328343552,79867904,408211456
1478820727197,328343552,79867904,408211456
1478820881268,328343552,79867904,408211456
1478821037291,328343552,79867904,408211456
1478821192399,328343552,79867904,408211456
1478821347596,328343552,79867904,408211456
1478821501221,328343552,79867904,408211456
1478821656809,328343552,79867904,408211456
1478821809639,328343552,79867904,408211456
1478821961839,328343552,79867904,408211456
1478822123496,328343552,79867904,408211456
1478822271269,328343552,79867904,408211456
1478822426729,328343552,79867904,408211456
1478822579017,328343552,79867904,408211456
1478822733417,328343552,79867904,408211456
1478822774338,328343552,79872000,408215552
1478822888808,328343552,79867904,408211456
1478823048945,328343552,79867904,408211456
1478823204116,328343552,79867904,408211456
1478823359413,328343552,79867904,408211456
1478823514573,328343552,79867904,408211456
1478823670061,328343552,79867904,408211456
1478823825727,328343552,79867904,408211456
1478823980904,328343552,79867904,408211456
1478824136222,328343552,79867904,408211456
1478824291607,328343552,79867904,408211456
1478824446071,328343552,79867904,408211456
1478824601752,328343552,79867904,408211456
1478824756412,328343552,79867904,408211456
1478824911491,328343552,79867904,408211456
1478825066831,328343552,79867904,408211456
1478825221902,328343552,79867904,408211456
1478825376345,328343552,79867904,408211456
1478825531931,328343552,79867904,408211456
1478825687384,328343552,79867904,408211456
1478825846430,328343552,79867904,408211456
1478826007603,328343552,79867904,408211456
1478826160673,328343552,79867904,408211456
1478826312811,328343552,79867904,408211456
1478826467665,328343552,79867904,408211456
1478826622318,328343552,79867904,408211456
1478826777290,328343552,79867904,408211456
1478826932660,328343552,79867904,408211456
1478827087127,328343552,79867904,408211456
1478827247727,328343552,79867904,408211456
1478827403706,328351744,79867904,408219648
1478827559137,328351744,79867904,408219648
1478827569354,328351744,79872000,408223744
1478827713879,328351744,79867904,408219648
1478827866791,328351744,79867904,408219648
1478828023087,328351744,79867904,408219648
1478828176163,328351744,79867904,408219648
1478828331048,328351744,79867904,408219648
1478828487330,328351744,79867904,408219648
1478828642082,328351744,79867904,408219648
1478828796836,328351744,79867904,408219648
1478828951218,328351744,79867904,408219648
1478829106793,328351744,79867904,408219648
1478829262144,328351744,79867904,408219648
1478829419188,328351744,79867904,408219648
1478829572642,328351744,79867904,408219648
1478829728597,328351744,79867904,408219648
1478829883938,328351744,79867904,408219648
1478830040346,328351744,79867904,408219648
1478830195045,328351744,79867904,408219648
1478830351422,328351744,79867904,408219648
1478830507613,328351744,79867904,408219648
1478830661601,328351744,79867904,408219648
1478830817025,328351744,79867904,408219648
1478830972547,328351744,79867904,408219648
1478831129140,328351744,79867904,408219648
1478831283574,328351744,79867904,408219648
1478831438329,328351744,79867904,408219648
1478831594138,328351744,79867904,408219648
1478831755461,328351744,79867904,408219648
1478831903725,328351744,79867904,408219648
1478832058360,327139328,79867904,407007232
1478832213219,328368128,79867904,408236032
1478832366116,328368128,79867904,408236032
1478832376857,328372224,79872000,408244224
1478832521520,328372224,79867904,408240128
1478832677912,328372224,79867904,408240128
1478832832289,328372224,79867904,408240128
1478832984840,328372224,79867904,408240128
1478833135941,328372224,79867904,408240128
1478833290929,328372224,79867904,408240128
1478833446014,328372224,79867904,408240128
1478833598035,328372224,79867904,408240128
1478833752754,328372224,79867904,408240128
1478833907803,328372224,79867904,408240128
1478834062722,328372224,79867904,408240128
1478834217749,328372224,79867904,408240128
1478834371147,328372224,79867904,408240128
1478834527510,328372224,79867904,408240128
1478834679691,328372224,79867904,408240128
1478834830742,328372224,79867904,408240128
1478834987049,328372224,79867904,408240128
1478835139682,328372224,79867904,408240128
1478835294922,328372224,79867904,408240128
1478835450101,328372224,79867904,408240128
1478835603868,328372224,79867904,408240128
1478835760234,328372224,79867904,408240128
1478835915294,328372224,79867904,408240128
1478836069575,328372224,79867904,408240128
1478836225164,328372224,79867904,408240128
1478836377250,328372224,79867904,408240128
1478836532950,328372224,79867904,408240128
1478836682010,328372224,79867904,408240128
1478836837189,328372224,79867904,408240128
1478836993951,328351744,79867904,408219648
1478837146257,328351744,79867904,408219648
1478837159543,328351744,79872000,408223744
1478837299700,328351744,79867904,408219648
1478837455122,328351744,79867904,408219648
1478837610421,328351744,79867904,408219648
1478837765771,328351744,79867904,408219648
1478837922930,328351744,79867904,408219648
1478838075293,328351744,79867904,408219648
1478838229348,328351744,79867904,408219648
1478838385391,328351744,79867904,408219648
1478838539833,328351744,79867904,408219648
1478838693058,328351744,79867904,408219648
1478838848884,328351744,79867904,408219648
1478839003868,328351744,79867904,408219648
1478839159155,328351744,79867904,408219648
1478839314382,328351744,79867904,408219648
1478839467792,328351744,79867904,408219648
1478839623058,328351744,79867904,408219648
1478839778497,328351744,79867904,408219648
1478839933786,328351744,79867904,408219648
1478840089077,328351744,79867904,408219648
1478840249167,328351744,79867904,408219648
1478840404199,328351744,79867904,408219648
1478840559445,328351744,79867904,408219648
1478840714916,328351744,79867904,408219648
1478840870358,328351744,79867904,408219648
1478841025680,328351744,79867904,408219648
1478841180917,328351744,79867904,408219648
1478841344737,328351744,79867904,408219648
1478841491270,328351744,79867904,408219648
1478841647190,328351744,79867904,408219648
1478841803865,328347648,79867904,408215552
1478841958771,328347648,79867904,408215552
1478842009127,328413184,79872000,408285184
1478842112104,328413184,79867904,408281088
1478842266509,328413184,79867904,408281088
1478842419521,328413184,79867904,408281088
1478842574346,328413184,79867904,408281088
1478842730043,328413184,79867904,408281088
1478842881946,328413184,79867904,408281088
1478843037236,328413184,79867904,408281088
1478843191702,328413184,79867904,408281088
1478843347828,328413184,79867904,408281088
1478843502265,328413184,79867904,408281088
1478843656492,328413184,79867904,408281088
1478843812921,328413184,79867904,408281088
1478843964273,328413184,79867904,408281088
1478844119644,328413184,79867904,408281088
1478844274889,328413184,79867904,408281088
1478844430751,328413184,79867904,408281088
1478844585793,328413184,79867904,408281088
1478844739201,328413184,79867904,408281088
1478844895029,328413184,79867904,408281088
1478845049240,328413184,79867904,408281088
1478845204270,328413184,79867904,408281088
1478845357301,328413184,79867904,408281088
1478845509050,328413184,79867904,408281088
1478845663144,328413184,79867904,408281088
1478845818983,328413184,79867904,408281088
1478845972560,328413184,79867904,408281088
1478846128681,328413184,79867904,408281088
1478846283082,328413184,79867904,408281088
1478846437810,328413184,79867904,408281088
1478846591004,328437760,79867904,408305664
1478846746010,328437760,79867904,408305664
1478846784190,328437760,79872000,408309760
1478846899274,328437760,79867904,408305664
1478847052966,328437760,79867904,408305664
1478847208945,328437760,79867904,408305664
1478847364292,328437760,79867904,408305664
1478847520010,328437760,79867904,408305664
1478847673928,328437760,79867904,408305664
1478847829406,328437760,79867904,408305664
1478847984436,328437760,79867904,408305664
1478848139281,328437760,79867904,408305664
1478848294584,328437760,79867904,408305664
1478848448640,328437760,79867904,408305664
1478848604114,328437760,79867904,408305664
1478848755607,328437760,79867904,408305664
1478848912310,328437760,79867904,408305664
1478849066636,328437760,79867904,408305664
1478849221932,328437760,79867904,408305664
1478849377469,328437760,79867904,408305664
1478849534028,328437760,79867904,408305664
1478849688120,328437760,79867904,408305664
1478849846643,328437760,79867904,408305664
1478850003323,328437760,79867904,408305664
1478850157894,328437760,79867904,408305664
1478850312653,328437760,79867904,408305664
1478850466519,328437760,79867904,408305664
1478850623007,328437760,79867904,408305664
1478850778255,328437760,79867904,408305664
1478850943594,328437760,79867904,408305664
1478851086911,328437760,79867904,408305664
1478851240596,328437760,79867904,408305664
1478851396216,328413184,79867904,408281088
1478851550491,328413184,79867904,408281088
1478851579141,328417280,79872000,408289280
1478851703208,328417280,79867904,408285184
1478851857974,328417280,79867904,408285184
1478852014746,328417280,79867904,408285184
1478852170549,328417280,79867904,408285184
1478852326713,328417280,79867904,408285184
1478852479299,328417280,79867904,408285184
1478852632482,328417280,79867904,408285184
1478852788585,328417280,79867904,408285184
1478852943991,328417280,79867904,408285184
1478853099243,328417280,79867904,408285184
1478853255679,328417280,79867904,408285184
1478853408361,328417280,79867904,408285184
1478853562688,328417280,79867904,408285184
1478853717561,328417280,79867904,408285184
1478853872862,328417280,79867904,408285184
1478854028162,328417280,79867904,408285184
1478854183556,328417280,79867904,408285184
1478854339107,328417280,79867904,408285184
1478854493827,328417280,79867904,408285184
1478854650359,328417280,79867904,408285184
1478854805784,328417280,79867904,408285184
1478854959989,328417280,79867904,408285184
1478855112983,328417280,79867904,408285184
1478855266883,328417280,79867904,408285184
1478855421935,328417280,79867904,408285184
1478855577554,328417280,79867904,408285184
1478855732511,328417280,79867904,408285184
1478855888371,328417280,79867904,408285184
1478856048187,328417280,79867904,408285184
1478856204409,328433664,79867904,408301568
1478856359551,328433664,79867904,408301568
1478856381960,328433664,79872000,408305664
1478856515963,328433664,79867904,408301568
1478856668065,328433664,79867904,408301568
1478856822349,328433664,79867904,408301568
1478856978084,328433664,79867904,408301568
1478857133350,328433664,79867904,408301568
1478857288674,328433664,79867904,408301568
1478857449207,328433664,79867904,408301568
1478857605095,328433664,79867904,408301568
1478857760326,328433664,79867904,408301568
1478857918067,328433664,79867904,408301568
1478858074095,328433664,79867904,408301568
1478858229202,328433664,79867904,408301568
1478858384597,328433664,79867904,408301568
1478858539920,328433664,79867904,408301568
1478858694242,328433664,79867904,408301568
1478858850192,328433664,79867904,408301568
1478859005254,328433664,79867904,408301568
1478859160379,328433664,79867904,408301568
1478859317440,328433664,79867904,408301568
1478859473601,328433664,79867904,408301568
1478859627398,328433664,79867904,408301568
1478859782073,328433664,79867904,408301568
1478859935627,328433664,79867904,408301568
1478860091943,328433664,79867904,408301568
1478860246989,328433664,79867904,408301568
1478860402686,328433664,79867904,408301568
1478860566986,328433664,79867904,408301568
1478860711791,328433664,79867904,408301568
1478860864235,328400896,79867904,408268800
1478861019501,328421376,79867904,408289280
1478861175838,328421376,79867904,408289280
1478861186020,328421376,79872000,408293376
1478861330495,328421376,79867904,408289280
1478861483842,328421376,79867904,408289280
1478861636530,328421376,79867904,408289280
1478861793802,328421376,79867904,408289280
1478861948754,328421376,79867904,408289280
1478862110080,328421376,79867904,408289280
1478862264374,328421376,79867904,408289280
1478862425307,328421376,79867904,408289280
1478862578708,328421376,79867904,408289280
1478862733740,328421376,79867904,408289280
1478862888390,328421376,79867904,408289280
1478863047874,328421376,79867904,408289280
1478863203467,328421376,79867904,408289280
1478863358090,328421376,79867904,408289280
1478863512991,328421376,79867904,408289280
1478863666898,328421376,79867904,408289280
1478863821963,328421376,79867904,408289280
1478863976953,328421376,79867904,408289280
1478864132281,328421376,79867904,408289280
1478864288046,328421376,79867904,408289280
1478864447515,328421376,79867904,408289280
1478864603689,328421376,79867904,408289280
1478864758240,328421376,79867904,408289280
1478864913182,328421376,79867904,408289280
1478865068938,328421376,79867904,408289280
1478865223613,328421376,79867904,408289280
1478865377860,328421376,79867904,408289280
1478865534169,328421376,79867904,408289280
1478865688664,327213056,79867904,407080960
1478865846597,328417280,79867904,408285184
1478866002850,328417280,79867904,408285184
1478866007529,328417280,79872000,408289280
1478866159051,328417280,79867904,408285184
1478866313877,328417280,79867904,408285184
1478866469063,328417280,79867904,408285184
1478866625319,328417280,79867904,408285184
1478866779405,328417280,79867904,408285184
1478866935893,328417280,79867904,408285184
1478867089945,328417280,79867904,408285184
1478867250302,328417280,79867904,408285184
1478867406453,328417280,79867904,408285184
1478867559632,328417280,79867904,408285184
1478867711923,328417280,79867904,408285184
1478867867004,328417280,79867904,408285184
1478868023271,328417280,79867904,408285184
1478868178168,328417280,79867904,408285184
1478868333139,328417280,79867904,408285184
1478868487250,328417280,79867904,408285184
1478868646341,328417280,79867904,408285184
1478868801668,328417280,79867904,408285184
1478868957272,328417280,79867904,408285184
1478869108483,328417280,79867904,408285184
1478869263377,328417280,79867904,408285184
1478869418548,328417280,79867904,408285184
1478869574098,328417280,79867904,408285184
1478869729947,328417280,79867904,408285184
1478869890370,328417280,79867904,408285184
1478870050522,328417280,79867904,408285184
1478870262380,328417280,79867904,408285184
1478870361070,328417280,79867904,408285184
1478870515796,327213056,79867904,407080960
1478870671126,328458240,79867904,408326144
1478870826120,328458240,79867904,408326144
1478870833590,328458240,79872000,408330240
1478870978581,328458240,79867904,408326144
1478871132276,328458240,79867904,408326144
1478871287282,328458240,79867904,408326144
1478871448193,328458240,79867904,408326144
1478871603340,328458240,79867904,408326144
1478871759092,328458240,79867904,408326144
1478871914117,328458240,79867904,408326144
1478872069089,328458240,79867904,408326144
1478872224559,328458240,79867904,408326144
1478872379554,328458240,79867904,408326144
1478872535086,328458240,79867904,408326144
1478872690124,328458240,79867904,408326144
1478872847872,328458240,79867904,408326144
1478873005557,328458240,79872000,408330240
1478873160615,328458240,79872000,408330240
1478873312849,328458240,79876096,408334336
1478873465469,328458240,79876096,408334336
1478873621187,328458240,79880192,408338432
1478873775704,328458240,79880192,408338432
1478873931627,328458240,79884288,408342528
1478874086751,328458240,79892480,408350720
1478874239613,328458240,79892480,408350720
1478874393545,328458240,79908864,408367104
1478874550238,328458240,79908864,408367104
1478874705160,328458240,79917056,408375296
1478874861291,328458240,79917056,408375296
1478875015486,328458240,79925248,408383488
1478875167346,328458240,79929344,408387584
1478875323114,327221248,79937536,407158784
1478875478413,328466432,79937536,408403968
1478875645725,328466432,79941632,408408064
1478875689381,328466432,79945728,408412160
1478875787887,328466432,79941632,408408064
1478875943946,328466432,79941632,408408064
1478876099593,328466432,79941632,408408064
1478876254933,328466432,79941632,408408064
1478876406874,328466432,79941632,408408064
1478876561827,328466432,79941632,408408064
1478876716339,328466432,79941632,408408064
1478876872856,328466432,79941632,408408064
1478877028296,328466432,79941632,408408064
1478877179369,328466432,79941632,408408064
1478877336364,328466432,79941632,408408064
1478877490449,328466432,79941632,408408064
1478877646174,328466432,79941632,408408064
1478877802533,328466432,79941632,408408064
1478877954913,328466432,79941632,408408064
1478878109161,328466432,79941632,408408064
1478878263503,328466432,79941632,408408064
1478878418695,328466432,79941632,408408064
1478878573348,328466432,79941632,408408064
1478878727888,328466432,79941632,408408064
1478878879624,328466432,79941632,408408064
1478879034724,328466432,79941632,408408064
1478879188088,328466432,79941632,408408064
1478879343097,328466432,79941632,408408064
1478879497808,328466432,79941632,408408064
1478879653393,328466432,79941632,408408064
1478879808617,328466432,79941632,408408064
1478879962850,328466432,79941632,408408064
1478880116900,327217152,79941632,407158784
1478880272501,328421376,79941632,408363008
1478880427530,328421376,79941632,408363008
1478880460944,328421376,79945728,408367104
1478880582586,328421376,79941632,408363008
1478880738081,328421376,79941632,408363008
1478880893977,328421376,79941632,408363008
1478881048624,328421376,79941632,408363008
1478881204180,328421376,79941632,408363008
1478881359381,328421376,79941632,408363008
1478881514693,328421376,79941632,408363008
1478881669540,328421376,79941632,408363008
1478881824673,328421376,79941632,408363008
1478881981090,328421376,79941632,408363008
1478882135541,328421376,79941632,408363008
1478882290321,328421376,79941632,408363008
1478882445595,328421376,79941632,408363008
1478882601616,328421376,79941632,408363008
1478882756077,328421376,79941632,408363008
1478882910948,328421376,79941632,408363008
1478883066755,328421376,79941632,408363008
1478883221888,328421376,79941632,408363008
1478883377081,328421376,79941632,408363008
1478883532888,328421376,79941632,408363008
1478883688725,328421376,79941632,408363008
1478883848081,328421376,79941632,408363008
1478884003643,328421376,79941632,408363008
1478884158579,328421376,79941632,408363008
1478884311679,328421376,79941632,408363008
1478884467183,328421376,79941632,408363008
1478884621358,328421376,79941632,408363008
1478884778543,328421376,79941632,408363008
1478884935523,327208960,79941632,407150592
1478885088245,328445952,79941632,408387584
1478885254254,328445952,79941632,408387584
1478885277251,328445952,79945728,408391680
1478885404532,328445952,79941632,408387584
1478885559215,328445952,79941632,408387584
1478885710844,328445952,79941632,408387584
1478885867478,328445952,79941632,408387584
1478886018976,328445952,79941632,408387584
1478886172135,328445952,79941632,408387584
1478886327070,328445952,79941632,408387584
1478886481422,328445952,79941632,408387584
1478886638351,328445952,79941632,408387584
1478886793808,328445952,79941632,408387584
1478886947094,328445952,79941632,408387584
1478887100202,328445952,79941632,408387584
1478887255454,328445952,79941632,408387584
1478887408204,328445952,79941632,408387584
1478887563673,328445952,79941632,408387584
1478887714331,328445952,79941632,408387584
1478887869495,328445952,79941632,408387584
1478888026540,328445952,79941632,408387584
1478888178367,328445952,79941632,408387584
1478888332477,328445952,79941632,408387584
1478888488717,328445952,79941632,408387584
1478888647994,328445952,79941632,408387584
1478888804474,328445952,79941632,408387584
1478888958697,328445952,79941632,408387584
1478889114379,328445952,79941632,408387584
1478889264714,328445952,79941632,408387584
1478889420589,328445952,79941632,408387584
1478889576533,328445952,79941632,408387584
1478889731483,327221248,79941632,407162880
1478889886598,328425472,79941632,408367104
1478890042434,328425472,79941632,408367104
1478890064554,328425472,79945728,408371200
1478890197410,328425472,79941632,408367104
1478890353667,328425472,79941632,408367104
1478890509779,328425472,79941632,408367104
1478890665025,328425472,79941632,408367104
1478890820092,328425472,79941632,408367104
1478890974265,328425472,79941632,408367104
1478891130528,328425472,79941632,408367104
1478891285706,328425472,79941632,408367104
1478891437524,328425472,79941632,408367104
1478891594018,328425472,79941632,408367104
1478891749816,328425472,79941632,408367104
1478891904607,328425472,79941632,408367104
1478892058228,328425472,79941632,408367104
1478892212937,328425472,79941632,408367104
1478892367530,328425472,79941632,408367104
1478892522713,328425472,79941632,408367104
1478892677985,328425472,79941632,408367104
1478892834617,328425472,79941632,408367104
1478892988359,328425472,79941632,408367104
1478893139954,328425472,79941632,408367104
1478893292498,328425472,79941632,408367104
1478893448719,328425472,79941632,408367104
1478893603636,328425472,79941632,408367104
1478893759098,328425472,79941632,408367104
1478893914613,328425472,79941632,408367104
1478894070179,328425472,79941632,408367104
1478894222713,328425472,79941632,408367104
1478894378072,328425472,79941632,408367104
1478894534720,327221248,79941632,407162880
1478894690062,328441856,79941632,408383488
1478894849423,328441856,79941632,408383488
1478894877185,328441856,79945728,408387584
1478895004755,328441856,79941632,408383488
1478895155979,328441856,79941632,408383488
1478895310031,328441856,79941632,408383488
1478895463160,328441856,79941632,408383488
1478895618971,328441856,79941632,408383488
1478895774083,328441856,79941632,408383488
1478895930041,328441856,79941632,408383488
1478896081551,328441856,79941632,408383488
1478896238068,328441856,79941632,408383488
1478896391244,328441856,79941632,408383488
1478896546226,328441856,79941632,408383488
1478896703523,328441856,79941632,408383488
1478896857602,328441856,79941632,408383488
1478897012928,328441856,79941632,408383488
1478897165245,328441856,79941632,408383488
1478897320976,328441856,79941632,408383488
1478897472753,328441856,79941632,408383488
1478897629447,328441856,79941632,408383488
1478897782001,328441856,79941632,408383488
1478897937585,328441856,79941632,408383488
1478898093591,328441856,79941632,408383488
1478898248627,328441856,79941632,408383488
1478898400239,328441856,79941632,408383488
1478898555384,328441856,79941632,408383488
1478898710501,328441856,79941632,408383488
1478898865710,328441856,79941632,408383488
1478899021042,328441856,79941632,408383488
1478899173836,328441856,79941632,408383488
1478899328878,327221248,79941632,407162880
1478899484851,328425472,79941632,408367104
1478899639906,328425472,79941632,408367104
1478899677320,329416704,79945728,409362432
1478899796062,329416704,79941632,409358336
1478899951056,329416704,79941632,409358336
1478900106604,329416704,79941632,409358336
1478900261726,329416704,79941632,409358336
1478900417299,329416704,79941632,409358336
1478900571659,329416704,79941632,409358336
1478900726556,329416704,79941632,409358336
1478900881768,329416704,79941632,409358336
1478901037186,329416704,79941632,409358336
1478901193147,329416704,79941632,409358336
1478901347271,329416704,79941632,409358336
1478901502560,329416704,79941632,409358336
1478901657918,329416704,79941632,409358336
1478901812836,329416704,79941632,409358336
1478901966222,329416704,79941632,409358336
1478902122291,329416704,79941632,409358336
1478902273870,329416704,79941632,409358336
1478902430510,329416704,79941632,409358336
1478902585721,329416704,79941632,409358336
1478902739733,329416704,79941632,409358336
1478902895822,329416704,79941632,409358336
1478903050730,329416704,79941632,409358336
1478903206481,329416704,79941632,409358336
1478903361715,329416704,79941632,409358336
1478903518546,329416704,79941632,409358336
1478903672409,329416704,79941632,409358336
1478903828818,329416704,79941632,409358336
1478903982976,329416704,79941632,409358336
1478904139781,328212480,79941632,408154112
1478904293939,328445952,79941632,408387584
1478904450246,328445952,79945728,408391680
1478904604898,328445952,79941632,408387584
1478904758313,328445952,79941632,408387584
1478904911215,328445952,79941632,408387584
1478905066213,328445952,79941632,408387584
1478905220615,328445952,79941632,408387584
1478905375721,328445952,79941632,408387584
1478905531768,328445952,79941632,408387584
1478905687704,328445952,79941632,408387584
1478905838540,328445952,79941632,408387584
1478905993728,328445952,79941632,408387584
1478906149651,328445952,79941632,408387584
1478906303563,328445952,79941632,408387584
1478906459784,328445952,79941632,408387584
1478906614838,328445952,79941632,408387584
1478906768554,328445952,79941632,408387584
1478906923265,328445952,79941632,408387584
1478907078496,328445952,79941632,408387584
1478907233877,328445952,79941632,408387584
1478907387651,328445952,79941632,408387584
1478907547979,328445952,79941632,408387584
1478907703258,328445952,79941632,408387584
1478907856932,328445952,79941632,408387584
1478908012637,328445952,79941632,408387584
1478908165121,328445952,79941632,408387584
1478908320289,328445952,79941632,408387584
1478908474283,328445952,79941632,408387584
1478908630461,328445952,79941632,408387584
1478908784954,328445952,79941632,408387584
1478908940926,327270400,79941632,407212032
1478909095707,328589312,79941632,408530944
1478909250896,328589312,79941632,408530944
1478909253559,328654848,79945728,408600576
1478909408044,328654848,79941632,408596480
1478909564201,328654848,79941632,408596480
1478909717950,328654848,79941632,408596480
1478909874358,328654848,79941632,408596480
1478910029085,328654848,79941632,408596480
1478910183996,328654848,79941632,408596480
1478910339064,328654848,79945728,408600576
1478910494122,328654848,79945728,408600576
1478910648535,328654848,79945728,408600576
1478910804052,328654848,79945728,408600576
1478910959356,328654848,79945728,408600576
1478911111841,328654848,79945728,408600576
1478911263285,328654848,79945728,408600576
1478911418888,328654848,79945728,408600576
1478911570244,328654848,79945728,408600576
1478911727108,328654848,79945728,408600576
1478911881373,328654848,79945728,408600576
1478912034994,328654848,79945728,408600576
1478912186886,328654848,79945728,408600576
1478912346471,328654848,79945728,408600576
1478912503407,328654848,79949824,408604672
1478912656968,328654848,79949824,408604672
1478912813964,328654848,79949824,408604672
1478912969061,328654848,79949824,408604672
1478913124662,328654848,79949824,408604672
1478913285603,328654848,79949824,408604672
1478913438402,328654848,79949824,408604672
1478913593809,328654848,79953920,408608768
1478913748819,327417856,79953920,407371776
1478913904491,328658944,79953920,408612864
1478914060095,328658944,79953920,408612864
1478914070283,328658944,79958016,408616960
1478914215392,328658944,79953920,408612864
1478914369893,328658944,79953920,408612864
1478914525008,328658944,79953920,408612864
1478914680175,328658944,79953920,408612864
1478914835956,328658944,79953920,408612864
1478914991317,328658944,79953920,408612864
1478915151840,328658944,79958016,408616960
1478915307043,328658944,79958016,408616960
1478915461790,328658944,79958016,408616960
1478915617176,328658944,79958016,408616960
1478915771920,328658944,79958016,408616960
1478915928502,328658944,79958016,408616960
1478916083954,328658944,79958016,408616960
1478916237851,328658944,79958016,408616960
1478916394814,328658944,79958016,408616960
1478916549492,328658944,79958016,408616960
1478916702987,328658944,79958016,408616960
1478916856663,328658944,79958016,408616960
1478917009171,328658944,79958016,408616960
1478917164106,328658944,79958016,408616960
1478917319089,328658944,79958016,408616960
1478917473610,328658944,79958016,408616960
1478917630507,328658944,79958016,408616960
1478917782890,328658944,79958016,408616960
1478917939678,328658944,79958016,408616960
1478918098807,328658944,79958016,408616960
1478918254407,328658944,79958016,408616960
1478918406863,328658944,79958016,408616960
1478918561986,327421952,79958016,407379968
1478918714567,328654848,79958016,408612864
1478918867754,328654848,79958016,408612864
1478918871678,328654848,79962112,408616960
1478919024905,328654848,79958016,408612864
1478919178729,328654848,79958016,408612864
1478919334408,328654848,79958016,408612864
1478919487184,328654848,79958016,408612864
1478919648534,328654848,79958016,408612864
1478919803500,328654848,79958016,408612864
1478919958604,328654848,79958016,408612864
1478920115129,328654848,79958016,408612864
1478920268675,328654848,79958016,408612864
1478920424897,328654848,79958016,408612864
1478920580030,328654848,79958016,408612864
1478920735366,328654848,79958016,408612864
1478920888346,328654848,79958016,408612864
1478921048589,328654848,79958016,408612864
1478921204924,328654848,79958016,408612864
1478921359636,328654848,79958016,408612864
1478921514415,328654848,79958016,408612864
1478921668751,328654848,79958016,408612864
1478921823981,328654848,79958016,408612864
1478921979970,328654848,79958016,408612864
1478922132752,328654848,79958016,408612864
1478922288857,328654848,79958016,408612864
1478922449350,328654848,79958016,408612864
1478922604786,328654848,79958016,408612864
1478922759519,328654848,79958016,408612864
1478922915489,328654848,79958016,408612864
1478923070008,328654848,79958016,408612864
1478923225019,328654848,79958016,408612864
1478923386923,328613888,79958016,408571904
1478923537022,328613888,79962112,408576000
1478923575891,328613888,79966208,408580096
1478923694343,328613888,79962112,408576000
1478923848113,328613888,79962112,408576000
1478924005605,328613888,79962112,408576000
1478924158785,328613888,79962112,408576000
1478924314464,328613888,79962112,408576000
1478924469660,328613888,79962112,408576000
1478924625116,328613888,79962112,408576000
1478924778505,328613888,79962112,408576000
1478924933396,328613888,79962112,408576000
1478925089202,328613888,79962112,408576000
1478925248841,328613888,79962112,408576000
1478925404745,328613888,79962112,408576000
1478925565753,328613888,79962112,408576000
1478925719877,328613888,79962112,408576000
1478925871910,328613888,79962112,408576000
1478926027949,328613888,79962112,408576000
1478926179842,328613888,79962112,408576000
1478926333655,328613888,79962112,408576000
1478926489859,328613888,79962112,408576000
1478926649310,328613888,79962112,408576000
1478926805054,328613888,79962112,408576000
1478926960557,328613888,79962112,408576000
1478927115743,328613888,79962112,408576000
1478927270977,328613888,79962112,408576000
1478927426000,328613888,79962112,408576000
1478927581113,328613888,79962112,408576000
1478927736010,328613888,79962112,408576000
1478927891231,328613888,79962112,408576000
1478928046668,328613888,79962112,408576000
1478928203228,328667136,79962112,408629248
1478928358452,328667136,79966208,408633344
1478928375302,328667136,79970304,408637440
1478928514193,328667136,79966208,408633344
1478928668765,328667136,79970304,408637440
1478928823884,328667136,79970304,408637440
1478928979356,328667136,79970304,408637440
1478929140733,328667136,79970304,408637440
1478929295086,328667136,79970304,408637440
1478929452397,328667136,79970304,408637440
1478929606403,328667136,79970304,408637440
1478929760402,328667136,79970304,408637440
1478929916700,328667136,79974400,408641536
1478930068344,328667136,79974400,408641536
1478930225303,328667136,79974400,408641536
1478930379770,328667136,79974400,408641536
1478930535302,328667136,79974400,408641536
1478930689751,328667136,79974400,408641536
1478930851122,328667136,79974400,408641536
1478931007379,328667136,79974400,408641536
1478931158697,328667136,79974400,408641536
1478931311470,328667136,79974400,408641536
1478931463245,328667136,79974400,408641536
1478931620213,328667136,79974400,408641536
1478931775779,328667136,79974400,408641536
1478931931665,328667136,79974400,408641536
1478932086655,328667136,79974400,408641536
1478932239163,328667136,79974400,408641536
1478932393552,328667136,79974400,408641536
1478932548798,328667136,79974400,408641536
1478932705514,328667136,79974400,408641536
1478932859880,327417856,79974400,407392256
1478933013984,328667136,79978496,408645632
1478933168584,328667136,79982592,408649728
1478933187322,328667136,79986688,408653824
1478933324105,328667136,79982592,408649728
1478933476525,328667136,79986688,408653824
1478933632729,328667136,79986688,408653824
1478933787146,328667136,79986688,408653824
1478933947545,328667136,79986688,408653824
1478934102721,328667136,79986688,408653824
1478934258448,328667136,79986688,408653824
1478934410101,328667136,79986688,408653824
1478934565372,328667136,79986688,408653824
1478934719072,328667136,79986688,408653824
1478934872659,328667136,79986688,408653824
1478935025736,328667136,79986688,408653824
1478935177809,328667136,79986688,408653824
1478935340033,328667136,79986688,408653824
1478935495562,328667136,79986688,408653824
1478935651037,328667136,79986688,408653824
1478935802793,328667136,79986688,408653824
1478935957371,328667136,79986688,408653824
1478936112061,328667136,79986688,408653824
1478936264356,328667136,79986688,408653824
1478936420687,328667136,79986688,408653824
1478936574763,328667136,79986688,408653824
1478936729426,328667136,79986688,408653824
1478936881420,328667136,79986688,408653824
1478937035433,328667136,79986688,408653824
1478937187795,328667136,79986688,408653824
1478937348606,328667136,79986688,408653824
1478937504134,328667136,79986688,408653824
1478937658144,327417856,79986688,407404544
1478937813249,328667136,79986688,408653824
1478937965687,328667136,79986688,408653824
1478937970837,328667136,79994880,408662016
1478938123184,328667136,79990784,408657920
1478938274790,328667136,79994880,408662016
1478938430693,328667136,79994880,408662016
1478938586033,328667136,79994880,408662016
1478938739045,328667136,79994880,408662016
1478938891259,328667136,79994880,408662016
1478939051976,328667136,79994880,408662016
1478939204519,328667136,79994880,408662016
1478939360582,328667136,79994880,408662016
1478939514647,328667136,79994880,408662016
1478939670455,328667136,79994880,408662016
1478939825761,328667136,79998976,408666112
1478939978662,328667136,79998976,408666112
1478940133570,328667136,79998976,408666112
1478940288686,328667136,79998976,408666112
1478940440809,328667136,79998976,408666112
1478940596051,328667136,79998976,408666112
1478940749168,328667136,79998976,408666112
1478940904759,328667136,79998976,408666112
1478941059795,328667136,79998976,408666112
1478941214270,328667136,79998976,408666112
1478941370123,328667136,79998976,408666112
1478941524530,328667136,79998976,408666112
1478941679580,328667136,79998976,408666112
1478941835147,328667136,79998976,408666112
1478941988640,328667136,79998976,408666112
1478942149389,328667136,79998976,408666112
1478942306021,328667136,79998976,408666112
1478942457907,327434240,80003072,407437312
1478942613998,328658944,80003072,408662016
1478942768301,328658944,80007168,408666112
1478942779099,328658944,80019456,408678400
1478942923954,328658944,80019456,408678400
1478943078118,328658944,80019456,408678400
1478943234680,328658944,80019456,408678400
1478943390073,328658944,80019456,408678400
1478943550070,328658944,80019456,408678400
1478943705237,328658944,80019456,408678400
1478943860422,328658944,80019456,408678400
1478944016617,328658944,80019456,408678400
1478944168936,328658944,80019456,408678400
1478944324532,328658944,80019456,408678400
1478944480140,328658944,80019456,408678400
1478944634976,328658944,80019456,408678400
1478944791149,328658944,80019456,408678400
1478944950150,328658944,80019456,408678400
1478945106803,328658944,80019456,408678400
1478945261549,328658944,80019456,408678400
1478945416710,328658944,80019456,408678400
1478945571369,328658944,80019456,408678400
1478945726376,328658944,80019456,408678400
1478945881659,328658944,80019456,408678400
1478946037109,328658944,80019456,408678400
1478946192898,328658944,80019456,408678400
1478946347538,328658944,80019456,408678400
1478946503817,328658944,80019456,408678400
1478946658734,328658944,80019456,408678400
1478946812394,328658944,80019456,408678400
1478946964235,328658944,80019456,408678400
1478947120334,328658944,80019456,408678400
1478947275282,327446528,80019456,407465984
1478947430075,328667136,80019456,408686592
1478947582512,328667136,80019456,408686592
1478947608324,328667136,80027648,408694784
1478947735214,328667136,80027648,408694784
1478947889415,328667136,80027648,408694784
1478948050570,328667136,80027648,408694784
1478948205158,328667136,80027648,408694784
1478948360563,328667136,80027648,408694784
1478948515755,328667136,80027648,408694784
1478948670947,328667136,80027648,408694784
1478948826824,328667136,80027648,408694784
1478948980841,328667136,80027648,408694784
1478949135768,328667136,80027648,408694784
1478949287207,328667136,80027648,408694784
1478949442517,328667136,80027648,408694784
1478949598292,328667136,80027648,408694784
1478949749742,328667136,80027648,408694784
1478949905190,328667136,80031744,408698880
1478950060819,328667136,80031744,408698880
1478950216840,328667136,80031744,408698880
1478950370163,328667136,80031744,408698880
1478950524489,328667136,80031744,408698880
1478950679621,328667136,80031744,408698880
1478950834586,328667136,80031744,408698880
1478950990159,328667136,80031744,408698880
1478951148946,328667136,80031744,408698880
1478951305165,328667136,80035840,408702976
1478951458840,328667136,80035840,408702976
1478951614652,328667136,80035840,408702976
1478951769169,328667136,80035840,408702976
1478951923980,328667136,80035840,408702976
1478952080541,327426048,80035840,407461888
1478952235285,328642560,80035840,408678400
1478952390328,328642560,80039936,408682496
1478952414926,328642560,80048128,408690688
1478952549609,328642560,80048128,408690688
1478952705784,328642560,80048128,408690688
1478952857029,328642560,80048128,408690688
1478953013551,328642560,80048128,408690688
1478953164831,328642560,80048128,408690688
1478953316756,328642560,80048128,408690688
1478953469507,328642560,80048128,408690688
1478953624679,328642560,80048128,408690688
1478953780342,328642560,80048128,408690688
1478953935669,328642560,80048128,408690688
1478954091282,328642560,80048128,408690688
1478954242492,328642560,80048128,408690688
1478954396914,328642560,80048128,408690688
1478954558369,328642560,80048128,408690688
1478954712828,328642560,80048128,408690688
1478954867791,328642560,80048128,408690688
1478955022963,328642560,80048128,408690688
1478955179726,328642560,80048128,408690688
1478955331716,328642560,80048128,408690688
1478955483631,328642560,80048128,408690688
1478955646379,328642560,80048128,408690688
1478955800104,328642560,80048128,408690688
1478955955840,328642560,80048128,408690688
1478956111342,328642560,80048128,408690688
1478956265323,328642560,80048128,408690688
1478956420158,328642560,80048128,408690688
1478956573680,328642560,80048128,408690688
1478956729836,328642560,80048128,408690688
1478956885315,327434240,80048128,407482368
1478957040691,328675328,80048128,408723456
1478957193902,328675328,80048128,408723456
1478957204452,328675328,80056320,408731648
1478957348966,328675328,80056320,408731648
1478957505379,328675328,80056320,408731648
1478957660719,328675328,80056320,408731648
1478957810702,328675328,80056320,408731648
1478957964877,328675328,80056320,408731648
1478958119885,328675328,80056320,408731648
1478958273737,328675328,80056320,408731648
1478958430146,328675328,80056320,408731648
1478958584345,328675328,80056320,408731648
1478958739740,328675328,80056320,408731648
1478958894367,328675328,80056320,408731648
1478959049133,328675328,80056320,408731648
1478959206461,328675328,80056320,408731648
1478959360240,328675328,80056320,408731648
1478959515458,328675328,80056320,408731648
1478959670501,328675328,80056320,408731648
1478959825739,328675328,80060416,408735744
1478959982776,328675328,80060416,408735744
1478960137983,328675328,80060416,408735744
1478960294131,328675328,80060416,408735744
1478960447235,328675328,80060416,408735744
1478960602730,328675328,80060416,408735744
1478960758116,328675328,80060416,408735744
1478960913221,328675328,80060416,408735744
1478961068726,328675328,80060416,408735744
1478961223980,328675328,80060416,408735744
1478961379380,328675328,80064512,408739840
1478961534732,328675328,80064512,408739840
1478961689681,327438336,80064512,407502848
1478961842065,328642560,80064512,408707072
1478961997486,328642560,80064512,408707072
1478962016600,328642560,80084992,408727552
1478962152135,328642560,80080896,408723456
1478962307810,328642560,80080896,408723456
1478962459725,328642560,80080896,408723456
1478962613557,328642560,80080896,408723456
1478962766916,328642560,80080896,408723456
1478962922105,328642560,80080896,408723456
1478963074135,328642560,80080896,408723456
1478963230930,328642560,80080896,408723456
1478963383642,328642560,80080896,408723456
1478963540538,328642560,80080896,408723456
1478963694938,328642560,80080896,408723456
1478963850088,328642560,80080896,408723456
1478964007221,328642560,80080896,408723456
1478964161748,328642560,80080896,408723456
1478964317528,328642560,80080896,408723456
1478964469356,328642560,80080896,408723456
1478964624686,328642560,80080896,408723456
1478964779951,328642560,80080896,408723456
1478964935501,328642560,80080896,408723456
1478965091244,328642560,80080896,408723456
1478965246364,328642560,80080896,408723456
1478965401345,328642560,80080896,408723456
1478965556730,328642560,80080896,408723456
1478965711938,328642560,80080896,408723456
1478965866885,328642560,80080896,408723456
1478966020788,328642560,80080896,408723456
1478966176379,328642560,80080896,408723456
1478966337028,328642560,80080896,408723456
1478966492836,327438336,80080896,407519232
1478966648208,328642560,80080896,408723456
1478966803288,328642560,80080896,408723456
1478966828294,328642560,80089088,408731648
1478966954687,328642560,80084992,408727552
1478967110448,328642560,80084992,408727552
1478967265366,328642560,80084992,408727552
1478967421211,328642560,80084992,408727552
1478967574192,328642560,80084992,408727552
1478967730288,328642560,80084992,408727552
1478967882178,328642560,80084992,408727552
1478968038116,328642560,80084992,408727552
1478968190277,328642560,80084992,408727552
1478968350592,328642560,80084992,408727552
1478968506439,328642560,80084992,408727552
1478968662079,328642560,80084992,408727552
1478968815176,328642560,80084992,408727552
1478968970663,328642560,80084992,408727552
1478969126363,328642560,80084992,408727552
1478969277109,328642560,80084992,408727552
1478969432884,328642560,80084992,408727552
1478969588906,328642560,80089088,408731648
1478969748834,328642560,80089088,408731648
1478969900132,328642560,80089088,408731648
1478970054624,328642560,80089088,408731648
1478970209426,328642560,80089088,408731648
1478970364644,328642560,80093184,408735744
1478970520299,328642560,80093184,408735744
1478970673786,328642560,80093184,408735744
1478970829721,328642560,80093184,408735744
1478970981734,328642560,80093184,408735744
1478971136932,328642560,80093184,408735744
1478971293441,327438336,80093184,407531520
1478971448361,328634368,80093184,408727552
1478971603804,328634368,80097280,408731648
1478971633220,328634368,80109568,408743936
1478971756061,328634368,80105472,408739840
1478971911827,328634368,80105472,408739840
1478972067354,328634368,80105472,408739840
1478972223648,328634368,80105472,408739840
1478972377455,328634368,80105472,408739840
1478972533680,328634368,80105472,408739840
1478972689208,328634368,80105472,408739840
1478972844037,328634368,80105472,408739840
1478972995693,328634368,80105472,408739840
1478973150865,328634368,80105472,408739840
1478973306076,328634368,80105472,408739840
1478973460128,328634368,80105472,408739840
1478973616687,328634368,80105472,408739840
1478973770896,328634368,80105472,408739840
1478973927039,328634368,80105472,408739840
1478974082026,328634368,80105472,408739840
1478974236863,328634368,80105472,408739840
1478974390862,328634368,80105472,408739840
1478974550938,328634368,80105472,408739840
1478974706095,328634368,80105472,408739840
1478974861546,328634368,80105472,408739840
1478975016712,328634368,80105472,408739840
1478975171886,328634368,80105472,408739840
1478975328012,328634368,80105472,408739840
1478975483381,328634368,80105472,408739840
1478975637671,328634368,80105472,408739840
1478975792890,328634368,80105472,408739840
1478975947586,328634368,80105472,408739840
1478976103408,327471104,80105472,407576576
1478976258482,328642560,80105472,408748032
1478976413602,328642560,80105472,408748032
1478976435682,328708096,80117760,408825856
1478976569380,328708096,80113664,408821760
1478976722445,328708096,80113664,408821760
1478976874926,328708096,80113664,408821760
1478977030182,328708096,80113664,408821760
1478977183959,328708096,80113664,408821760
1478977341150,328708096,80113664,408821760
1478977495625,328708096,80113664,408821760
1478977651185,328708096,80113664,408821760
1478977803231,328708096,80113664,408821760
1478977958422,328708096,80113664,408821760
1478978113982,328708096,80113664,408821760
1478978269613,328708096,80113664,408821760
1478978425544,328708096,80113664,408821760
1478978581291,328708096,80113664,408821760
1478978736664,328708096,80113664,408821760
1478978887883,328708096,80113664,408821760
1478979040250,328708096,80113664,408821760
1478979195322,328708096,80113664,408821760
1478979349189,328708096,80113664,408821760
1478979504442,328708096,80113664,408821760
1478979656820,328708096,80117760,408825856
1478979811505,328708096,80117760,408825856
1478979965499,328708096,80117760,408825856
1478980120286,328708096,80117760,408825856
1478980274027,328708096,80117760,408825856
1478980429722,328708096,80117760,408825856
1478980584109,328708096,80121856,408829952
1478980740622,328708096,80121856,408829952
1478980895236,327499776,80121856,407621632
1478981050608,328712192,80121856,408834048
1478981205206,328712192,80125952,408838144
1478981233371,328712192,80142336,408854528
1478981369497,328712192,80142336,408854528
1478981515360,328712192,80142336,408854528
1478981671394,328712192,80142336,408854528
1478981827289,328712192,80142336,408854528
1478981984056,328712192,80142336,408854528
1478982138827,328712192,80142336,408854528
1478982291760,328712192,80142336,408854528
1478982451614,328712192,80142336,408854528
1478982604960,328712192,80142336,408854528
1478982759999,328712192,80142336,408854528
1478982914915,328712192,80142336,408854528
1478983070125,328712192,80142336,408854528
1478983225762,328712192,80142336,408854528
1478983380081,328712192,80142336,408854528
1478983535976,328712192,80142336,408854528
1478983687524,328712192,80142336,408854528
1478983847902,328712192,80142336,408854528
1478984003885,328712192,80142336,408854528
1478984156548,328712192,80142336,408854528
1478984311980,328712192,80142336,408854528
1478984465983,328712192,80142336,408854528
1478984620454,328712192,80142336,408854528
1478984775704,328712192,80142336,408854528
1478984938143,328712192,80142336,408854528
1478985089708,328712192,80142336,408854528
1478985251006,328712192,80142336,408854528
1478985406107,328712192,80142336,408854528
1478985561150,328712192,80142336,408854528
1478985714731,327499776,80142336,407642112
1478985870833,328708096,80142336,408850432
1478986025868,328708096,80146432,408854528
1478986050940,328708096,80150528,408858624
1478986179614,328708096,80146432,408854528
1478986336889,328708096,80150528,408858624
1478986491117,328708096,80150528,408858624
1478986651648,328708096,80150528,408858624
1478986806406,328708096,80150528,408858624
1478986962522,328708096,80150528,408858624
1478987114240,328708096,80150528,408858624
1478987267948,328708096,80150528,408858624
1478987424393,328708096,80150528,408858624
1478987575133,328708096,80150528,408858624
1478987731378,328708096,80150528,408858624
1478987884803,328708096,80150528,408858624
1478988040100,328708096,80150528,408858624
1478988193426,328708096,80150528,408858624
1478988351494,328708096,80150528,408858624
1478988506079,328708096,80150528,408858624
1478988661415,328708096,80150528,408858624
1478988813006,328708096,80150528,408858624
1478988964551,328708096,80150528,408858624
1478989119934,328708096,80150528,408858624
1478989275007,328708096,80150528,408858624
1478989430170,328708096,80150528,408858624
1478989585749,328708096,80154624,408862720
1478989740769,328708096,80154624,408862720
1478989897165,328708096,80154624,408862720
1478990052389,328708096,80154624,408862720
1478990207586,328708096,80154624,408862720
1478990362529,328708096,80154624,408862720
1478990517529,327499776,80154624,407654400
1478990673992,328708096,80154624,408862720
1478990828488,328708096,80162816,408870912
1478990841446,328708096,80171008,408879104
1478990991921,328708096,80166912,408875008
1478991138767,328708096,80166912,408875008
1478991294134,328708096,80166912,408875008
1478991452787,328708096,80166912,408875008
1478991605888,328708096,80166912,408875008
1478991761376,328708096,80166912,408875008
1478991915334,328708096,80166912,408875008
1478992071345,328708096,80166912,408875008
1478992224293,328708096,80166912,408875008
1478992377875,328708096,80166912,408875008
1478992531996,328708096,80166912,408875008
1478992685648,328708096,80166912,408875008
1478992842291,328708096,80166912,408875008
1478992994196,328708096,80166912,408875008
1478993150077,328708096,80166912,408875008
1478993304650,328708096,80166912,408875008
1478993456021,328708096,80166912,408875008
1478993612331,328708096,80166912,408875008
1478993765997,328708096,80166912,408875008
1478993922399,328708096,80166912,408875008
1478994076342,328708096,80166912,408875008
1478994233308,328708096,80166912,408875008
1478994386991,328708096,80166912,408875008
1478994542246,328708096,80171008,408879104
1478994699586,328708096,80171008,408879104
1478994854442,328708096,80171008,408879104
1478995009171,328708096,80171008,408879104
1478995163960,328708096,80171008,408879104
1478995317636,327503872,80171008,407674880
1478995469764,328695808,80171008,408866816
1478995626237,328695808,80175104,408870912
1478995651329,328695808,80179200,408875008
1478995779715,328695808,80175104,408870912
1478995934862,328695808,80179200,408875008
1478996090287,328695808,80179200,408875008
1478996250928,328695808,80179200,408875008
1478996406011,328695808,80179200,408875008
1478996561091,328695808,80179200,408875008
1478996716453,328695808,80179200,408875008
1478996871497,328695808,80179200,408875008
1478997026367,328695808,80179200,408875008
1478997182608,328695808,80179200,408875008
1478997336486,328695808,80179200,408875008
1478997492051,328695808,80179200,408875008
1478997652556,328695808,80179200,408875008
1478997808503,328695808,80179200,408875008
1478997964466,328695808,80179200,408875008
1478998125678,328695808,80179200,408875008
1478998280013,328695808,80179200,408875008
1478998436379,328695808,80179200,408875008
1478998590803,328695808,80179200,408875008
1478998751230,328695808,80179200,408875008
1478998906573,328695808,80179200,408875008
1478999061238,328695808,80179200,408875008
1478999215987,328695808,80179200,408875008
1478999372290,328695808,80187392,408883200
1478999527111,328695808,80187392,408883200
1478999682411,328695808,80191488,408887296
1478999837767,328695808,80191488,408887296
1478999992856,328695808,80191488,408887296
1479000152025,327487488,80191488,407678976
1479000307288,328708096,80191488,408899584
1479000462938,328708096,80191488,408899584
1479000505553,328708096,80199680,408907776
1479000618774,328708096,80195584,408903680
1479000769631,328708096,80195584,408903680
1479000926436,328708096,80195584,408903680
1479001076365,328708096,80195584,408903680
1479001232844,328708096,80195584,408903680
1479001388774,328708096,80195584,408903680
1479001540811,328708096,80195584,408903680
1479001697321,328708096,80195584,408903680
1479001850377,328708096,80195584,408903680
1479002004944,328708096,80195584,408903680
1479002160581,328708096,80195584,408903680
1479002315685,328708096,80195584,408903680
1479002470370,328708096,80195584,408903680
1479002626521,328708096,80195584,408903680
1479002782163,328708096,80195584,408903680
1479002935306,328708096,80195584,408903680
1479003088030,328708096,80195584,408903680
1479003243606,328708096,80195584,408903680
1479003394786,328708096,80195584,408903680
1479003551839,328708096,80195584,408903680
1479003705771,328708096,80195584,408903680
1479003861009,328708096,80195584,408903680
1479004016882,328708096,80195584,408903680
1479004171828,328708096,80203776,408911872
1479004326851,328708096,80203776,408911872
1479004482312,328708096,80203776,408911872
1479004638261,328708096,80203776,408911872
1479004792446,328708096,80203776,408911872
1479004953768,327503872,80203776,407707648
1479005107909,328740864,80203776,408944640
1479005263253,328740864,80203776,408944640
1479005289244,328740864,80207872,408948736
1479005418395,328740864,80203776,408944640
1479005574546,328740864,80203776,408944640
1479005729206,328740864,80203776,408944640
1479005884382,328740864,80207872,408948736
1479006040051,328740864,80207872,408948736
1479006195331,328740864,80207872,408948736
1479006350183,328740864,80207872,408948736
1479006506290,328740864,80207872,408948736
1479006660939,328740864,80207872,408948736
1479006813651,328740864,80207872,408948736
1479006974274,328740864,80207872,408948736
1479007129470,328740864,80207872,408948736
1479007284694,328740864,80207872,408948736
1479007441984,328740864,80207872,408948736
1479007596111,328740864,80207872,408948736
1479007751806,328740864,80207872,408948736
1479007906055,328740864,80207872,408948736
1479008060385,328740864,80207872,408948736
1479008215798,328740864,80207872,408948736
1479008371216,328740864,80207872,408948736
1479008527968,328740864,80207872,408948736
1479008683696,328740864,80207872,408948736
1479008837364,328740864,80207872,408948736
1479008991746,328740864,80211968,408952832
1479009151308,328740864,80216064,408956928
1479009306028,328740864,80220160,408961024
1479009457762,328740864,80220160,408961024
1479009610573,328740864,80220160,408961024
1479009762398,328728576,80220160,408948736
1479009914885,328728576,80220160,408948736
1479009999237,328728576,80236544,408965120
1479010076181,328728576,80232448,408961024
1479010225273,328728576,80232448,408961024
1479010380440,328728576,80232448,408961024
1479010537212,328728576,80232448,408961024
1479010691848,328728576,80232448,408961024
1479010851826,328728576,80232448,408961024
1479011002421,328728576,80232448,408961024
1479011157198,328728576,80232448,408961024
1479011313118,328728576,80232448,408961024
1479011467839,328728576,80232448,408961024
1479011623867,328728576,80232448,408961024
1479011779123,328728576,80232448,408961024
1479011933135,328728576,80232448,408961024
1479012085512,328728576,80232448,408961024
1479012240528,328728576,80232448,408961024
1479012395544,328728576,80232448,408961024
1479012550601,328728576,80232448,408961024
1479012706415,328728576,80232448,408961024
1479012861640,328728576,80232448,408961024
1479013016190,328728576,80232448,408961024
1479013170299,328728576,80232448,408961024
1479013325432,328728576,80232448,408961024
1479013482187,328728576,80232448,408961024
1479013637022,328728576,80232448,408961024
1479013791344,328728576,80236544,408965120
1479013952831,328728576,80236544,408965120
1479014106786,328728576,80240640,408969216
1479014262032,328728576,80240640,408969216
1479014416220,328728576,80240640,408969216
1479014572213,328740864,80240640,408981504
1479014727362,328740864,80240640,408981504
1479014786300,329732096,80244736,409976832
1479014882504,329732096,80240640,409972736
1479015037724,329732096,80240640,409972736
1479015194259,329732096,80240640,409972736
1479015350801,329732096,80240640,409972736
1479015505642,329732096,80240640,409972736
1479015666442,329732096,80244736,409976832
1479015822110,329732096,80244736,409976832
1479015975386,329732096,80244736,409976832
1479016136436,329732096,80244736,409976832
1479016290739,329732096,80244736,409976832
1479016446368,329732096,80244736,409976832
1479016599872,329732096,80244736,409976832
1479016752228,329732096,80244736,409976832
1479016907804,329732096,80244736,409976832
1479017061501,329732096,80244736,409976832
1479017215386,329732096,80244736,409976832
1479017371502,329732096,80244736,409976832
1479017526591,329732096,80244736,409976832
1479017680993,329732096,80244736,409976832
1479017837897,329732096,80244736,409976832
1479017992970,329732096,80244736,409976832
1479018148458,329732096,80244736,409976832
1479018303943,329732096,80244736,409976832
1479018459256,329732096,80248832,409980928
1479018615427,329732096,80248832,409980928
1479018769414,329732096,80248832,409980928
1479018924682,329732096,80248832,409980928
1479019079882,329732096,80252928,409985024
1479019235401,329732096,80257024,409989120
1479019390656,328749056,80257024,409006080
1479019550994,328749056,80257024,409006080
1479019562531,328749056,80265216,409014272
1479019712936,328749056,80265216,409014272
1479019861198,328749056,80265216,409014272
1479020016342,328749056,80265216,409014272
1479020171666,328749056,80265216,409014272
1479020327899,328749056,80265216,409014272
1479020483241,328749056,80265216,409014272
1479020638267,328749056,80265216,409014272
1479020791446,328749056,80265216,409014272
1479020951037,328749056,80265216,409014272
1479021106392,328749056,80265216,409014272
1479021261465,328749056,80265216,409014272
1479021413848,328749056,80265216,409014272
1479021569408,328749056,80265216,409014272
1479021724340,328749056,80265216,409014272
1479021879055,328749056,80265216,409014272
1479022031086,328749056,80265216,409014272
1479022187317,328749056,80265216,409014272
1479022342490,328749056,80265216,409014272
1479022496010,328749056,80265216,409014272
1479022651605,328749056,80265216,409014272
1479022805334,328749056,80265216,409014272
1479022960896,328749056,80265216,409014272
1479023115120,328749056,80265216,409014272
1479023270330,328749056,80269312,409018368
1479023426177,328749056,80269312,409018368
1479023580353,328749056,80269312,409018368
1479023735196,328749056,80269312,409018368
1479023890538,328749056,80273408,409022464
1479024050881,328749056,80273408,409022464
1479024206571,328740864,80273408,409014272
1479024354355,328740864,80277504,409018368
1479024518047,328740864,80273408,409014272
1479024671689,328740864,80273408,409014272
1479024826255,328740864,80273408,409014272
1479024980862,328740864,80273408,409014272
1479025137655,328740864,80273408,409014272
1479025293108,328740864,80273408,409014272
1479025454210,328740864,80273408,409014272
1479025607003,328740864,80273408,409014272
1479025763215,328740864,80277504,409018368
1479025915316,328740864,80277504,409018368
1479026070948,328740864,80277504,409018368
1479026222088,328740864,80277504,409018368
1479026376987,328740864,80277504,409018368
1479026534384,328740864,80277504,409018368
1479026688704,328740864,80277504,409018368
1479026841312,328740864,80277504,409018368
1479026996203,328740864,80277504,409018368
1479027150553,328740864,80277504,409018368
1479027305818,328740864,80277504,409018368
1479027462253,328740864,80277504,409018368
1479027617304,328740864,80277504,409018368
1479027772214,328740864,80277504,409018368
1479027926581,328740864,80277504,409018368
1479028081096,328740864,80277504,409018368
1479028237294,328740864,80281600,409022464
1479028388462,328740864,80281600,409022464
1479028542655,328740864,80285696,409026560
1479028696830,328740864,80285696,409026560
1479028852983,328740864,80285696,409026560
1479029006133,328761344,80285696,409047040
1479029163058,328761344,80289792,409051136
1479029169557,328761344,80297984,409059328
1479029317924,328761344,80293888,409055232
1479029469965,328761344,80293888,409055232
1479029629561,328761344,80293888,409055232
1479029780556,328761344,80293888,409055232
1479029934813,328761344,80293888,409055232
1479030086469,328761344,80293888,409055232
1479030242064,328761344,80293888,409055232
1479030395330,328761344,80293888,409055232
1479030550789,328761344,80293888,409055232
1479030707510,328761344,80293888,409055232
1479030863489,328761344,80293888,409055232
1479031018867,328761344,80293888,409055232
1479031171664,328761344,80293888,409055232
1479031325535,328761344,80293888,409055232
1479031480966,328761344,80293888,409055232
1479031636757,328761344,80293888,409055232
1479031793051,328761344,80293888,409055232
1479031949441,328761344,80293888,409055232
1479032103707,328761344,80293888,409055232
1479032260162,328761344,80293888,409055232
1479032411324,328761344,80293888,409055232
1479032566854,328761344,80293888,409055232
1479032721015,328761344,80293888,409055232
1479032875653,328761344,80293888,409055232
1479033032098,328761344,80297984,409059328
1479033186202,328761344,80297984,409059328
1479033341445,328761344,80297984,409059328
1479033496878,328761344,80297984,409059328
1479033653078,328761344,80297984,409059328
1479033808795,328744960,80297984,409042944
1479033963239,328744960,80297984,409042944
1479033967869,328744960,80306176,409051136
1479034119316,328744960,80302080,409047040
1479034273461,328744960,80302080,409047040
1479034428754,328744960,80302080,409047040
1479034584465,328744960,80302080,409047040
1479034739411,328744960,80302080,409047040
1479034894427,328744960,80302080,409047040
1479035049665,328744960,80302080,409047040
1479035205009,328744960,80302080,409047040
1479035360050,328744960,80302080,409047040
1479035515273,328744960,80302080,409047040
1479035671878,328744960,80306176,409051136
1479035822405,328744960,80306176,409051136
1479035977629,328744960,80306176,409051136
1479036133540,328744960,80306176,409051136
1479036289276,328744960,80306176,409051136
1479036444296,328744960,80306176,409051136
1479036597183,328744960,80306176,409051136
1479036751007,328744960,80306176,409051136
1479036906669,328744960,80306176,409051136
1479037061320,328744960,80306176,409051136
1479037217016,328744960,80306176,409051136
1479037372054,328744960,80306176,409051136
1479037527945,328744960,80306176,409051136
1479037683900,328744960,80310272,409055232
1479037838224,328744960,80310272,409055232
1479037993912,328744960,80310272,409055232
1479038153877,328744960,80310272,409055232
1479038309199,328744960,80310272,409055232
1479038461889,327536640,80310272,407846912
1479038617699,328777728,80314368,409092096
1479038766476,328777728,80322560,409100288
1479038924255,328777728,80318464,409096192
1479039079210,328777728,80318464,409096192
1479039234241,328777728,80322560,409100288
1479039394053,328777728,80326656,409104384
1479039542205,328777728,80326656,409104384
1479039696482,328777728,80326656,409104384
1479039851837,328777728,80326656,409104384
1479040005733,328777728,80326656,409104384
1479040159942,328777728,80326656,409104384
1479040316446,328777728,80326656,409104384
1479040470524,328777728,80326656,409104384
1479040627540,328777728,80326656,409104384
1479040781386,328777728,80326656,409104384
1479040933924,328777728,80326656,409104384
1479041089943,328777728,80326656,409104384
1479041249230,328777728,80326656,409104384
1479041405199,328777728,80326656,409104384
1479041560842,328777728,80326656,409104384
1479041715964,328777728,80326656,409104384
1479041871679,328777728,80326656,409104384
1479042025261,328777728,80326656,409104384
1479042179024,328777728,80326656,409104384
1479042334585,328777728,80326656,409104384
1479042489731,328777728,80326656,409104384
1479042651009,328777728,80330752,409108480
1479042803200,328777728,80330752,409108480
1479042956432,328777728,80330752,409108480
1479043112467,328777728,80330752,409108480
1479043266532,327532544,80330752,407863296
1479043422516,328769536,80330752,409100288
1479043574343,328769536,80338944,409108480
1479043729000,328769536,80334848,409104384
1479043884244,328769536,80334848,409104384
1479044039489,328769536,80334848,409104384
1479044194373,328769536,80334848,409104384
1479044349912,328769536,80334848,409104384
1479044505853,328769536,80334848,409104384
1479044661877,328769536,80334848,409104384
1479044814989,328769536,80334848,409104384
1479044966958,328769536,80334848,409104384
1479045122002,328769536,80334848,409104384
1479045277407,328769536,80334848,409104384
1479045431660,328769536,80334848,409104384
1479045586200,328769536,80334848,409104384
1479045742516,328769536,80334848,409104384
1479045896736,328769536,80334848,409104384
1479046052027,328769536,80334848,409104384
1479046207971,328769536,80334848,409104384
1479046363370,328769536,80334848,409104384
1479046518898,328769536,80334848,409104384
1479046670662,328769536,80334848,409104384
1479046826744,328769536,80334848,409104384
1479046981715,328769536,80334848,409104384
1479047138030,328769536,80334848,409104384
1479047291842,328769536,80334848,409104384
1479047452061,328769536,80334848,409104384
1479047605407,328769536,80338944,409108480
1479047761707,328769536,80338944,409108480
1479047916451,328769536,80338944,409108480
1479048070966,327532544,80343040,407875584
1479048224652,328761344,80343040,409104384
1479048379931,328761344,80343040,409104384
1479048383286,328765440,80351232,409116672
1479048536348,328765440,80347136,409112576
1479048691741,328765440,80355328,409120768
1479048850523,328765440,80359424,409124864
1479049005726,328765440,80359424,409124864
1479049167913,328765440,80359424,409124864
1479049316091,328765440,80359424,409124864
1479049471842,328765440,80359424,409124864
1479049626843,328765440,80359424,409124864
1479049782702,328765440,80359424,409124864
1479049937426,328765440,80359424,409124864
1479050092707,328765440,80359424,409124864
1479050254031,328765440,80359424,409124864
1479050409154,328765440,80359424,409124864
1479050563280,328765440,80359424,409124864
1479050718257,328765440,80359424,409124864
1479050873885,328765440,80359424,409124864
1479051028496,328765440,80359424,409124864
1479051184875,328765440,80359424,409124864
1479051339005,328765440,80359424,409124864
1479051495943,328765440,80359424,409124864
1479051653294,328765440,80359424,409124864
1479051806990,328765440,80359424,409124864
1479051962389,328765440,80359424,409124864
1479052118392,328765440,80359424,409124864
1479052271891,328765440,80359424,409124864
1479052428947,328765440,80359424,409124864
1479052581221,328765440,80359424,409124864
1479052736425,328765440,80359424,409124864
1479052891809,327536640,80359424,407896064
1479053052571,328769536,80359424,409128960
1479053208390,328769536,80359424,409128960
1479053216953,328777728,80371712,409149440
1479053363869,328777728,80367616,409145344
1479053519731,328777728,80367616,409145344
1479053674179,328777728,80367616,409145344
1479053830100,328777728,80367616,409145344
1479053985530,328777728,80367616,409145344
1479054137154,328777728,80367616,409145344
1479054291159,328777728,80367616,409145344
1479054446805,328777728,80367616,409145344
1479054602020,328777728,80367616,409145344
1479054757918,328777728,80367616,409145344
1479054912462,328777728,80367616,409145344
1479055066922,328777728,80367616,409145344
1479055221997,328777728,80367616,409145344
1479055375753,328777728,80367616,409145344
1479055531246,328777728,80367616,409145344
1479055687258,328777728,80367616,409145344
1479055842283,328777728,80371712,409149440
1479055997171,328777728,80371712,409149440
1479056152713,328777728,80375808,409153536
1479056307435,328777728,80375808,409153536
1479056461363,328777728,80375808,409153536
1479056617682,328777728,80375808,409153536
1479056771912,328777728,80375808,409153536
1479056927366,328777728,80375808,409153536
1479057083555,328777728,80375808,409153536
1479057238121,328777728,80375808,409153536
1479057392339,328777728,80375808,409153536
1479057553595,328777728,80375808,409153536
1479057707239,327548928,80379904,407928832
1479057861817,328769536,80379904,409149440
1479058016686,328773632,80379904,409153536
1479058019026,328773632,80388096,409161728
1479058170871,328773632,80388096,409161728
1479058327025,328773632,80388096,409161728
1479058482240,328773632,80392192,409165824
1479058637215,328773632,80392192,409165824
1479058801409,328773632,80392192,409165824
1479058951739,328773632,80392192,409165824
1479059106891,328773632,80392192,409165824
1479059262956,328773632,80392192,409165824
1479059417901,328773632,80392192,409165824
1479059571416,328773632,80392192,409165824
1479059727792,328773632,80392192,409165824
1479059882060,328773632,80392192,409165824
1479060039724,328773632,80392192,409165824
1479060194412,328773632,80392192,409165824
1479060354073,328773632,80392192,409165824
1479060509965,328773632,80396288,409169920
1479060669731,328773632,80396288,409169920
1479060826720,328773632,80396288,409169920
1479060981145,328773632,80396288,409169920
1479061136263,328773632,80396288,409169920
1479061289763,328773632,80396288,409169920
1479061444477,328773632,80396288,409169920
1479061599015,328773632,80396288,409169920
1479061754358,328773632,80396288,409169920
1479061909686,328773632,80396288,409169920
1479062063077,328773632,80396288,409169920
1479062219353,328773632,80396288,409169920
1479062373390,328773632,80396288,409169920
1479062523254,327548928,80396288,407945216
1479062678728,328777728,80396288,409174016
1479062834360,328777728,80396288,409174016
1479062839009,328781824,80404480,409186304
1479062991133,328781824,80400384,409182208
1479063151723,328781824,80400384,409182208
1479063303927,328781824,80400384,409182208
1479063459093,328781824,80400384,409182208
1479063610519,328781824,80400384,409182208
1479063766363,328781824,80400384,409182208
1479063921149,328781824,80400384,409182208
1479064076192,328781824,80400384,409182208
1479064232111,328781824,80400384,409182208
1479064386282,328781824,80400384,409182208
1479064541796,328781824,80400384,409182208
1479064696983,328781824,80400384,409182208
1479064852875,328781824,80400384,409182208
1479065008229,328781824,80400384,409182208
1479065163711,328781824,80400384,409182208
1479065319945,328781824,80404480,409186304
1479065474425,328781824,80404480,409186304
1479065631229,328781824,80408576,409190400
1479065785781,328781824,80408576,409190400
1479065940089,328781824,80408576,409190400
1479066092254,328781824,80408576,409190400
1479066252333,328781824,80408576,409190400
1479066407965,328781824,80408576,409190400
1479066563223,328781824,80408576,409190400
1479066715200,328781824,80408576,409190400
1479066865660,328781824,80408576,409190400
1479067022225,328781824,80408576,409190400
1479067182124,328781824,80408576,409190400
1479067338719,327540736,80412672,407953408
1479067494379,328761344,80412672,409174016
1479067652877,328761344,80412672,409174016
1479067659785,328765440,80420864,409186304
1479067807161,328765440,80416768,409182208
1479067962166,328765440,80420864,409186304
1479068117819,328765440,80420864,409186304
1479068272218,328765440,80429056,409194496
1479068435283,328765440,80429056,409194496
1479068583663,328765440,80429056,409194496
1479068744290,328765440,80429056,409194496
1479068898282,328765440,80429056,409194496
1479069054318,328765440,80429056,409194496
1479069206001,328765440,80429056,409194496
1479069361950,328765440,80429056,409194496
1479069514379,328765440,80429056,409194496
1479069666039,328765440,80429056,409194496
1479069822847,328765440,80429056,409194496
1479069977153,328765440,80429056,409194496
1479070132527,328765440,80433152,409198592
1479070287453,328765440,80433152,409198592
1479070442577,328765440,80433152,409198592
1479070597919,328765440,80433152,409198592
1479070753435,328765440,80433152,409198592
1479070914101,328765440,80433152,409198592
1479071067186,328765440,80433152,409198592
1479071221117,328765440,80433152,409198592
1479071373213,328765440,80433152,409198592
1479071534803,328765440,80433152,409198592
1479071685859,328765440,80433152,409198592
1479071837245,328765440,80433152,409198592
1479071991286,328765440,80433152,409198592
1479072152784,327561216,80433152,407994368
1479072307754,328765440,80433152,409198592
1479072463032,328765440,80433152,409198592
1479072483434,328826880,80441344,409268224
1479072619281,328826880,80437248,409264128
1479072771452,328826880,80437248,409264128
1479072927778,328826880,80437248,409264128
1479073082594,328826880,80437248,409264128
1479073237105,328826880,80437248,409264128
1479073391942,328826880,80437248,409264128
1479073552437,328826880,80437248,409264128
1479073707171,328826880,80437248,409264128
1479073863056,328826880,80437248,409264128
1479074016445,328826880,80437248,409264128
1479074172350,328826880,80437248,409264128
1479074328795,328826880,80437248,409264128
1479074480026,328826880,80437248,409264128
1479074633724,328826880,80437248,409264128
1479074786054,328826880,80441344,409268224
1479074942353,328826880,80441344,409268224
1479075097353,328826880,80441344,409268224
1479075253521,328826880,80441344,409268224
1479075407290,328826880,80441344,409268224
1479075562629,328826880,80445440,409272320
1479075716123,328826880,80445440,409272320
1479075871213,328826880,80445440,409272320
1479076026067,328826880,80445440,409272320
1479076178677,328826880,80445440,409272320
1479076335420,328826880,80445440,409272320
1479076487690,328826880,80445440,409272320
1479076643799,328826880,80445440,409272320
1479076798227,328826880,80445440,409272320
1479076953737,327618560,80445440,408064000
1479077108518,328785920,80445440,409231360
1479077260393,328785920,80445440,409231360
1479077287466,328790016,80457728,409247744
1479077415394,328790016,80453632,409243648
1479077570790,328790016,80453632,409243648
1479077727922,328790016,80453632,409243648
1479077881765,328790016,80453632,409243648
1479078045841,328790016,80457728,409247744
1479078187002,328790016,80457728,409247744
1479078342032,328790016,80457728,409247744
1479078498214,328790016,80457728,409247744
1479078652698,328790016,80457728,409247744
1479078805253,328790016,80457728,409247744
1479078960368,328790016,80457728,409247744
1479079115089,328790016,80457728,409247744
1479079269684,328790016,80457728,409247744
1479079425720,328790016,80457728,409247744
1479079579985,328790016,80461824,409251840
1479079735915,328790016,80461824,409251840
1479079890144,328790016,80461824,409251840
1479080051324,328790016,80461824,409251840
1479080205993,328790016,80461824,409251840
1479080362170,328790016,80461824,409251840
1479080515835,328790016,80461824,409251840
1479080671228,328790016,80461824,409251840
1479080827856,328790016,80461824,409251840
1479080982024,328790016,80461824,409251840
1479081135091,328790016,80461824,409251840
1479081289540,328790016,80461824,409251840
1479081450315,328790016,80461824,409251840
1479081605316,328790016,80461824,409251840
1479081760790,327577600,80461824,408039424
1479081916456,328937472,80461824,409399296
1479082070611,328937472,80461824,409399296
1479082082445,328941568,80465920,409407488
1479082227140,328941568,80465920,409407488
1479082381639,328941568,80465920,409407488
1479082536883,328941568,80465920,409407488
1479082691840,328941568,80465920,409407488
1479082847828,328941568,80465920,409407488
1479083002884,328941568,80465920,409407488
1479083157483,328941568,80465920,409407488
1479083309317,328941568,80465920,409407488
1479083463396,328941568,80465920,409407488
1479083619547,328941568,80465920,409407488
1479083773740,328941568,80465920,409407488
1479083928863,328941568,80465920,409407488
1479084084019,328941568,80465920,409407488
1479084236485,328941568,80465920,409407488
1479084391848,328941568,80470016,409411584
1479084543540,328941568,80470016,409411584
1479084697266,328941568,80470016,409411584
1479084853249,328941568,80470016,409411584
1479085006837,328941568,80470016,409411584
1479085164039,328941568,80470016,409411584
1479085319203,328941568,80470016,409411584
1479085474329,328941568,80474112,409415680
1479085626876,328941568,80474112,409415680
1479085778121,328941568,80474112,409415680
1479085934094,328941568,80474112,409415680
1479086090044,328941568,80474112,409415680
1479086245130,328941568,80474112,409415680
1479086399709,328941568,80474112,409415680
1479086553864,327716864,80474112,408190976
1479086709512,328912896,80474112,409387008
1479086865240,328912896,80478208,409391104
1479086881138,328916992,80486400,409403392
1479087018995,328916992,80486400,409403392
1479087172800,328916992,80486400,409403392
1479087329553,328916992,80486400,409403392
1479087483378,328916992,80490496,409407488
1479087639334,328916992,80494592,409411584
1479087799746,328916992,80494592,409411584
1479087953737,328916992,80494592,409411584
1479088110130,328916992,80494592,409411584
1479088266395,328916992,80494592,409411584
1479088418239,328916992,80494592,409411584
1479088577840,328916992,80494592,409411584
1479088732925,328916992,80494592,409411584
1479088893482,328916992,80494592,409411584
1479089051633,328916992,80494592,409411584
1479089207971,328916992,80494592,409411584
1479089363335,328916992,80494592,409411584
1479089514742,328916992,80494592,409411584
1479089669363,328916992,80494592,409411584
1479089824512,328916992,80494592,409411584
1479089979646,328916992,80494592,409411584
1479090135024,328916992,80494592,409411584
1479090290099,328916992,80494592,409411584
1479090451229,328916992,80494592,409411584
1479090605657,328916992,80494592,409411584
1479090761140,328916992,80494592,409411584
1479090915120,328916992,80494592,409411584
1479091069444,328916992,80494592,409411584
1479091226437,328916992,80494592,409411584
1479091378792,328929280,80494592,409423872
1479091533925,328929280,80494592,409423872
1479091579527,328937472,80498688,409436160
1479091689090,328937472,80494592,409432064
1479091844722,328937472,80494592,409432064
1479091998188,328937472,80494592,409432064
1479092154158,328937472,80498688,409436160
1479092305534,328937472,80498688,409436160
1479092460698,328937472,80498688,409436160
1479092615781,328937472,80498688,409436160
1479092771085,328937472,80498688,409436160
1479092927297,328937472,80498688,409436160
1479093082720,328937472,80498688,409436160
1479093237278,328937472,80498688,409436160
1479093391587,328937472,80498688,409436160
1479093551885,328937472,80498688,409436160
1479093707516,328937472,80498688,409436160
1479093863665,328937472,80502784,409440256
1479094017902,328937472,80502784,409440256
1479094173320,328937472,80502784,409440256
1479094328454,328937472,80502784,409440256
1479094484207,328937472,80502784,409440256
1479094640109,328937472,80502784,409440256
1479094794587,328937472,80502784,409440256
1479094955327,328937472,80502784,409440256
1479095109841,328937472,80502784,409440256
1479095265116,328937472,80502784,409440256
1479095421938,328937472,80506880,409444352
1479095575671,328937472,80506880,409444352
1479095730923,328937472,80506880,409444352
1479095886923,328937472,80506880,409444352
1479096041908,328937472,80506880,409444352
1479096196730,328937472,80506880,409444352
1479096354903,328937472,80506880,409444352
1479096385418,329003008,80510976,409513984
1479096508073,329003008,80506880,409509888
1479096660511,329003008,80510976,409513984
1479096815047,329003008,80510976,409513984
1479096966905,329003008,80510976,409513984
1479097124841,329003008,80519168,409522176
1479097277110,329003008,80519168,409522176
1479097438237,329003008,80519168,409522176
1479097593672,329003008,80519168,409522176
1479097753966,329003008,80519168,409522176
1479097910183,329003008,80519168,409522176
1479098065821,329003008,80519168,409522176
1479098219949,329003008,80519168,409522176
1479098375237,329003008,80519168,409522176
1479098530588,329003008,80519168,409522176
1479098685536,329003008,80523264,409526272
1479098841147,329003008,80523264,409526272
1479098996182,329003008,80523264,409526272
1479099153199,329003008,80523264,409526272
1479099308212,329003008,80523264,409526272
1479099459631,329003008,80523264,409526272
1479099615157,329003008,80523264,409526272
1479099770940,329003008,80523264,409526272
1479099926678,329003008,80523264,409526272
1479100081781,329003008,80523264,409526272
1479100235601,329003008,80523264,409526272
1479100389524,329003008,80523264,409526272
1479100545627,329003008,80523264,409526272
1479100701288,329003008,80523264,409526272
1479100857003,329003008,80523264,409526272
1479101010982,329007104,80523264,409530368
1479101162264,329007104,80527360,409534464
1479101321670,329007104,80523264,409530368
1479101475821,329007104,80523264,409530368
1479101631575,329007104,80523264,409530368
1479101787960,329007104,80523264,409530368
1479101941729,329007104,80523264,409530368
1479102096893,329007104,80527360,409534464
1479102252078,329007104,80527360,409534464
1479102407785,329007104,80527360,409534464
1479102564063,329007104,80527360,409534464
1479102717978,329007104,80527360,409534464
1479102874181,329007104,80527360,409534464
1479103028407,329007104,80527360,409534464
1479103183733,329007104,80527360,409534464
1479103339001,329007104,80527360,409534464
1479103494368,329007104,80527360,409534464
1479103655218,329007104,80531456,409538560
1479103810310,329007104,80531456,409538560
1479103971153,329007104,80531456,409538560
1479104126284,329007104,80531456,409538560
1479104282316,329007104,80531456,409538560
1479104438619,329007104,80531456,409538560
1479104592938,329007104,80531456,409538560
1479104753192,329007104,80531456,409538560
1479104904569,329007104,80531456,409538560
1479105059916,329007104,80531456,409538560
1479105215407,329007104,80531456,409538560
1479105370426,329007104,80531456,409538560
1479105525475,329007104,80535552,409542656
1479105681870,327798784,80535552,408334336
1479105837028,329007104,80535552,409542656
1479105993920,329007104,80535552,409542656
1479106020701,329007104,80543744,409550848
1479106152330,329007104,80539648,409546752
1479106306941,329007104,80539648,409546752
1479106462362,329007104,80539648,409546752
1479106617985,329007104,80539648,409546752
1479106772366,329007104,80539648,409546752
1479106927648,329007104,80543744,409550848
1479107082618,329007104,80543744,409550848
1479107246560,329007104,80556032,409563136
1479107394481,329007104,80556032,409563136
1479107555690,329007104,80556032,409563136
1479107709915,329007104,80556032,409563136
1479107863137,329007104,80556032,409563136
1479108018618,329007104,80556032,409563136
1479108172547,329007104,80556032,409563136
1479108327902,329007104,80556032,409563136
1479108482770,329007104,80560128,409567232
1479108638347,329007104,80560128,409567232
1479108789871,329007104,80560128,409567232
1479108945379,329007104,80560128,409567232
1479109101056,329007104,80560128,409567232
1479109255147,329007104,80560128,409567232
1479109411057,329007104,80560128,409567232
1479109565669,329007104,80560128,409567232
1479109721725,329007104,80560128,409567232
1479109876159,329007104,80560128,409567232
1479110032095,329007104,80560128,409567232
1479110192437,329007104,80560128,409567232
1479110353287,329007104,80560128,409567232
1479110508306,327798784,80560128,408358912
1479110662722,328994816,80560128,409554944
1479110817606,328994816,80560128,409554944
1479110841789,328994816,80564224,409559040
1479110972677,328994816,80560128,409554944
1479111128379,328994816,80560128,409554944
1479111283118,328994816,80560128,409554944
1479111438423,328994816,80560128,409554944
1479111594947,328994816,80560128,409554944
1479111751761,328994816,80560128,409554944
1479111908036,328994816,80560128,409554944
1479112063496,328994816,80560128,409554944
1479112218632,328994816,80564224,409559040
1479112372155,328994816,80564224,409559040
1479112526750,328994816,80564224,409559040
1479112683202,328994816,80564224,409559040
1479112837810,328994816,80564224,409559040
1479112993738,328994816,80564224,409559040
1479113153435,328994816,80568320,409563136
1479113309325,328994816,80568320,409563136
1479113464805,328994816,80568320,409563136
1479113617391,328994816,80568320,409563136
1479113772623,328994816,80568320,409563136
1479113928522,328994816,80568320,409563136
1479114083002,328994816,80568320,409563136
1479114239295,328994816,80568320,409563136
1479114395400,328994816,80568320,409563136
1479114556208,328994816,80568320,409563136
1479114708990,328994816,80568320,409563136
1479114864353,328994816,80568320,409563136
1479115018879,328994816,80568320,409563136
1479115171904,328994816,80568320,409563136
1479115328487,327786496,80568320,408354816
1479115484567,329015296,80572416,409587712
1479115646822,329015296,80572416,409587712
1479115671214,329015296,80576512,409591808
1479115800932,329015296,80572416,409587712
1479115955445,329015296,80572416,409587712
1479116110595,329015296,80572416,409587712
1479116266281,329015296,80572416,409587712
1479116423220,329015296,80576512,409591808
1479116578248,329015296,80580608,409595904
1479116734118,329015296,80580608,409595904
1479116897353,329015296,80580608,409595904
1479117043419,329015296,80580608,409595904
1479117197933,329015296,80580608,409595904
1479117353117,329015296,80580608,409595904
1479117507603,329015296,80580608,409595904
1479117663285,329015296,80580608,409595904
1479117815575,329015296,80580608,409595904
1479117969951,329015296,80584704,409600000
1479118125394,329015296,80584704,409600000
1479118278930,329015296,80584704,409600000
1479118433671,329015296,80584704,409600000
1479118584847,329015296,80584704,409600000
1479118739827,329015296,80584704,409600000
1479118892367,329015296,80584704,409600000
1479119052665,329015296,80584704,409600000
1479119208206,329015296,80584704,409600000
1479119363437,329015296,80584704,409600000
1479119520478,329015296,80584704,409600000
1479119674546,329015296,80584704,409600000
1479119830633,329015296,80584704,409600000
1479119986092,329015296,80584704,409600000
1479120141109,327823360,80584704,408408064
1479120299508,329003008,80584704,409587712
1479120453679,329003008,80588800,409591808
1479120534788,329003008,80596992,409600000
1479120603833,329003008,80592896,409595904
1479120758108,329003008,80592896,409595904
1479120913327,329003008,80592896,409595904
1479121068215,329003008,80592896,409595904
1479121223907,329003008,80592896,409595904
1479121379000,329003008,80592896,409595904
1479121533816,329003008,80592896,409595904
1479121689943,329003008,80592896,409595904
1479121845059,329003008,80592896,409595904
1479121998195,329003008,80592896,409595904
1479122153957,329003008,80596992,409600000
1479122304777,329003008,80596992,409600000
1479122457299,329003008,80596992,409600000
1479122613917,329003008,80596992,409600000
1479122767852,329003008,80601088,409604096
1479122924025,329003008,80601088,409604096
1479123077831,329003008,80601088,409604096
1479123233612,329003008,80601088,409604096
1479123387775,329003008,80601088,409604096
1479123544827,329003008,80601088,409604096
1479123699250,329003008,80601088,409604096
1479123855112,329003008,80601088,409604096
1479124009486,329003008,80601088,409604096
1479124164866,329003008,80601088,409604096
1479124321240,329003008,80601088,409604096
1479124475200,329003008,80601088,409604096
1479124630466,329003008,80601088,409604096
1479124786145,329003008,80601088,409604096
1479124940879,327794688,80601088,408395776
1479125096255,329015296,80601088,409616384
1479125251490,329015296,80605184,409620480
1479125286271,329015296,80609280,409624576
1479125407209,329015296,80609280,409624576
1479125562088,329015296,80609280,409624576
1479125717225,329015296,80609280,409624576
1479125873657,329015296,80609280,409624576
1479126027615,329015296,80609280,409624576
1479126183713,329015296,80613376,409628672
1479126337442,329015296,80613376,409628672
1479126500215,329015296,80613376,409628672
1479126652833,329015296,80613376,409628672
1479126808283,329015296,80613376,409628672
1479126965281,329015296,80613376,409628672
1479127118698,329015296,80613376,409628672
1479127273351,329015296,80613376,409628672
1479127428047,329015296,80613376,409628672
1479127583149,329015296,80613376,409628672
1479127739273,329015296,80613376,409628672
1479127894832,329015296,80613376,409628672
1479128054243,329015296,80613376,409628672
1479128208974,329015296,80613376,409628672
1479128364944,329015296,80613376,409628672
1479128518566,329015296,80613376,409628672
1479128672351,329015296,80613376,409628672
1479128829448,329015296,80613376,409628672
1479128983198,329015296,80613376,409628672
1479129136991,329015296,80613376,409628672
1479129293380,329015296,80613376,409628672
1479129453635,329015296,80613376,409628672
1479129607983,329015296,80613376,409628672
1479129763693,329043968,80613376,409657344
1479129916982,329043968,80613376,409657344
1479130010491,330035200,80621568,410656768
1479130068437,330035200,80617472,410652672
1479130224152,330035200,80617472,410652672
1479130378291,330035200,80617472,410652672
1479130532550,330035200,80617472,410652672
1479130689725,330035200,80617472,410652672
1479130843743,330035200,80621568,410656768
1479131000418,330035200,80621568,410656768
1479131153407,330035200,80621568,410656768
1479131308284,330035200,80621568,410656768
1479131463994,330035200,80621568,410656768
1479131617871,330035200,80621568,410656768
1479131772921,330035200,80625664,410660864
1479131932646,330035200,80625664,410660864
1479132084900,330035200,80625664,410660864
1479132239068,330035200,80625664,410660864
1479132395203,330035200,80625664,410660864
1479132554689,330035200,80625664,410660864
1479132707580,330035200,80625664,410660864
1479132862967,330035200,80625664,410660864
1479133019448,330035200,80625664,410660864
1479133172023,330035200,80625664,410660864
1479133328774,330035200,80625664,410660864
1479133483209,330035200,80625664,410660864
1479133638782,330035200,80625664,410660864
1479133793521,330035200,80625664,410660864
1479133952937,330035200,80625664,410660864
1479134105009,330035200,80625664,410660864
1479134258516,330035200,80625664,410660864
1479134413162,330035200,80625664,410660864
1479134567131,329023488,80625664,409649152
1479134722580,329023488,80625664,409649152
1479134757217,329023488,80637952,409661440
1479134874701,329023488,80633856,409657344
1479135029807,329023488,80633856,409657344
1479135187161,329023488,80633856,409657344
1479135338661,329023488,80633856,409657344
1479135492321,329023488,80637952,409661440
1479135653825,329023488,80642048,409665536
1479135807890,329023488,80646144,409669632
1479135962872,329023488,80650240,409673728
1479136122869,329023488,80650240,409673728
1479136272832,329023488,80650240,409673728
1479136428360,329023488,80650240,409673728
1479136583331,329023488,80650240,409673728
1479136738443,329023488,80650240,409673728
1479136892845,329023488,80650240,409673728
1479137052624,329023488,80650240,409673728
1479137213203,329023488,80650240,409673728
1479137368809,329023488,80650240,409673728
1479137525782,329023488,80650240,409673728
1479137680476,329023488,80650240,409673728
1479137834601,329023488,80650240,409673728
1479137990622,329023488,80650240,409673728
1479138146371,329023488,80650240,409673728
1479138301462,329023488,80650240,409673728
1479138455747,329023488,80650240,409673728
1479138611047,329023488,80650240,409673728
1479138766473,329023488,80650240,409673728
1479138921931,329023488,80650240,409673728
1479139076478,329023488,80650240,409673728
1479139232376,329023488,80650240,409673728
1479139387170,329388032,80650240,410038272
1479139543020,329388032,80650240,410038272
1479139551243,329388032,80658432,410046464
1479139697125,329388032,80654336,410042368
1479139852242,329388032,80654336,410042368
1479140007662,329388032,80654336,410042368
1479140162975,329388032,80654336,410042368
1479140318489,329388032,80654336,410042368
1479140473476,329388032,80658432,410046464
1479140629223,329388032,80658432,410046464
1479140784449,329388032,80658432,410046464
1479140936480,329388032,80658432,410046464
1479141091796,329388032,80658432,410046464
1479141252915,329388032,80658432,410046464
1479141406878,329388032,80658432,410046464
1479141562371,329388032,80658432,410046464
1479141717399,329388032,80662528,410050560
1479141872997,329388032,80662528,410050560
1479142028317,329388032,80662528,410050560
1479142183597,329388032,80662528,410050560
1479142338910,329388032,80662528,410050560
1479142494161,329388032,80662528,410050560
1479142654475,329388032,80662528,410050560
1479142810716,329388032,80662528,410050560
1479142965393,329388032,80662528,410050560
1479143121004,329388032,80662528,410050560
1479143276047,329388032,80662528,410050560
1479143430369,329388032,80662528,410050560
1479143583108,329388032,80662528,410050560
1479143737435,329388032,80662528,410050560
1479143892971,329388032,80662528,410050560
1479144052210,329388032,80662528,410050560
1479144206997,329412608,80662528,410075136
1479144357780,329412608,80670720,410083328
1479144519599,329412608,80666624,410079232
1479144672677,329412608,80666624,410079232
1479144828873,329412608,80666624,410079232
1479144980221,329412608,80670720,410083328
1479145132351,329412608,80670720,410083328
1479145288207,329412608,80670720,410083328
1479145444299,329412608,80674816,410087424
1479145600299,329412608,80674816,410087424
1479145753100,329412608,80674816,410087424
1479145915744,329412608,80678912,410091520
1479146063421,329412608,80678912,410091520
1479146223822,329412608,80678912,410091520
1479146378530,329412608,80678912,410091520
1479146533806,329412608,80678912,410091520
1479146688425,329412608,80678912,410091520
1479146843402,329412608,80678912,410091520
1479146994761,329412608,80678912,410091520
1479147156336,329412608,80678912,410091520
1479147310717,329412608,80678912,410091520
1479147465132,329412608,80678912,410091520
1479147621161,329412608,80678912,410091520
1479147772855,329412608,80678912,410091520
1479147927623,329412608,80678912,410091520
1479148084546,329412608,80678912,410091520
1479148239646,329412608,80678912,410091520
1479148394738,329412608,80678912,410091520
1479148554185,329412608,80678912,410091520
1479148708962,329412608,80678912,410091520
1479148864388,328163328,80678912,408842240
1479149021142,329039872,80678912,409718784
1479149174415,329039872,80678912,409718784
1479149202955,329039872,80687104,409726976
1479149331916,329039872,80683008,409722880
1479149483746,329039872,80683008,409722880
1479149638641,329039872,80683008,409722880
1479149790367,329039872,80683008,409722880
1479149944956,329039872,80683008,409722880
1479150100303,329039872,80687104,409726976
1479150256122,329039872,80687104,409726976
1479150407387,329039872,80687104,409726976
1479150561494,329039872,80687104,409726976
1479150712975,329039872,80687104,409726976
1479150868239,329039872,80687104,409726976
1479151024562,329039872,80687104,409726976
1479151179662,329039872,80687104,409726976
1479151330807,329039872,80687104,409726976
1479151483428,329039872,80687104,409726976
1479151638942,329039872,80687104,409726976
1479151792984,329039872,80691200,409731072
1479151953153,329039872,80691200,409731072
1479152109007,329039872,80691200,409731072
1479152263993,329039872,80691200,409731072
1479152419095,329039872,80691200,409731072
1479152574411,329039872,80691200,409731072
1479152729911,329039872,80691200,409731072
1479152883024,329039872,80691200,409731072
1479153039227,329039872,80691200,409731072
1479153193580,329039872,80691200,409731072
1479153345481,329039872,80691200,409731072
1479153500778,329039872,80691200,409731072
1479153655581,329039872,80691200,409731072
1479153811548,329003008,80691200,409694208
1479153967101,329003008,80691200,409694208
1479153999342,329003008,80703488,409706496
1479154121650,329003008,80703488,409706496
1479154276815,329003008,80703488,409706496
1479154432066,329003008,80703488,409706496
1479154587371,329003008,80703488,409706496
1479154742593,329003008,80703488,409706496
1479154898255,329003008,80707584,409710592
1479155052628,329003008,80707584,409710592
1479155207951,329003008,80707584,409710592
1479155363438,329003008,80711680,409714688
1479155523216,329003008,80715776,409718784
1479155673941,329003008,80715776,409718784
1479155830523,329011200,80715776,409726976
1479155985465,328974336,80715776,409690112
1479156139764,328966144,80715776,409681920
1479156295366,328966144,80715776,409681920
1479156451117,328966144,80715776,409681920
1479156606714,328966144,80715776,409681920
1479156764055,328966144,80715776,409681920
1479156915878,328966144,80715776,409681920
1479157066581,328966144,80715776,409681920
1479157222167,328966144,80715776,409681920
1479157382211,328966144,80715776,409681920
1479157539888,328966144,80715776,409681920
1479157692895,328966144,80715776,409681920
1479157844392,328966144,80715776,409681920
1479157999347,328966144,80715776,409681920
1479158153434,328966144,80715776,409681920
1479158308971,328966144,80715776,409681920
1479158464535,327761920,80715776,408477696
1479158618651,328916992,80715776,409632768
1479158773782,328916992,80715776,409632768
1479158779128,328916992,80728064,409645056
1479158930521,328916992,80723968,409640960
1479159085059,328916992,80723968,409640960
1479159238904,328916992,80723968,409640960
1479159392638,328916992,80723968,409640960
1479159553205,328916992,80723968,409640960
1479159708778,328916992,80723968,409640960
1479159863881,328916992,80723968,409640960
1479160019080,328916992,80723968,409640960
1479160173327,328916992,80723968,409640960
1479160325200,328916992,80723968,409640960
1479160480629,328916992,80723968,409640960
1479160632679,328916992,80723968,409640960
1479160788578,328916992,80723968,409640960
1479160943553,328916992,80723968,409640960
1479161098096,328916992,80723968,409640960
1479161253166,328916992,80723968,409640960
1479161404806,328916992,80728064,409645056
1479161558925,328916992,80728064,409645056
1479161714821,328916992,80728064,409645056
1479161869990,328916992,80728064,409645056
1479162024922,328916992,80728064,409645056
1479162181436,328916992,80728064,409645056
1479162335622,328916992,80728064,409645056
1479162491166,328916992,80728064,409645056
1479162643383,328916992,80728064,409645056
1479162798510,328916992,80728064,409645056
1479162954036,328916992,80728064,409645056
1479163109537,328916992,80728064,409645056
1479163269129,327712768,80728064,408440832
1479163424616,329297920,80728064,410025984
1479163579725,329297920,80797696,410095616
1479163735396,329297920,80793600,410091520
1479163890019,329297920,80793600,410091520
1479164045618,329297920,80793600,410091520
1479164200978,329297920,80793600,410091520
1479164356798,329297920,80793600,410091520
1479164509897,329297920,80793600,410091520
1479164662297,329297920,80793600,410091520
1479164816623,329297920,80793600,410091520
1479164973042,329297920,80793600,410091520
1479165129041,329297920,80793600,410091520
1479165288602,329297920,80793600,410091520
1479165438868,329297920,80793600,410091520
1479165595251,329297920,80793600,410091520
1479165756095,329297920,80793600,410091520
1479165911000,329297920,80793600,410091520
1479166063917,329297920,80793600,410091520
1479166214004,329297920,80793600,410091520
1479166370796,329297920,80793600,410091520
1479166521688,329297920,80793600,410091520
1479166677246,329297920,80793600,410091520
1479166832016,329297920,80793600,410091520
1479166988631,329297920,80793600,410091520
1479167142190,329297920,80793600,410091520
1479167297885,329297920,80793600,410091520
1479167452831,329297920,80793600,410091520
1479167607783,329297920,80793600,410091520
1479167764244,329297920,80793600,410091520
1479167918007,329297920,80793600,410091520
1479168073282,328089600,80793600,408883200
1479168229887,329023488,80793600,409817088
1479168384052,329023488,80793600,409817088
1479168392746,329089024,80797696,409886720
1479168539739,329089024,80793600,409882624
1479168691934,329089024,80793600,409882624
1479168852745,329089024,80793600,409882624
1479169006001,329089024,80793600,409882624
1479169160333,329089024,80793600,409882624
1479169317165,329089024,80793600,409882624
1479169471406,329089024,80793600,409882624
1479169626776,329089024,80793600,409882624
1479169782699,329089024,80793600,409882624
1479169938009,329089024,80793600,409882624
1479170092660,329089024,80793600,409882624
1479170252057,329089024,80793600,409882624
1479170408346,329089024,80793600,409882624
1479170562631,329089024,80793600,409882624
1479170717581,329089024,80793600,409882624
1479170872855,329089024,80793600,409882624
1479171027743,329089024,80793600,409882624
1479171183589,329089024,80793600,409882624
1479171339956,329089024,80793600,409882624
1479171494948,329089024,80793600,409882624
1479171654475,329089024,80793600,409882624
1479171809355,329089024,80793600,409882624
1479171964447,329089024,80793600,409882624
1479172119975,329089024,80793600,409882624
1479172274544,329089024,80793600,409882624
1479172429985,329089024,80793600,409882624
1479172585794,329089024,80793600,409882624
1479172741206,329089024,80793600,409882624
1479172894769,327856128,80793600,408649728
1479173055724,329457664,80793600,410251264
1479173206754,329457664,80797696,410255360
1479173366952,329457664,80793600,410251264
1479173522428,329457664,80793600,410251264
1479173673276,329457664,80793600,410251264
1479173828392,329457664,80793600,410251264
1479173985398,329457664,80793600,410251264
1479174139750,329457664,80793600,410251264
1479174295843,329457664,80793600,410251264
1479174453941,329457664,80793600,410251264
1479174610401,329457664,80793600,410251264
1479174764495,329457664,80793600,410251264
1479174920392,329457664,80797696,410255360
1479175076863,329457664,80797696,410255360
1479175227383,329457664,80797696,410255360
1479175380390,329457664,80797696,410255360
1479175536211,329457664,80797696,410255360
1479175692812,329457664,80797696,410255360
1479175848046,329457664,80797696,410255360
1479176003173,329457664,80797696,410255360
1479176158202,329457664,80797696,410255360
1479176312565,329457664,80797696,410255360
1479176468620,329457664,80797696,410255360
1479176620828,329457664,80797696,410255360
1479176773214,329457664,80797696,410255360
1479176924779,329457664,80797696,410255360
1479177080364,329457664,80797696,410255360
1479177235877,329457664,80797696,410255360
1479177390753,329457664,80797696,410255360
1479177545547,329457664,80797696,410255360
1479177698761,328224768,80797696,409022464
1479177854182,329064448,80797696,409862144
1479178009543,329064448,80797696,409862144
1479178019571,329064448,80801792,409866240
1479178164413,329064448,80797696,409862144
1479178318146,329064448,80797696,409862144
1479178473346,329064448,80797696,409862144
1479178628897,329064448,80797696,409862144
1479178784453,329064448,80797696,409862144
1479178940080,329064448,80797696,409862144
1479179094812,329064448,80797696,409862144
1479179256413,329064448,80797696,409862144
1479179411721,329064448,80797696,409862144
1479179566578,329064448,80797696,409862144
1479179723103,329064448,80797696,409862144
1479179873851,329064448,80797696,409862144
1479180032191,329064448,80797696,409862144
1479180186446,329064448,80797696,409862144
1479180342399,329064448,80797696,409862144
1479180496808,329064448,80797696,409862144
1479180651656,329064448,80797696,409862144
1479180807658,329064448,80797696,409862144
1479180964736,329064448,80797696,409862144
1479181119336,329064448,80797696,409862144
1479181273686,329064448,80797696,409862144
1479181425412,329064448,80797696,409862144
1479181577547,329064448,80797696,409862144
1479181733338,329064448,80797696,409862144
1479181886799,329064448,80797696,409862144
1479182042024,329064448,80797696,409862144
1479182193548,329064448,80797696,409862144
1479182354481,329064448,80797696,409862144
1479182508022,327852032,80797696,408649728
1479182663568,329084928,80797696,409882624
1479182819318,329084928,80797696,409882624
1479182931029,329084928,80805888,409890816
1479183129709,329084928,80805888,409890816
1479183285738,329084928,80805888,409890816
1479183440494,329084928,80805888,409890816
1479183596795,329084928,80805888,409890816
1479183755962,329084928,80805888,409890816
1479183912353,329084928,80805888,409890816
1479184067009,329084928,80805888,409890816
1479184221729,329084928,80809984,409894912
1479184377394,329084928,80814080,409899008
1479184533168,329084928,80814080,409899008
1479184688439,329084928,80818176,409903104
1479184848353,329084928,80818176,409903104
1479184997858,329084928,80818176,409903104
1479185153355,329084928,80818176,409903104
1479185310000,329084928,80818176,409903104
1479185464148,329084928,80818176,409903104
1479185619496,329084928,80818176,409903104
1479185774545,329084928,80818176,409903104
1479185930025,329084928,80818176,409903104
1479186086086,329084928,80818176,409903104
1479186240100,329084928,80818176,409903104
1479186396561,329084928,80818176,409903104
1479186551708,329084928,80818176,409903104
1479186707853,329084928,80818176,409903104
1479186862331,329084928,80818176,409903104
1479187015475,329084928,80818176,409903104
1479187169996,329084928,80818176,409903104
1479187325724,328024064,80818176,408842240
1479187480612,329437184,80818176,410255360
1479187636289,329437184,80818176,410255360
1479187644818,329437184,80822272,410259456
1479187790822,329437184,80822272,410259456
1479187947191,329437184,80822272,410259456
1479188100757,329437184,80822272,410259456
1479188253915,329437184,80822272,410259456
1479188410549,329437184,80822272,410259456
1479188564010,329437184,80822272,410259456
1479188715603,329437184,80822272,410259456
1479188870864,329437184,80822272,410259456
1479189023059,329437184,80822272,410259456
1479189177625,329437184,80822272,410259456
1479189333955,329437184,80822272,410259456
1479189489141,329437184,80822272,410259456
1479189645120,329437184,80822272,410259456
1479189800222,329437184,80822272,410259456
1479189956236,329437184,80822272,410259456
1479190111979,329437184,80822272,410259456
1479190263819,329437184,80822272,410259456
1479190418960,329437184,80822272,410259456
1479190573844,329437184,80822272,410259456
1479190730091,329437184,80822272,410259456
1479190884569,329437184,80822272,410259456
1479191040472,329437184,80822272,410259456
1479191188686,329437184,80822272,410259456
1479191345375,329437184,80822272,410259456
1479191500101,329437184,80822272,410259456
1479191655999,329437184,80822272,410259456
1479191810907,329437184,80822272,410259456
1479191966771,329437184,80822272,410259456
1479192122106,328224768,80822272,409047040
1479192272821,329060352,80822272,409882624
1479192428022,329060352,80822272,409882624
1479192456665,329060352,80826368,409886720
1479192580056,329060352,80826368,409886720
1479192734658,329060352,80826368,409886720
1479192889774,329060352,80826368,409886720
1479193044866,329060352,80830464,409890816
1479193199929,329060352,80834560,409894912
1479193356522,329060352,80834560,409894912
1479193511246,329060352,80838656,409899008
1479193666497,329060352,80838656,409899008
1479193822783,329060352,80838656,409899008
1479193976744,329060352,80838656,409899008
1479194132858,329060352,80842752,409903104
1479194284456,329060352,80846848,409907200
1479194439265,329060352,80850944,409911296
1479194601117,329060352,80850944,409911296
1479194755704,329060352,80850944,409911296
1479194909832,329060352,80850944,409911296
1479195066752,329060352,80850944,409911296
1479195218478,329060352,80850944,409911296
1479195375357,329060352,80850944,409911296
1479195530942,329060352,80850944,409911296
1479195686050,329060352,80850944,409911296
1479195839416,329060352,80850944,409911296
1479195991390,329060352,80850944,409911296
1479196145872,329060352,80850944,409911296
1479196301236,329060352,80850944,409911296
1479196454325,329060352,80850944,409911296
1479196610555,329060352,80850944,409911296
1479196765301,329060352,80850944,409911296
1479196921467,327856128,80850944,408707072
1479197076382,337973248,80850944,418824192
1479197230913,337973248,80850944,418824192
1479197271984,337973248,80855040,418828288
1479197384468,337973248,80855040,418828288
1479197541709,337973248,80855040,418828288
1479197697269,337973248,80855040,418828288
1479197852727,337973248,80855040,418828288
1479198005487,337973248,80859136,418832384
1479198161303,337973248,80859136,418832384
1479198316345,337973248,80859136,418832384
1479198470702,337973248,80859136,418832384
1479198625510,337973248,80859136,418832384
1479198780051,337973248,80859136,418832384
1479198935135,337973248,80859136,418832384
1479199089900,337973248,80859136,418832384
1479199250189,337973248,80859136,418832384
1479199405053,337973248,80859136,418832384
1479199559020,337973248,80859136,418832384
1479199714514,337973248,80859136,418832384
1479199871064,337973248,80859136,418832384
1479200024793,337973248,80859136,418832384
1479200179936,337973248,80859136,418832384
1479200335584,337973248,80859136,418832384
1479200489797,337973248,80859136,418832384
1479200644528,337973248,80859136,418832384
1479200799744,337973248,80859136,418832384
1479200955687,337973248,80859136,418832384
1479201109602,337973248,80859136,418832384
1479201265867,337973248,80859136,418832384
1479201421233,337973248,80863232,418836480
1479201573857,337973248,80863232,418836480
1479201723771,336769024,80863232,417632256
1479201881423,337960960,80863232,418824192
1479202035169,337960960,80863232,418824192
1479202045065,337960960,80867328,418828288
1479202190957,337960960,80863232,418824192
1479202345448,337960960,80863232,418824192
1479202499105,337960960,80863232,418824192
1479202655882,337960960,80863232,418824192
1479202809994,337960960,80863232,418824192
1479202964687,337960960,80871424,418832384
1479203121561,337960960,80875520,418836480
1479203274562,337960960,80875520,418836480
1479203431684,337960960,80875520,418836480
1479203585202,337960960,80875520,418836480
1479203738742,337960960,80879616,418840576
1479203899559,337960960,80879616,418840576
1479204054020,337960960,80883712,418844672
1479204216277,337960960,80883712,418844672
1479204365314,337960960,80883712,418844672
1479204519593,337960960,80883712,418844672
1479204675512,337960960,80883712,418844672
1479204830218,337960960,80883712,418844672
1479204984932,337960960,80883712,418844672
1479205141314,337960960,80883712,418844672
1479205296624,337960960,80883712,418844672
1479205451472,337960960,80883712,418844672
1479205604470,337960960,80883712,418844672
1479205761991,337960960,80883712,418844672
1479205917253,337960960,80883712,418844672
1479206071934,337960960,80883712,418844672
1479206224463,337960960,80883712,418844672
1479206379547,337960960,80883712,418844672
1479206536028,336756736,80883712,417640448
1479206690739,338350080,80883712,419233792
1479206845293,338350080,80883712,419233792
1479206862754,338350080,80887808,419237888
1479206999800,338350080,80883712,419233792
1479207155629,338350080,80883712,419233792
1479207310734,338350080,80883712,419233792
1479207466418,338350080,80883712,419233792
1479207622594,338350080,80883712,419233792
1479207776495,338350080,80883712,419233792
1479207929546,338350080,80887808,419237888
1479208086349,338350080,80887808,419237888
1479208239716,338350080,80887808,419237888
1479208394284,338350080,80887808,419237888
1479208555185,338350080,80887808,419237888
1479208709743,338350080,80887808,419237888
1479208864239,338350080,80887808,419237888
1479209018694,338350080,80887808,419237888
1479209172426,338350080,80887808,419237888
1479209328599,338350080,80887808,419237888
1479209483640,338350080,80887808,419237888
1479209639880,338350080,80887808,419237888
1479209795267,338350080,80887808,419237888
1479209946552,338350080,80887808,419237888
1479210101802,338350080,80887808,419237888
1479210256615,338350080,80887808,419237888
1479210412242,338350080,80887808,419237888
1479210566581,338350080,80887808,419237888
1479210721618,338350080,80887808,419237888
1479210876976,338350080,80887808,419237888
1479211033708,338350080,80887808,419237888
1479211190011,338350080,80887808,419237888
1479211345903,337137664,80891904,418029568
1479211499934,337977344,80891904,418869248
1479211657225,337977344,80891904,418869248
1479211681701,337977344,80900096,418877440
1479211811798,337977344,80896000,418873344
1479211967037,337977344,80896000,418873344
1479212122702,337977344,80896000,418873344
1479212277299,337977344,80896000,418873344
1479212431181,337977344,80896000,418873344
1479212585202,337977344,80900096,418877440
1479212739275,337977344,80900096,418877440
1479212894441,337977344,80904192,418881536
1479213054861,337977344,80904192,418881536
1479213210267,337977344,80904192,418881536
1479213365213,337977344,80904192,418881536
1479213519119,337977344,80904192,418881536
1479213676920,337977344,80908288,418885632
1479213834661,337977344,80912384,418889728
1479213984747,337977344,80912384,418889728
1479214139711,337977344,80912384,418889728
1479214296023,337977344,80912384,418889728
1479214456498,337977344,80912384,418889728
1479214610991,337977344,80912384,418889728
1479214767378,337977344,80912384,418889728
1479214922128,337977344,80912384,418889728
1479215077263,337977344,80912384,418889728
1479215232006,337977344,80912384,418889728
1479215387116,337977344,80912384,418889728
1479215543052,337977344,80912384,418889728
1479215697695,337977344,80912384,418889728
1479215852923,337977344,80912384,418889728
1479216008739,337977344,80912384,418889728
1479216163824,336809984,80912384,417722368
1479216319491,337981440,80912384,418893824
1479216474088,337981440,80912384,418893824
1479216493470,337981440,80924672,418906112
1479216629448,337981440,80920576,418902016
1479216784461,337981440,80920576,418902016
1479216939170,337981440,80920576,418902016
1479217094356,337981440,80920576,418902016
1479217254605,337981440,80920576,418902016
1479217409776,337981440,80920576,418902016
1479217564873,337981440,80920576,418902016
1479217719871,337981440,80920576,418902016
1479217875109,337981440,80920576,418902016
1479218031736,337981440,80920576,418902016
1479218186840,337981440,80920576,418902016
1479218340736,337981440,80920576,418902016
1479218497715,337981440,80920576,418902016
1479218657072,337981440,80920576,418902016
1479218809661,337981440,80920576,418902016
1479218966144,337981440,80920576,418902016
1479219119637,337981440,80920576,418902016
1479219274185,337981440,80920576,418902016
1479219428978,337981440,80920576,418902016
1479219585723,337981440,80920576,418902016
1479219741377,337981440,80920576,418902016
1479219894282,337981440,80920576,418902016
1479220056481,337981440,80920576,418902016
1479220210596,337981440,80920576,418902016
1479220364151,337981440,80920576,418902016
1479220520885,337981440,80920576,418902016
1479220674038,337981440,80920576,418902016
1479220829943,337981440,80920576,418902016
1479220983656,338341888,80920576,419262464
1479221138998,338341888,80920576,419262464
1479221188052,338341888,80924672,419266560
1479221294561,338341888,80924672,419266560
1479221454227,338341888,80924672,419266560
1479221610354,338341888,80924672,419266560
1479221761347,338341888,80924672,419266560
1479221915335,338341888,80928768,419270656
1479222071279,338341888,80928768,419270656
1479222225494,338341888,80928768,419270656
1479222381058,338341888,80928768,419270656
1479222538137,338341888,80928768,419270656
1479222692711,338341888,80936960,419278848
1479222848813,338341888,80941056,419282944
1479223004558,338341888,80941056,419282944
1479223158181,338341888,80945152,419287040
1479223313368,338341888,80945152,419287040
1479223474987,338341888,80949248,419291136
1479223623419,338341888,80949248,419291136
1479223778468,338341888,80949248,419291136
1479223933769,338341888,80949248,419291136
1479224088776,338341888,80949248,419291136
1479224243995,338341888,80949248,419291136
1479224398881,338341888,80949248,419291136
1479224554553,338341888,80949248,419291136
1479224709459,338341888,80949248,419291136
1479224864595,338341888,80949248,419291136
1479225019933,338341888,80949248,419291136
1479225175620,338341888,80949248,419291136
1479225327695,338341888,80949248,419291136
1479225478054,338341888,80949248,419291136
1479225630908,338341888,80949248,419291136
1479225781555,337965056,80949248,418914304
1479225937453,337965056,80949248,418914304
1479225988603,337965056,80957440,418922496
1479226090117,337965056,80953344,418918400
1479226245444,337965056,80953344,418918400
1479226400472,337965056,80953344,418918400
1479226553363,337965056,80953344,418918400
1479226709392,337965056,80953344,418918400
1479226863263,337965056,80953344,418918400
1479227019528,337965056,80953344,418918400
1479227174267,337965056,80953344,418918400
1479227331274,337965056,80953344,418918400
1479227484539,337965056,80953344,418918400
1479227641130,337965056,80953344,418918400
1479227794977,337965056,80957440,418922496
1479227950315,337965056,80957440,418922496
1479228101621,337965056,80957440,418922496
1479228256930,337965056,80957440,418922496
1479228410748,337965056,80957440,418922496
1479228564642,337965056,80957440,418922496
1479228719022,337965056,80957440,418922496
1479228875084,337965056,80957440,418922496
1479229030942,337965056,80957440,418922496
1479229185180,337965056,80957440,418922496
1479229340332,337965056,80957440,418922496
1479229495630,337965056,80957440,418922496
1479229655930,337965056,80957440,418922496
1479229806298,337965056,80957440,418922496
1479229960197,337965056,80957440,418922496
1479230116517,337965056,80957440,418922496
1479230269465,337965056,80957440,418922496
1479230425781,337965056,80957440,418922496
1479230580275,338001920,80957440,418959360
1479230735302,338001920,80957440,418959360
1479230794906,338001920,80969728,418971648
1479230890885,338001920,80965632,418967552
1479231045068,338001920,80965632,418967552
1479231200581,338001920,80965632,418967552
1479231357135,338001920,80965632,418967552
1479231510110,338001920,80965632,418967552
1479231664703,338001920,80965632,418967552
1479231820689,338001920,80965632,418967552
1479231979823,338001920,80965632,418967552
1479232136261,338001920,80969728,418971648
1479232291263,338001920,80969728,418971648
1479232442785,338001920,80969728,418971648
1479232596910,338001920,80969728,418971648
1479232756111,338001920,80973824,418975744
1479232910100,338001920,80973824,418975744
1479233066856,338001920,80982016,418983936
1479233226940,338001920,80982016,418983936
1479233374994,338001920,80982016,418983936
1479233531083,338001920,80982016,418983936
1479233686657,338001920,80982016,418983936
1479233841283,338001920,80982016,418983936
1479233996999,338001920,80982016,418983936
1479234157632,338001920,80982016,418983936
1479234312305,338001920,80982016,418983936
1479234469260,338001920,80982016,418983936
1479234621599,338001920,80982016,418983936
1479234774509,338001920,80982016,418983936
1479234931613,338001920,80982016,418983936
1479235086890,338001920,80982016,418983936
1479235241915,338001920,80982016,418983936
1479235397313,338341888,80982016,419323904
1479235556794,338341888,80982016,419323904
1479235601475,338411520,80990208,419401728
1479235711559,338411520,80986112,419397632
1479235867735,338411520,80986112,419397632
1479236020915,338411520,80986112,419397632
1479236174899,338411520,80986112,419397632
1479236331781,338411520,80986112,419397632
1479236482819,338411520,80986112,419397632
1479236640021,338411520,80986112,419397632
1479236795314,338411520,80986112,419397632
1479236955953,338411520,80986112,419397632
1479237110175,338411520,80986112,419397632
1479237266378,338411520,80986112,419397632
1479237420849,338411520,80986112,419397632
1479237574518,338411520,80986112,419397632
1479237730959,338411520,80990208,419401728
1479237884515,338411520,80990208,419401728
1479238041666,338411520,80990208,419401728
1479238195918,338411520,80990208,419401728
1479238356094,338411520,80990208,419401728
1479238511132,338411520,80990208,419401728
1479238666409,338411520,80990208,419401728
1479238821773,338411520,80990208,419401728
1479238975037,338411520,80990208,419401728
1479239132318,338411520,80990208,419401728
1479239285545,338411520,80990208,419401728
1479239440816,338411520,80990208,419401728
1479239596401,338411520,80990208,419401728
1479239756128,338411520,80990208,419401728
1479239911573,338411520,80990208,419401728
1479240063856,337260544,80990208,418250752
1479240218391,338042880,80990208,419033088
1479240374203,338042880,80990208,419033088
1479240411596,338042880,80998400,419041280
1479240528924,338042880,80994304,419037184
1479240683849,338042880,80994304,419037184
1479240840158,338042880,80994304,419037184
1479240991775,338042880,80998400,419041280
1479241146706,338042880,80998400,419041280
1479241301111,338042880,80998400,419041280
1479241456582,338042880,80998400,419041280
1479241608822,338042880,80998400,419041280
1479241764892,338042880,80998400,419041280
1479241920729,338042880,80998400,419041280
1479242074884,338042880,81002496,419045376
1479242230551,338042880,81002496,419045376
1479242385122,338042880,81002496,419045376
1479242541995,338042880,81006592,419049472
1479242703662,338042880,81006592,419049472
1479242856390,338042880,81006592,419049472
1479243013300,338042880,81006592,419049472
1479243168249,338042880,81006592,419049472
1479243322644,338042880,81006592,419049472
1479243477939,338042880,81006592,419049472
1479243630020,338042880,81006592,419049472
1479243785625,338042880,81010688,419053568
1479243940990,338042880,81010688,419053568
1479244095698,338042880,81010688,419053568
1479244254382,338042880,81010688,419053568
1479244409349,338042880,81010688,419053568
1479244566329,338042880,81010688,419053568
1479244720155,338042880,81010688,419053568
1479244875610,336838656,81010688,417849344
1479245030448,338051072,81010688,419061760
1479245186547,338051072,81010688,419061760
1479245242330,339038208,81014784,420052992
1479245342392,339038208,81010688,420048896
1479245496613,339038208,81010688,420048896
1479245658646,339038208,81010688,420048896
1479245812473,339038208,81010688,420048896
1479245968979,339038208,81010688,420048896
1479246123531,339038208,81010688,420048896
1479246279017,339038208,81010688,420048896
1479246434462,339038208,81010688,420048896
1479246589516,339038208,81010688,420048896
1479246749715,339038208,81010688,420048896
1479246904880,339038208,81010688,420048896
1479247060634,339038208,81010688,420048896
1479247215748,339038208,81010688,420048896
1479247371196,339038208,81010688,420048896
1479247527421,339038208,81014784,420052992
1479247681436,339038208,81014784,420052992
1479247835687,339038208,81014784,420052992
1479247991109,339038208,81014784,420052992
1479248143127,339038208,81014784,420052992
1479248298369,339038208,81014784,420052992
1479248457283,339038208,81014784,420052992
1479248610277,339038208,81018880,420057088
1479248765428,339038208,81018880,420057088
1479248919184,339038208,81018880,420057088
1479249073458,339038208,81018880,420057088
1479249228975,339038208,81018880,420057088
1479249381004,339038208,81018880,420057088
1479249536621,339038208,81018880,420057088
1479249690767,337825792,81018880,418844672
1479249847602,338034688,81018880,419053568
1479249975380,338034688,81031168,419065856
1479250158441,338034688,81027072,419061760
1479250313658,338034688,81027072,419061760
1479250467170,338034688,81027072,419061760
1479250620707,338034688,81027072,419061760
1479250774734,338034688,81027072,419061760
1479250930299,338034688,81027072,419061760
1479251084754,338034688,81027072,419061760
1479251240614,338034688,81031168,419065856
1479251391681,338034688,81031168,419065856
1479251547878,338034688,81031168,419065856
1479251702854,338034688,81031168,419065856
1479251859515,338034688,81031168,419065856
1479252014632,338034688,81031168,419065856
1479252170025,338034688,81031168,419065856
1479252325725,338034688,81039360,419074048
1479252480843,338034688,81047552,419082240
1479252637892,338034688,81051648,419086336
1479252785515,338034688,81051648,419086336
1479252940831,338034688,81051648,419086336
1479253095321,338034688,81051648,419086336
1479253251638,338034688,81051648,419086336
1479253405972,338034688,81051648,419086336
1479253561586,338034688,81055744,419090432
1479253713931,338034688,81055744,419090432
1479253868916,338034688,81055744,419090432
1479254024925,338034688,81055744,419090432
1479254177695,338034688,81055744,419090432
1479254330758,338034688,81055744,419090432
1479254485827,336826368,81055744,417882112
1479254642040,338182144,81055744,419237888
1479254795630,338182144,81055744,419237888
1479254805904,338182144,81059840,419241984
1479254956041,338182144,81055744,419237888
1479255111941,338182144,81055744,419237888
1479255267932,338182144,81055744,419237888
1479255423191,338182144,81055744,419237888
1479255577704,338182144,81055744,419237888
1479255734098,338182144,81055744,419237888
1479255887686,338182144,81055744,419237888
1479256042829,338182144,81055744,419237888
1479256198058,338182144,81055744,419237888
1479256352964,338182144,81055744,419237888
1479256508455,338182144,81055744,419237888
1479256663526,338182144,81055744,419237888
1479256819009,338182144,81055744,419237888
1479256973553,338182144,81055744,419237888
1479257129321,338182144,81055744,419237888
1479257284048,338182144,81055744,419237888
1479257440710,338182144,81055744,419237888
1479257591387,338182144,81055744,419237888
1479257746448,338182144,81055744,419237888
1479257898778,338182144,81055744,419237888
1479258053136,338182144,81055744,419237888
1479258207070,338182144,81055744,419237888
1479258361309,338182144,81059840,419241984
1479258516389,338182144,81059840,419241984
1479258672825,338182144,81059840,419241984
1479258828666,338182144,81059840,419241984
1479258981589,338182144,81059840,419241984
1479259137401,338182144,81059840,419241984
1479259288977,336982016,81059840,418041856
1479259444846,338583552,81059840,419643392
1479259596683,338583552,81059840,419643392
1479259600801,338587648,81068032,419655680
1479259757628,338587648,81063936,419651584
1479259910122,338587648,81063936,419651584
1479260065672,338587648,81063936,419651584
1479260219040,338587648,81063936,419651584
1479260375155,338587648,81063936,419651584
1479260531016,338587648,81063936,419651584
1479260684585,338587648,81063936,419651584
1479260841377,338587648,81063936,419651584
1479260996960,338587648,81063936,419651584
1479261157764,338587648,81063936,419651584
1479261307472,338587648,81068032,419655680
1479261463848,338587648,81068032,419655680
1479261619554,338587648,81068032,419655680
1479261771349,338587648,81068032,419655680
1479261926632,338587648,81072128,419659776
1479262081513,338587648,81076224,419663872
1479262244908,338587648,81076224,419663872
1479262390348,338587648,81076224,419663872
1479262546282,338587648,81076224,419663872
1479262700512,338587648,81076224,419663872
1479262856814,338587648,81076224,419663872
1479263011320,338587648,81080320,419667968
1479263166516,338587648,81080320,419667968
1479263321611,338587648,81080320,419667968
1479263474765,338587648,81080320,419667968
1479263630753,338587648,81080320,419667968
1479263787177,338587648,81080320,419667968
1479263941658,338587648,81080320,419667968
1479264101992,337346560,81080320,418426880
1479264257741,338587648,81080320,419667968
1479264414400,338587648,81080320,419667968
1479264416617,338587648,81088512,419676160
1479264569016,338587648,81084416,419672064
1479264721389,338587648,81084416,419672064
1479264877455,338587648,81084416,419672064
1479265033139,338587648,81084416,419672064
1479265185839,338587648,81084416,419672064
1479265341113,338587648,81084416,419672064
1479265493780,338587648,81084416,419672064
1479265647737,338587648,81084416,419672064
1479265803155,338587648,81084416,419672064
1479265959517,338587648,81084416,419672064
1479266115717,338587648,81084416,419672064
1479266269519,338587648,81084416,419672064
1479266424251,338587648,81084416,419672064
1479266579675,338587648,81084416,419672064
1479266735001,338587648,81084416,419672064
1479266889779,338587648,81084416,419672064
1479267045254,338587648,81084416,419672064
1479267201670,338587648,81084416,419672064
1479267357030,338587648,81084416,419672064
1479267513067,338587648,81088512,419676160
1479267669315,338587648,81088512,419676160
1479267822284,338587648,81092608,419680256
1479267983121,338587648,81092608,419680256
1479268135352,338587648,81092608,419680256
1479268288953,338587648,81092608,419680256
1479268444813,338587648,81092608,419680256
1479268598840,338587648,81092608,419680256
1479268756221,338587648,81092608,419680256
1479268910893,337346560,81092608,418439168
1479269065641,338194432,81092608,419287040
1479269214814,338194432,81096704,419291136
1479269376873,338194432,81096704,419291136
1479269531471,338194432,81096704,419291136
1479269685107,338194432,81096704,419291136
1479269841606,338194432,81096704,419291136
1479269996636,338194432,81096704,419291136
1479270156275,338194432,81096704,419291136
1479270310045,338194432,81096704,419291136
1479270465665,338194432,81100800,419295232
1479270621840,338194432,81100800,419295232
1479270775737,338194432,81100800,419295232
1479270931839,338194432,81100800,419295232
1479271085053,338194432,81100800,419295232
1479271240258,338194432,81100800,419295232
1479271395910,338194432,81100800,419295232
1479271556309,338194432,81104896,419299328
1479271709651,338194432,81104896,419299328
1479271865117,338194432,81104896,419299328
1479272028136,338194432,81104896,419299328
1479272176203,338194432,81104896,419299328
1479272330183,338194432,81104896,419299328
1479272485346,338194432,81104896,419299328
1479272641467,338194432,81104896,419299328
1479272796368,338194432,81108992,419303424
1479272956974,338194432,81108992,419303424
1479273111088,338194432,81108992,419303424
1479273266795,338194432,81108992,419303424
1479273421116,338194432,81108992,419303424
1479273576526,338194432,81108992,419303424
1479273728680,336982016,81108992,418091008
1479273882573,338173952,81108992,419282944
1479274038455,338173952,81108992,419282944
1479274045442,338173952,81113088,419287040
1479274191837,338173952,81108992,419282944
1479274346537,338173952,81113088,419287040
1479274498651,338173952,81113088,419287040
1479274655742,338173952,81113088,419287040
1479274810917,338173952,81113088,419287040
1479274965367,338173952,81113088,419287040
1479275121469,338173952,81113088,419287040
1479275276610,338173952,81113088,419287040
1479275430393,338173952,81113088,419287040
1479275583984,338173952,81113088,419287040
1479275739120,338173952,81113088,419287040
1479275894189,338173952,81113088,419287040
1479276054520,338173952,81113088,419287040
1479276210043,338173952,81113088,419287040
1479276366234,338173952,81113088,419287040
1479276520240,338173952,81113088,419287040
1479276676659,338173952,81113088,419287040
1479276828560,338173952,81113088,419287040
1479276982524,338173952,81113088,419287040
1479277137917,338173952,81113088,419287040
1479277293299,338173952,81113088,419287040
1479277448626,338173952,81113088,419287040
1479277604493,338173952,81121280,419295232
1479277758772,338173952,81121280,419295232
1479277913877,338173952,81121280,419295232
1479278069426,338173952,81121280,419295232
1479278224438,338173952,81121280,419295232
1479278379427,338173952,81121280,419295232
1479278534748,337666048,81121280,418787328
1479278690092,338579456,81121280,419700736
1479278845112,338579456,81121280,419700736
1479278852034,338579456,81125376,419704832
1479279000319,338579456,81121280,419700736
1479279155498,338579456,81121280,419700736
1479279310434,338579456,81125376,419704832
1479279462787,338579456,81125376,419704832
1479279618875,338579456,81125376,419704832
1479279771552,338579456,81125376,419704832
1479279926527,338579456,81125376,419704832
1479280078141,338579456,81125376,419704832
1479280231401,338579456,81125376,419704832
1479280386362,338579456,81125376,419704832
1479280541592,338579456,81125376,419704832
1479280696769,338579456,81129472,419708928
1479280856467,338579456,81129472,419708928
1479281012074,338579456,81129472,419708928
1479281164715,338579456,81129472,419708928
1479281317269,338579456,81129472,419708928
1479281473427,338579456,81129472,419708928
1479281628326,338579456,81137664,419717120
1479281776796,338579456,81137664,419717120
1479281931413,338579456,81137664,419717120
1479282085159,338579456,81137664,419717120
1479282242498,338579456,81141760,419721216
1479282397296,338579456,81141760,419721216
1479282558094,338579456,81141760,419721216
1479282711807,338579456,81141760,419721216
1479282867529,338579456,81141760,419721216
1479283021806,338579456,81141760,419721216
1479283177375,338579456,81141760,419721216
1479283331908,337350656,81141760,418492416
1479283485882,338198528,81141760,419340288
1479283641235,338198528,81141760,419340288
1479283653818,338198528,81149952,419348480
1479283796664,338198528,81145856,419344384
1479283955577,338198528,81145856,419344384
1479284112594,338198528,81145856,419344384
1479284264274,338198528,81145856,419344384
1479284420477,338198528,81145856,419344384
1479284571186,338198528,81145856,419344384
1479284727113,338198528,81145856,419344384
1479284882826,338198528,81145856,419344384
1479285037944,338198528,81145856,419344384
1479285190821,338198528,81145856,419344384
1479285346245,338198528,81145856,419344384
1479285501423,338198528,81145856,419344384
1479285656946,338198528,81145856,419344384
1479285813399,338198528,81145856,419344384
1479285969040,338198528,81145856,419344384
1479286124528,338198528,81149952,419348480
1479286275723,338198528,81149952,419348480
1479286430721,338198528,81149952,419348480
1479286587052,338198528,81149952,419348480
1479286740638,338198528,81149952,419348480
1479286892600,338198528,81149952,419348480
1479287047609,338198528,81149952,419348480
1479287205255,338198528,81149952,419348480
1479287355687,338198528,81154048,419352576
1479287510543,338198528,81154048,419352576
1479287667143,338198528,81154048,419352576
1479287821427,338198528,81154048,419352576
1479287975541,338198528,81154048,419352576
1479288132342,336982016,81154048,418136064
1479288292399,338219008,81154048,419373056
1479288447263,338219008,81158144,419377152
1479288609648,338219008,81154048,419373056
1479288764436,338219008,81154048,419373056
1479288918755,338219008,81154048,419373056
1479289073701,338219008,81154048,419373056
1479289224519,338219008,81158144,419377152
1479289380070,338219008,81162240,419381248
1479289535301,338219008,81162240,419381248
1479289691719,338219008,81162240,419381248
1479289846323,338219008,81162240,419381248
1479290000757,338219008,81162240,419381248
1479290155954,338219008,81162240,419381248
1479290308093,338219008,81162240,419381248
1479290462291,338219008,81166336,419385344
1479290617427,338219008,81166336,419385344
1479290774054,338219008,81166336,419385344
1479290930130,338219008,81166336,419385344
1479291084103,338219008,81178624,419397632
1479291241520,338219008,81178624,419397632
1479291399123,338219008,81178624,419397632
1479291548615,338219008,81178624,419397632
1479291700896,338219008,81178624,419397632
1479291855884,338219008,81178624,419397632
1479292009716,338219008,81178624,419397632
1479292172328,338219008,81178624,419397632
1479292326241,338219008,81178624,419397632
1479292481763,338219008,81178624,419397632
1479292636697,338219008,81178624,419397632
1479292792146,338219008,81178624,419397632
1479292946951,336982016,81178624,418160640
1479293101413,338571264,81178624,419749888
1479293256491,338571264,81178624,419749888
1479293269151,338571264,81182720,419753984
1479293411924,338571264,81178624,419749888
1479293567368,338571264,81178624,419749888
1479293722448,338571264,81178624,419749888
1479293877051,338571264,81178624,419749888
1479294032777,338571264,81182720,419753984
1479294187816,338571264,81182720,419753984
1479294342809,338571264,81182720,419753984
1479294498044,338571264,81182720,419753984
1479294659444,338571264,81182720,419753984
1479294813799,338571264,81182720,419753984
1479294968886,338571264,81182720,419753984
1479295124031,338571264,81182720,419753984
1479295280144,338571264,81182720,419753984
1479295436144,338571264,81182720,419753984
1479295592443,338571264,81182720,419753984
1479295747556,338571264,81182720,419753984
1479295903433,338571264,81182720,419753984
1479296053930,338571264,81182720,419753984
1479296209676,338571264,81182720,419753984
1479296366807,338571264,81182720,419753984
1479296522184,338571264,81182720,419753984
1479296675886,338571264,81182720,419753984
1479296831160,338571264,81182720,419753984
1479296986328,338571264,81182720,419753984
1479297142104,338571264,81182720,419753984
1479297295876,338571264,81186816,419758080
1479297456743,338571264,81186816,419758080
1479297608905,338571264,81186816,419758080
1479297765452,338202624,81186816,419389440
1479297919979,338202624,81186816,419389440
1479297982731,338202624,81190912,419393536
1479298072985,338202624,81186816,419389440
1479298226967,338202624,81186816,419389440
1479298381302,338202624,81186816,419389440
1479298535747,338202624,81186816,419389440
1479298691471,338202624,81186816,419389440
1479298847431,338202624,81186816,419389440
1479299002169,338202624,81195008,419397632
1479299158685,338202624,81195008,419397632
1479299318864,338202624,81195008,419397632
1479299471790,338202624,81195008,419397632
1479299626742,338202624,81195008,419397632
1479299781472,338202624,81195008,419397632
1479299935840,338202624,81195008,419397632
1479300092602,338202624,81199104,419401728
1479300247993,338202624,81199104,419401728
1479300401613,338202624,81203200,419405824
1479300556734,338202624,81207296,419409920
1479300711932,338202624,81207296,419409920
1479300868118,338202624,81207296,419409920
1479301026881,338202624,81211392,419414016
1479301178289,338202624,81211392,419414016
1479301330922,338202624,81211392,419414016
1479301486075,338202624,81211392,419414016
1479301641207,338202624,81211392,419414016
1479301796145,338202624,81211392,419414016
1479301956372,338202624,81211392,419414016
1479302112527,338202624,81211392,419414016
1479302267409,338202624,81211392,419414016
1479302422098,338202624,81211392,419414016
1479302577819,338227200,81211392,419438592
1479302733815,338227200,81211392,419438592
1479302781533,338231296,81215488,419446784
1479302887017,338231296,81211392,419442688
1479303043804,338231296,81211392,419442688
1479303203071,338231296,81211392,419442688
1479303359569,338231296,81211392,419442688
1479303514679,338231296,81211392,419442688
1479303669602,338231296,81211392,419442688
1479303824010,338231296,81211392,419442688
1479303979415,338231296,81215488,419446784
1479304134913,338231296,81215488,419446784
1479304289825,338231296,81215488,419446784
1479304442205,338231296,81215488,419446784
1479304597442,338231296,81215488,419446784
1479304757693,338231296,81215488,419446784
1479304913068,338231296,81215488,419446784
1479305068880,338231296,81215488,419446784
1479305223095,338231296,81215488,419446784
1479305375749,338231296,81219584,419450880
1479305530359,338231296,81219584,419450880
1479305683976,338231296,81219584,419450880
1479305837011,338231296,81219584,419450880
1479305992756,338231296,81219584,419450880
1479306147833,338231296,81219584,419450880
1479306301825,338231296,81219584,419450880
1479306456208,338231296,81219584,419450880
1479306612082,338231296,81219584,419450880
1479306767514,338231296,81219584,419450880
1479306922674,338231296,81219584,419450880
1479307078923,338231296,81219584,419450880
1479307234349,338231296,81223680,419454976
1479307390407,338583552,81223680,419807232
1479307544933,338583552,81223680,419807232
1479307580830,338587648,81227776,419815424
1479307699291,338587648,81223680,419811328
1479307854891,338587648,81223680,419811328
1479308011300,338587648,81223680,419811328
1479308165994,338587648,81223680,419811328
1479308318310,338587648,81223680,419811328
1479308473289,338587648,81223680,419811328
1479308629235,338587648,81223680,419811328
1479308783306,338587648,81223680,419811328
1479308938626,338587648,81231872,419819520
1479309095479,338587648,81231872,419819520
1479309254400,338587648,81231872,419819520
1479309409943,338587648,81231872,419819520
1479309565476,338587648,81231872,419819520
1479309720364,338587648,81231872,419819520
1479309875913,338587648,81231872,419819520
1479310031788,338587648,81235968,419823616
1479310186253,338587648,81240064,419827712
1479310342087,338587648,81240064,419827712
1479310496280,338587648,81240064,419827712
1479310664127,338587648,81244160,419831808
1479310811598,338587648,81244160,419831808
1479310966668,338587648,81244160,419831808
1479311121554,338587648,81244160,419831808
1479311276310,338587648,81244160,419831808
1479311433314,338587648,81244160,419831808
1479311588406,338587648,81244160,419831808
1479311741860,338587648,81244160,419831808
1479311897433,338587648,81244160,419831808
1479312048697,338587648,81244160,419831808
1479312205202,338231296,81244160,419475456
1479312356096,338231296,81244160,419475456
1479312374826,338235392,81248256,419483648
1479312512061,338235392,81244160,419479552
1479312666495,338235392,81244160,419479552
1479312822277,338235392,81244160,419479552
1479312976812,338235392,81244160,419479552
1479313132280,338235392,81244160,419479552
1479313287882,338235392,81244160,419479552
1479313444300,338235392,81244160,419479552
1479313599462,338235392,81244160,419479552
1479313760183,338235392,81244160,419479552
1479313913551,338235392,81248256,419483648
1479314069252,338235392,81248256,419483648
1479314220922,338235392,81248256,419483648
1479314376452,338235392,81248256,419483648
1479314532389,338235392,81248256,419483648
1479314686665,338235392,81248256,419483648
1479314842062,338235392,81248256,419483648
1479314996369,338235392,81252352,419487744
1479315158143,338235392,81252352,419487744
1479315314065,338235392,81252352,419487744
1479315469112,338235392,81252352,419487744
1479315624074,338235392,81252352,419487744
1479315779479,338235392,81252352,419487744
1479315934015,338235392,81252352,419487744
1479316090671,338235392,81252352,419487744
1479316244490,338235392,81252352,419487744
1479316396793,338235392,81252352,419487744
1479316556823,338235392,81252352,419487744
1479316711881,338235392,81252352,419487744
1479316866540,336990208,81252352,418242560
1479317021829,338206720,81252352,419459072
1479317182001,338206720,81256448,419463168
1479317190810,338210816,81264640,419475456
1479317338559,338210816,81260544,419471360
1479317493954,338210816,81260544,419471360
1479317649022,338210816,81260544,419471360
1479317803509,338210816,81260544,419471360
1479317960464,338210816,81260544,419471360
1479318114821,338210816,81260544,419471360
1479318267247,338210816,81260544,419471360
1479318422865,338210816,81260544,419471360
1479318577229,338210816,81260544,419471360
1479318730769,338210816,81260544,419471360
1479318886219,338210816,81268736,419479552
1479319042628,338210816,81268736,419479552
1479319197363,338210816,81268736,419479552
1479319357883,338210816,81268736,419479552
1479319512246,338210816,81268736,419479552
1479319664696,338210816,81272832,419483648
1479319819705,338210816,81272832,419483648
1479319971749,338210816,81276928,419487744
1479320126812,338210816,81276928,419487744
1479320287320,338210816,81276928,419487744
1479320438057,338210816,81276928,419487744
1479320593120,338210816,81276928,419487744
1479320747644,338210816,81276928,419487744
1479320902201,338210816,81276928,419487744
1479321057144,338210816,81276928,419487744
1479321212097,338210816,81276928,419487744
1479321366612,338210816,81276928,419487744
1479321520958,338210816,81276928,419487744
1479321676184,336994304,81276928,418271232
1479321831572,338612224,81276928,419889152
1479321987256,338612224,81276928,419889152
1479322002710,338620416,81281024,419901440
1479322143419,338620416,81276928,419897344
1479322297250,338620416,81276928,419897344
1479322456665,338620416,81276928,419897344
1479322612714,338620416,81276928,419897344
1479322767939,338620416,81276928,419897344
1479322921748,338620416,81276928,419897344
1479323077185,338620416,81276928,419897344
1479323231974,338620416,81276928,419897344
1479323387650,338620416,81276928,419897344
1479323543619,338620416,81276928,419897344
1479323697983,338620416,81276928,419897344
1479323857878,338620416,81281024,419901440
1479324013946,338620416,81281024,419901440
1479324169616,338620416,81281024,419901440
1479324322220,338620416,81281024,419901440
1479324477633,338620416,81285120,419905536
1479324632526,338620416,81285120,419905536
1479324788112,338620416,81285120,419905536
1479324943329,338620416,81285120,419905536
1479325098464,338620416,81285120,419905536
1479325257735,338620416,81285120,419905536
1479325413871,338620416,81285120,419905536
1479325568654,338620416,81285120,419905536
1479325723947,338620416,81285120,419905536
1479325878938,338620416,81285120,419905536
1479326033960,338620416,81285120,419905536
1479326189085,338620416,81285120,419905536
1479326345636,338620416,81285120,419905536
1479326500608,337371136,81285120,418656256
1479326656239,338247680,81285120,419532800
1479326810968,338247680,81285120,419532800
1479326857453,338251776,81293312,419545088
1479326967389,338251776,81289216,419540992
1479327121089,338251776,81289216,419540992
1479327276461,338251776,81289216,419540992
1479327433725,338251776,81289216,419540992
1479327589005,338251776,81289216,419540992
1479327749976,338251776,81289216,419540992
1479327902795,338251776,81289216,419540992
1479328058096,338251776,81289216,419540992
1479328211550,338251776,81289216,419540992
1479328365213,338251776,81289216,419540992
1479328521229,338251776,81289216,419540992
1479328676039,338251776,81293312,419545088
1479328830412,338251776,81297408,419549184
1479328982438,338251776,81297408,419549184
1479329135199,338251776,81297408,419549184
1479329292413,338251776,81301504,419553280
1479329447351,338251776,81305600,419557376
1479329603410,338251776,81305600,419557376
1479329758368,338251776,81305600,419557376
1479329912918,338251776,81313792,419565568
1479330072556,338251776,81313792,419565568
1479330218560,338251776,81313792,419565568
1479330371974,338251776,81313792,419565568
1479330526972,338251776,81313792,419565568
1479330681403,338251776,81313792,419565568
1479330836464,338251776,81313792,419565568
1479330992216,338251776,81313792,419565568
1479331149101,338251776,81313792,419565568
1479331303244,337006592,81313792,418320384
1479331459009,338620416,81313792,419934208
1479331613829,338620416,81313792,419934208
1479331622297,338624512,81317888,419942400
1479331769344,338624512,81313792,419938304
1479331924033,338624512,81313792,419938304
1479332078672,338624512,81313792,419938304
1479332232648,338624512,81313792,419938304
1479332387624,338624512,81313792,419938304
1479332541637,338624512,81313792,419938304
1479332694790,338624512,81313792,419938304
1479332848952,338624512,81313792,419938304
1479333004760,338624512,81313792,419938304
1479333159128,338624512,81313792,419938304
1479333315742,338624512,81313792,419938304
1479333467963,338624512,81313792,419938304
1479333619804,338624512,81317888,419942400
1479333775121,338624512,81317888,419942400
1479333931666,338624512,81317888,419942400
1479334085213,338624512,81321984,419946496
1479334240945,338624512,81321984,419946496
1479334396365,338624512,81321984,419946496
1479334556463,338624512,81321984,419946496
1479334711529,338624512,81321984,419946496
1479334867932,338624512,81321984,419946496
1479335018162,338624512,81321984,419946496
1479335173870,338624512,81321984,419946496
1479335326801,338624512,81321984,419946496
1479335482105,338624512,81321984,419946496
1479335637926,338624512,81321984,419946496
1479335793603,338624512,81321984,419946496
1479335948740,338624512,81321984,419946496
1479336103901,337391616,81321984,418713600
1479336258406,338591744,81321984,419913728
1479336413669,338591744,81321984,419913728
1479336440101,338595840,81330176,419926016
1479336569168,338595840,81326080,419921920
1479336722204,338595840,81326080,419921920
1479336876345,338595840,81326080,419921920
1479337033927,338595840,81326080,419921920
1479337188023,338595840,81326080,419921920
1479337343829,338595840,81326080,419921920
1479337500734,338595840,81326080,419921920
1479337655662,338595840,81326080,419921920
1479337807869,338595840,81326080,419921920
1479337962960,338595840,81326080,419921920
1479338118163,338595840,81326080,419921920
1479338273277,338595840,81326080,419921920
1479338428536,338595840,81326080,419921920
1479338584852,338595840,81330176,419926016
1479338739930,338595840,81334272,419930112
1479338891549,338595840,81334272,419930112
1479339048003,338595840,81334272,419930112
1479339204062,338595840,81338368,419934208
1479339360353,338595840,81338368,419934208
1479339513181,338595840,81338368,419934208
1479339675007,338595840,81338368,419934208
1479339823441,338595840,81338368,419934208
1479339978787,338595840,81338368,419934208
1479340133577,338595840,81338368,419934208
1479340288715,338595840,81338368,419934208
1479340445131,338595840,81338368,419934208
1479340599152,338595840,81338368,419934208
1479340760869,338595840,81338368,419934208
1479340915706,337440768,81338368,418779136
1479341070599,338210816,81338368,419549184
1479341226199,338210816,81338368,419549184
1479341241988,338214912,81342464,419557376
1479341380751,338214912,81338368,419553280
1479341536045,338214912,81338368,419553280
1479341692256,338214912,81338368,419553280
1479341847215,338214912,81338368,419553280
1479342001928,338214912,81338368,419553280
1479342158382,338214912,81338368,419553280
1479342313030,338214912,81338368,419553280
1479342468176,338214912,81338368,419553280
1479342621405,338214912,81338368,419553280
1479342776861,338214912,81338368,419553280
1479342931755,338214912,81338368,419553280
1479343086678,338214912,81338368,419553280
1479343241970,338214912,81338368,419553280
1479343398411,338214912,81338368,419553280
1479343557675,338214912,81346560,419561472
1479343711484,338214912,81346560,419561472
1479343868069,338214912,81346560,419561472
1479344020032,338214912,81346560,419561472
1479344174140,338214912,81346560,419561472
1479344327263,338214912,81346560,419561472
1479344478429,338214912,81346560,419561472
1479344635135,338214912,81346560,419561472
1479344789860,338214912,81346560,419561472
1479344943064,338214912,81346560,419561472
1479345103103,338214912,81346560,419561472
1479345259656,338214912,81346560,419561472
1479345414496,338214912,81346560,419561472
1479345569861,338214912,81346560,419561472
1479345722605,337010688,81346560,418357248
1479345876658,338595840,81346560,419942400
1479346031544,338595840,81346560,419942400
1479346057115,338599936,81354752,419954688
1479346188084,338599936,81350656,419950592
1479346343726,338599936,81350656,419950592
1479346498624,338599936,81350656,419950592
1479346657968,338599936,81350656,419950592
1479346813849,338599936,81350656,419950592
1479346970344,338599936,81350656,419950592
1479347124381,338599936,81350656,419950592
1479347280051,338599936,81350656,419950592
1479347436161,338599936,81350656,419950592
1479347591798,338599936,81350656,419950592
1479347743861,338599936,81350656,419950592
1479347898785,338599936,81350656,419950592
1479348058439,338599936,81350656,419950592
1479348211249,338599936,81354752,419954688
1479348367490,338599936,81358848,419958784
1479348521337,338599936,81362944,419962880
1479348676547,338599936,81362944,419962880
1479348831570,338599936,81362944,419962880
1479348986444,338599936,81362944,419962880
1479349143026,338599936,81367040,419966976
1479349302594,338599936,81371136,419971072
1479349456511,338599936,81371136,419971072
1479349610836,338599936,81371136,419971072
1479349766729,338599936,81371136,419971072
1479349921438,338599936,81371136,419971072
1479350077200,338599936,81371136,419971072
1479350231806,338599936,81371136,419971072
1479350387346,338599936,81371136,419971072
1479350543230,337391616,81371136,418762752
1479350698716,338636800,81371136,420007936
1479350856481,338636800,81371136,420007936
1479350886684,338640896,81379328,420020224
1479351013294,338640896,81375232,420016128
1479351168586,338640896,81375232,420016128
1479351329267,338640896,81375232,420016128
1479351483006,338640896,81375232,420016128
1479351637681,338640896,81375232,420016128
1479351792769,338640896,81375232,420016128
1479351948791,338640896,81375232,420016128
1479352103745,338640896,81375232,420016128
1479352258383,338640896,81375232,420016128
1479352415143,338640896,81375232,420016128
1479352569969,338640896,81375232,420016128
1479352723102,338640896,81375232,420016128
1479352877451,338640896,81375232,420016128
1479353032615,338640896,81375232,420016128
1479353187681,338640896,81379328,420020224
1479353342609,338640896,81379328,420020224
1479353498007,338640896,81383424,420024320
1479353658165,338640896,81383424,420024320
1479353811658,338640896,81383424,420024320
1479353966749,338640896,81383424,420024320
1479354121854,338640896,81383424,420024320
1479354276558,338640896,81383424,420024320
1479354433295,338640896,81383424,420024320
1479354588418,338640896,81383424,420024320
1479354744772,338640896,81383424,420024320
1479354895361,338640896,81383424,420024320
1479355056305,338640896,81383424,420024320
1479355206756,338640896,81383424,420024320
1479355362218,337399808,81383424,418783232
1479355517049,338251776,81383424,419635200
1479355672660,338251776,81383424,419635200
1479355681995,338255872,81391616,419647488
1479355828436,338255872,81387520,419643392
1479355983329,338255872,81387520,419643392
1479356139859,338255872,81387520,419643392
1479356294529,338255872,81387520,419643392
1479356447887,338255872,81387520,419643392
1479356603334,338255872,81387520,419643392
1479356758579,338255872,81391616,419647488
1479356913861,338255872,81395712,419651584
1479357069179,338255872,81395712,419651584
1479357224812,338255872,81395712,419651584
1479357379764,338255872,81395712,419651584
1479357534823,338255872,81395712,419651584
1479357691446,338255872,81395712,419651584
1479357846982,338255872,81399808,419655680
1479358002156,338255872,81399808,419655680
1479358153979,338255872,81399808,419655680
1479358308401,338255872,81403904,419659776
1479358464356,338255872,81403904,419659776
1479358615195,338255872,81403904,419659776
1479358768926,338255872,81408000,419663872
1479358930720,338255872,81412096,419667968
1479359075114,338255872,81412096,419667968
1479359230561,338255872,81412096,419667968
1479359385398,338255872,81412096,419667968
1479359541447,338255872,81412096,419667968
1479359697029,338255872,81412096,419667968
1479359856115,338255872,81412096,419667968
1479360011278,338255872,81412096,419667968
1479360167683,338628608,81412096,420040704
1479360322572,338628608,81412096,420040704
1479360421005,339361792,81416192,420777984
1479360478162,339361792,81412096,420773888
1479360633068,339361792,81412096,420773888
1479360786568,339361792,81412096,420773888
1479360943606,339361792,81412096,420773888
1479361098002,339361792,81412096,420773888
1479361259241,339361792,81412096,420773888
1479361413735,339361792,81412096,420773888
1479361568968,339361792,81412096,420773888
1479361721875,339361792,81416192,420777984
1479361877142,339361792,81416192,420777984
1479362033055,339361792,81416192,420777984
1479362188381,339361792,81416192,420777984
1479362342872,339361792,81416192,420777984
1479362498448,339361792,81416192,420777984
1479362658641,339361792,81416192,420777984
1479362814999,339361792,81416192,420777984
1479362968988,339361792,81416192,420777984
1479363124914,339361792,81416192,420777984
1479363276987,339361792,81420288,420782080
1479363433701,339361792,81420288,420782080
1479363589271,339361792,81420288,420782080
1479363743287,339361792,81420288,420782080
1479363899326,339361792,81420288,420782080
1479364059702,339361792,81420288,420782080
1479364214432,339361792,81420288,420782080
1479364368252,339361792,81420288,420782080
1479364522646,339361792,81420288,420782080
1479364677494,339361792,81420288,420782080
1479364834048,339361792,81420288,420782080
1479364988577,338239488,81420288,419659776
1479365144830,338239488,81420288,419659776
1479365164892,338243584,81428480,419672064
1479365300587,338243584,81424384,419667968
1479365458359,338243584,81424384,419667968
1479365614492,338243584,81424384,419667968
1479365768403,338243584,81424384,419667968
1479365925214,338243584,81424384,419667968
1479366075349,338243584,81424384,419667968
1479366230927,338243584,81424384,419667968
1479366387084,338243584,81424384,419667968
1479366542353,338243584,81428480,419672064
1479366697844,338243584,81428480,419672064
1479366849888,338243584,81428480,419672064
1479367002822,338243584,81428480,419672064
1479367158579,338243584,81428480,419672064
1479367312882,338243584,81428480,419672064
1479367469266,338243584,81428480,419672064
1479367624428,338243584,81428480,419672064
1479367779965,338243584,81432576,419676160
1479367934414,338243584,81432576,419676160
1479368093149,338243584,81432576,419676160
1479368242878,338243584,81436672,419680256
1479368397611,338243584,81436672,419680256
1479368563222,338243584,81436672,419680256
1479368718492,338243584,81436672,419680256
1479368876305,338243584,81436672,419680256
1479369031160,338243584,81436672,419680256
1479369185528,338243584,81436672,419680256
1479369341774,338243584,81436672,419680256
1479369495928,338243584,81436672,419680256
1479369656251,338243584,81436672,419680256
1479369812860,338284544,81436672,419721216
1479369967731,338284544,81436672,419721216
1479369976166,338350080,81440768,419790848
1479370121922,338350080,81436672,419786752
1479370278484,338350080,81436672,419786752
1479370432350,338350080,81436672,419786752
1479370587660,338350080,81436672,419786752
1479370742726,338350080,81436672,419786752
1479370899031,338350080,81436672,419786752
1479371058621,338350080,81436672,419786752
1479371213765,338350080,81436672,419786752
1479371369337,338350080,81440768,419790848
1479371525124,338350080,81440768,419790848
1479371677190,338350080,81440768,419790848
1479371833179,338350080,81440768,419790848
1479371986869,338350080,81440768,419790848
1479372142198,338350080,81440768,419790848
1479372297716,338350080,81440768,419790848
1479372458487,338350080,81440768,419790848
1479372613121,338350080,81440768,419790848
1479372767563,338350080,81440768,419790848
1479372924595,338350080,81440768,419790848
1479373077195,338350080,81440768,419790848
1479373232210,338350080,81444864,419794944
1479373387245,338350080,81444864,419794944
1479373543238,338350080,81444864,419794944
1479373697471,338350080,81444864,419794944
1479373858306,338350080,81444864,419794944
1479374013800,338350080,81444864,419794944
1479374169749,338350080,81444864,419794944
1479374323169,338350080,81444864,419794944
1479374476592,337158144,81444864,418603008
1479374631940,338321408,81444864,419766272
1479374779981,338321408,81448960,419770368
1479374942746,338321408,81444864,419766272
1479375094800,338321408,81448960,419770368
1479375247036,338321408,81448960,419770368
1479375402318,338321408,81448960,419770368
1479375560812,338321408,81448960,419770368
1479375715309,338321408,81448960,419770368
1479375868061,338321408,81448960,419770368
1479376023817,338321408,81448960,419770368
1479376177984,338321408,81453056,419774464
1479376333894,338321408,81453056,419774464
1479376490660,338321408,81453056,419774464
1479376644941,338321408,81453056,419774464
1479376797113,338321408,81453056,419774464
1479376958757,338321408,81457152,419778560
1479377112968,338321408,81457152,419778560
1479377269655,338321408,81457152,419778560
1479377425481,338321408,81457152,419778560
1479377579112,338321408,81457152,419778560
1479377732084,338321408,81457152,419778560
1479377884149,338321408,81457152,419778560
1479378039483,338321408,81461248,419782656
1479378193878,338321408,81465344,419786752
1479378354301,338321408,81473536,419794944
1479378504225,338321408,81473536,419794944
1479378657261,338321408,81473536,419794944
1479378814350,338321408,81473536,419794944
1479378970014,338321408,81473536,419794944
1479379121195,338321408,81473536,419794944
1479379275529,337108992,81473536,418582528
1479379429586,338714624,81473536,420188160
1479379582832,338714624,81473536,420188160
1479379588916,338714624,81477632,420192256
1479379737284,338714624,81473536,420188160
1479379892206,338714624,81473536,420188160
1479380048938,338714624,81473536,420188160
1479380203378,338714624,81473536,420188160
1479380359488,338714624,81473536,420188160
1479380513357,338714624,81473536,420188160
1479380674668,338714624,81473536,420188160
1479380829399,338714624,81473536,420188160
1479380982378,338714624,81477632,420192256
1479381138741,338714624,81477632,420192256
1479381293883,338714624,81477632,420192256
1479381449400,338714624,81477632,420192256
1479381605057,338714624,81477632,420192256
1479381758773,338714624,81477632,420192256
1479381910914,338714624,81477632,420192256
1479382067169,338714624,81477632,420192256
1479382221442,338714624,81477632,420192256
1479382377167,338714624,81477632,420192256
1479382533897,338714624,81477632,420192256
1479382687874,338714624,81477632,420192256
1479382843733,338714624,81477632,420192256
1479382999221,338714624,81477632,420192256
1479383156262,338714624,81477632,420192256
1479383311220,338714624,81481728,420196352
1479383468660,338714624,81481728,420196352
1479383618861,338714624,81481728,420196352
1479383773788,338714624,81481728,420196352
1479383928885,338714624,81481728,420196352
1479384083917,337477632,81481728,418959360
1479384236250,338354176,81481728,419835904
1479384391436,338354176,81481728,419835904
1479384397842,338354176,81489920,419844096
1479384547368,338354176,81485824,419840000
1479384704489,338354176,81485824,419840000
1479384859368,338354176,81485824,419840000
1479385013139,338354176,81489920,419844096
1479385168381,338354176,81489920,419844096
1479385322471,338354176,81489920,419844096
1479385478271,338354176,81489920,419844096
1479385638394,338354176,81489920,419844096
1479385793634,338354176,81494016,419848192
1479385948929,338354176,81494016,419848192
1479386105007,338354176,81494016,419848192
1479386259743,338354176,81494016,419848192
1479386415025,338354176,81494016,419848192
1479386571448,338354176,81494016,419848192
1479386725645,338354176,81494016,419848192
1479386881143,338354176,81494016,419848192
1479387036012,338354176,81494016,419848192
1479387192317,338354176,81494016,419848192
1479387351462,338354176,81494016,419848192
1479387506665,338354176,81494016,419848192
1479387662964,338354176,81498112,419852288
1479387818819,338354176,81498112,419852288
1479387973088,338354176,81498112,419852288
1479388133500,338354176,81498112,419852288
1479388283534,338354176,81498112,419852288
1479388439052,338354176,81498112,419852288
1479388593315,338354176,81498112,419852288
1479388745767,338354176,81498112,419852288
1479388902417,337113088,81498112,418611200
1479389057256,338333696,81498112,419831808
1479389212974,338333696,81498112,419831808
1479389228201,338333696,81502208,419835904
1479389363703,338333696,81498112,419831808
1479389519557,338333696,81498112,419831808
1479389672949,338333696,81498112,419831808
1479389828505,338333696,81498112,419831808
1479389983069,338333696,81502208,419835904
1479390138174,338333696,81502208,419835904
1479390293391,338333696,81502208,419835904
1479390450165,338333696,81502208,419835904
1479390605944,338333696,81506304,419840000
1479390761908,338333696,81506304,419840000
1479390914774,338333696,81506304,419840000
1479391070191,338333696,81506304,419840000
1479391222362,338333696,81506304,419840000
1479391378188,338333696,81506304,419840000
1479391534054,338333696,81506304,419840000
1479391688656,338333696,81506304,419840000
1479391843897,338333696,81506304,419840000
1479391998629,338333696,81506304,419840000
1479392149313,338333696,81506304,419840000
1479392305047,338333696,81506304,419840000
1479392459998,338333696,81506304,419840000
1479392615451,338333696,81506304,419840000
1479392771613,338333696,81506304,419840000
1479392926388,338333696,81506304,419840000
1479393082182,338333696,81506304,419840000
1479393233805,338333696,81510400,419844096
1479393388334,338333696,81510400,419844096
1479393543724,338333696,81510400,419844096
1479393699138,337100800,81510400,418611200
1479393858320,338702336,81510400,420212736
1479394014733,338702336,81510400,420212736
1479394021191,338702336,81514496,420216832
1479394168619,338702336,81510400,420212736
1479394323321,338702336,81510400,420212736
1479394474484,338702336,81510400,420212736
1479394630624,338702336,81510400,420212736
1479394786270,338702336,81510400,420212736
1479394940644,338702336,81514496,420216832
1479395097013,338702336,81514496,420216832
1479395257750,338702336,81518592,420220928
1479395410798,338702336,81518592,420220928
1479395564120,338702336,81518592,420220928
1479395718831,338702336,81518592,420220928
1479395873378,338702336,81518592,420220928
1479396028694,338702336,81518592,420220928
1479396182392,338702336,81518592,420220928
1479396338499,338702336,81518592,420220928
1479396493453,338702336,81518592,420220928
1479396649585,338702336,81522688,420225024
1479396804117,338702336,81522688,420225024
1479396957633,338702336,81522688,420225024
1479397114546,338702336,81522688,420225024
1479397267939,338702336,81526784,420229120
1479397423620,338702336,81526784,420229120
1479397578513,338702336,81526784,420229120
1479397739338,338702336,81530880,420233216
1479397889182,338702336,81530880,420233216
1479398044152,338702336,81530880,420233216
1479398201336,338702336,81530880,420233216
1479398355152,338702336,81530880,420233216
1479398506527,337477632,81530880,419008512
1479398662935,338321408,81530880,419852288
1479398817935,338321408,81530880,419852288
1479398822018,338321408,81534976,419856384
1479398973402,338321408,81530880,419852288
1479399127863,338321408,81530880,419852288
1479399283435,338321408,81530880,419852288
1479399437364,338321408,81530880,419852288
1479399593210,338321408,81530880,419852288
1479399749292,338321408,81530880,419852288
1479399904834,338321408,81534976,419856384
1479400059968,338321408,81539072,419860480
1479400215668,338321408,81539072,419860480
1479400369967,338321408,81539072,419860480
1479400525379,338321408,81539072,419860480
1479400680099,338321408,81539072,419860480
1479400836097,338321408,81539072,419860480
1479400990415,338321408,81539072,419860480
1479401145802,338321408,81539072,419860480
1479401300771,338321408,81539072,419860480
1479401455959,338321408,81539072,419860480
1479401611161,338321408,81539072,419860480
1479401766562,338321408,81539072,419860480
1479401921810,338321408,81539072,419860480
1479402077116,338321408,81539072,419860480
1479402231948,338321408,81539072,419860480
1479402387649,338321408,81539072,419860480
1479402543865,338321408,81539072,419860480
1479402698507,338321408,81539072,419860480
1479402858502,338321408,81539072,419860480
1479403014557,338321408,81539072,419860480
1479403168431,338321408,81543168,419864576
1479403324395,337190912,81543168,418734080
1479403479887,338321408,81543168,419864576
1479403632062,338321408,81543168,419864576
1479403643230,338321408,81547264,419868672
1479403785711,338321408,81543168,419864576
1479403940843,338321408,81547264,419868672
1479404095613,338321408,81547264,419868672
1479404256461,338321408,81547264,419868672
1479404409922,338321408,81551360,419872768
1479404564283,338321408,81555456,419876864
1479404716924,338321408,81555456,419876864
1479404873230,338321408,81555456,419876864
1479405025030,338321408,81555456,419876864
1479405177528,338321408,81555456,419876864
1479405333475,338321408,81559552,419880960
1479405487927,338321408,81559552,419880960
1479405646180,338321408,81559552,419880960
1479405798052,338321408,81559552,419880960
1479405954351,338321408,81559552,419880960
1479406110576,338321408,81559552,419880960
1479406262986,338321408,81559552,419880960
1479406419759,338321408,81559552,419880960
1479406575231,338321408,81563648,419885056
1479406736122,338321408,81563648,419885056
1479406888780,338321408,81563648,419885056
1479407044940,338321408,81563648,419885056
1479407205176,338321408,81563648,419885056
1479407353838,338321408,81563648,419885056
1479407508792,338321408,81563648,419885056
1479407664159,338321408,81563648,419885056
1479407819849,338321408,81563648,419885056
1479407974548,338321408,81563648,419885056
1479408129544,337113088,81563648,418676736
1479408284807,338726912,81563648,420290560
1479408437586,338726912,81567744,420294656
1479408592552,338726912,81563648,420290560
1479408747094,338726912,81563648,420290560
1479408900419,338726912,81563648,420290560
1479409057746,338726912,81563648,420290560
1479409213914,338726912,81563648,420290560
1479409367841,338726912,81563648,420290560
1479409524491,338726912,81563648,420290560
1479409678486,338726912,81567744,420294656
1479409834169,338726912,81567744,420294656
1479409985606,338726912,81567744,420294656
1479410142660,338726912,81567744,420294656
1479410292298,338726912,81567744,420294656
1479410444008,338726912,81567744,420294656
1479410601264,338726912,81567744,420294656
1479410761164,338726912,81567744,420294656
1479410917113,338726912,81567744,420294656
1479411069279,338726912,81567744,420294656
1479411222662,338726912,81567744,420294656
1479411378470,338726912,81567744,420294656
1479411533610,338726912,81567744,420294656
1479411689957,338726912,81567744,420294656
1479411843762,338726912,81567744,420294656
1479411995092,338726912,81567744,420294656
1479412151725,338726912,81567744,420294656
1479412303355,338726912,81567744,420294656
1479412459656,338726912,81567744,420294656
1479412614313,338726912,81567744,420294656
1479412770194,338726912,81567744,420294656
1479412924497,337477632,81567744,419045376
1479413080561,338305024,81571840,419876864
1479413233115,338305024,81571840,419876864
1479413246599,338305024,81580032,419885056
1479413388850,338305024,81575936,419880960
1479413544299,338305024,81580032,419885056
1479413705359,338305024,81580032,419885056
1479413859097,338305024,81580032,419885056
1479414015232,338305024,81580032,419885056
1479414170479,338305024,81580032,419885056
1479414325913,338305024,81580032,419885056
1479414476117,338305024,81580032,419885056
1479414632673,338305024,81584128,419889152
1479414784647,338305024,81584128,419889152
1479414939599,338305024,81584128,419889152
1479415094646,338305024,81584128,419889152
1479415248812,338305024,81584128,419889152
1479415403877,338305024,81584128,419889152
1479415559371,338305024,81588224,419893248
1479415712400,338305024,81588224,419893248
1479415866506,338305024,81588224,419893248
1479416021626,338305024,81588224,419893248
1479416176966,338305024,81588224,419893248
1479416332360,338305024,81588224,419893248
1479416488246,338305024,81592320,419897344
1479416643046,338305024,81596416,419901440
1479416798403,338305024,81600512,419905536
1479416965306,338305024,81604608,419909632
1479417114232,338305024,81604608,419909632
1479417266732,338305024,81604608,419909632
1479417421968,338305024,81604608,419909632
1479417577625,338305024,81604608,419909632
1479417732402,337100800,81604608,418705408
1479417887633,338345984,81604608,419950592
1479418042598,338345984,81604608,419950592
1479418059004,338345984,81608704,419954688
1479418195227,338345984,81604608,419950592
1479418349441,338345984,81608704,419954688
1479418505928,338345984,81608704,419954688
1479418660787,338345984,81608704,419954688
1479418817267,338345984,81608704,419954688
1479418970360,338345984,81608704,419954688
1479419124476,338345984,81608704,419954688
1479419279323,338345984,81608704,419954688
1479419434995,338345984,81612800,419958784
1479419590185,338345984,81612800,419958784
1479419742995,338345984,81612800,419958784
1479419897840,338345984,81612800,419958784
1479420059215,338345984,81612800,419958784
1479420214411,338345984,81612800,419958784
1479420373574,338345984,81612800,419958784
1479420528969,338345984,81612800,419958784
1479420683329,338345984,81612800,419958784
1479420840333,338345984,81612800,419958784
1479420991815,338345984,81612800,419958784
1479421145829,338345984,81612800,419958784
1479421297040,338345984,81612800,419958784
1479421458779,338345984,81612800,419958784
1479421615018,338345984,81612800,419958784
1479421768544,338345984,81612800,419958784
1479421923587,338345984,81612800,419958784
1479422078843,338345984,81612800,419958784
1479422234734,338345984,81612800,419958784
1479422386480,338345984,81612800,419958784
1479422547953,337113088,81612800,418725888
1479422701228,338685952,81612800,420298752
1479422861212,338685952,81616896,420302848
1479422875979,338685952,81620992,420306944
1479423016393,338685952,81616896,420302848
1479423170192,338685952,81620992,420306944
1479423325202,338685952,81620992,420306944
1479423481556,338685952,81620992,420306944
1479423636672,338685952,81620992,420306944
1479423793926,338685952,81620992,420306944
1479423947538,338685952,81620992,420306944
1479424104737,338685952,81620992,420306944
1479424257818,338685952,81620992,420306944
1479424415608,338685952,81620992,420306944
1479424568831,338685952,81625088,420311040
1479424724507,338685952,81625088,420311040
1479424878451,338685952,81625088,420311040
1479425033096,338685952,81625088,420311040
1479425189201,338685952,81625088,420311040
1479425343221,338685952,81625088,420311040
1479425498149,338685952,81629184,420315136
1479425653405,338685952,81629184,420315136
1479425809005,338685952,81629184,420315136
1479425964688,338685952,81629184,420315136
1479426118738,338685952,81629184,420315136
1479426273003,338685952,81629184,420315136
1479426429426,338685952,81629184,420315136
1479426588585,338685952,81637376,420323328
1479426739700,338685952,81637376,420323328
1479426893335,338685952,81637376,420323328
1479427049661,338685952,81637376,420323328
1479427203128,338685952,81637376,420323328
1479427358226,337850368,81637376,419487744
1479427515725,338358272,81637376,419995648
1479427670595,338358272,81637376,419995648
1479427706811,338358272,81641472,419999744
1479427825796,338358272,81637376,419995648
1479427976580,338358272,81641472,419999744
1479428131686,338358272,81641472,419999744
1479428288540,338358272,81641472,419999744
1479428444642,338358272,81641472,419999744
1479428599002,338358272,81641472,419999744
1479428758745,338358272,81641472,419999744
1479428914173,338358272,81641472,419999744
1479429070680,338358272,81641472,419999744
1479429223455,338358272,81641472,419999744
1479429378885,338358272,81641472,419999744
1479429534598,338358272,81645568,420003840
1479429690144,338358272,81645568,420003840
1479429845829,338358272,81645568,420003840
1479430001789,338358272,81645568,420003840
1479430159840,338358272,81645568,420003840
1479430315855,338358272,81645568,420003840
1479430471485,338358272,81645568,420003840
1479430626887,338358272,81645568,420003840
1479430781582,338358272,81645568,420003840
1479430938299,338358272,81645568,420003840
1479431093730,338358272,81645568,420003840
1479431248491,338358272,81645568,420003840
1479431403932,338358272,81645568,420003840
1479431559273,338358272,81645568,420003840
1479431714691,338358272,81645568,420003840
1479431869612,338358272,81645568,420003840
1479432024632,338358272,81645568,420003840
1479432180722,338452480,81645568,420098048
1479432335539,338452480,81645568,420098048
1479432389120,338452480,81653760,420106240
1479432490068,338452480,81649664,420102144
1479432645320,338452480,81653760,420106240
1479432800738,338452480,81653760,420106240
1479432960711,338452480,81653760,420106240
1479433116712,338452480,81653760,420106240
1479433271146,338452480,81653760,420106240
1479433426722,338452480,81653760,420106240
1479433581855,338452480,81653760,420106240
1479433734910,338452480,81653760,420106240
1479433890220,338452480,81653760,420106240
1479434045396,338452480,81653760,420106240
1479434202105,338452480,81657856,420110336
1479434357440,338452480,81657856,420110336
1479434511079,338452480,81657856,420110336
1479434665532,338452480,81657856,420110336
1479434820554,338452480,81657856,420110336
1479434977151,338452480,81657856,420110336
1479435130844,338452480,81657856,420110336
1479435286017,338452480,81657856,420110336
1479435442053,338452480,81657856,420110336
1479435597636,338452480,81661952,420114432
1479435758308,338452480,81661952,420114432
1479435911917,338452480,81661952,420114432
1479436066756,338452480,81661952,420114432
1479436228051,338452480,81670144,420122624
1479436380226,338452480,81670144,420122624
1479436532061,338452480,81670144,420122624
1479436684227,338452480,81670144,420122624
1479436839328,338452480,81670144,420122624
1479436992944,338825216,81670144,420495360
1479437145893,338825216,81670144,420495360
1479437178568,338890752,81674240,420564992
1479437301340,338890752,81670144,420560896
1479437461749,338890752,81674240,420564992
1479437616436,338890752,81674240,420564992
1479437769915,338890752,81674240,420564992
1479437924406,338890752,81674240,420564992
1479438078983,338890752,81674240,420564992
1479438235765,338890752,81674240,420564992
1479438387186,338890752,81674240,420564992
1479438542851,338890752,81674240,420564992
1479438693234,338890752,81674240,420564992
1479438845431,338890752,81674240,420564992
1479439000256,338890752,81674240,420564992
1479439161092,338890752,81678336,420569088
1479439316862,338890752,81678336,420569088
1479439471883,338890752,81678336,420569088
1479439627248,338890752,81678336,420569088
1479439781418,338890752,81678336,420569088
1479439935788,338890752,81678336,420569088
1479440089151,338890752,81678336,420569088
1479440242865,338890752,81678336,420569088
1479440398474,338890752,81678336,420569088
1479440560140,338890752,81678336,420569088
1479440713887,338890752,81678336,420569088
1479440870007,338890752,81678336,420569088
1479441025529,338890752,81678336,420569088
1479441180546,338890752,81678336,420569088
1479441335225,338890752,81678336,420569088
1479441490077,338890752,81678336,420569088
1479441645167,338890752,81678336,420569088
1479441800602,338534400,81678336,420212736
1479441961055,338534400,81678336,420212736
1479441985552,338538496,81686528,420225024
1479442117116,338538496,81682432,420220928
1479442271512,338538496,81686528,420225024
1479442423651,338538496,81686528,420225024
1479442578609,338538496,81686528,420225024
1479442735437,338538496,81686528,420225024
1479442889321,338538496,81686528,420225024
1479443044116,338538496,81686528,420225024
1479443199834,338538496,81686528,420225024
1479443360030,338538496,81686528,420225024
1479443513924,338538496,81686528,420225024
1479443670783,338538496,81686528,420225024
1479443825167,338538496,81686528,420225024
1479443980595,338538496,81686528,420225024
1479444135597,338538496,81690624,420229120
1479444288520,338538496,81690624,420229120
1479444441578,338538496,81690624,420229120
1479444597845,338538496,81690624,420229120
1479444752621,338538496,81694720,420233216
1479444906237,338538496,81694720,420233216
1479445058624,338538496,81694720,420233216
1479445215526,338538496,81694720,420233216
1479445370491,338538496,81694720,420233216
1479445525267,338538496,81694720,420233216
1479445682067,338538496,81694720,420233216
1479445837268,338538496,81698816,420237312
1479445998082,338538496,81698816,420237312
1479446147894,338538496,81698816,420237312
1479446303791,338538496,81698816,420237312
1479446458629,337313792,81698816,419012608
1479446615333,338522112,81698816,420220928
1479446769286,338522112,81698816,420220928
1479446780947,338522112,81707008,420229120
1479446924476,338522112,81702912,420225024
1479447079691,338522112,81707008,420229120
1479447234577,338522112,81707008,420229120
1479447389881,338522112,81707008,420229120
1479447544993,338522112,81707008,420229120
1479447701372,338522112,81707008,420229120
1479447860623,338522112,81707008,420229120
1479448015653,338522112,81707008,420229120
1479448170934,338522112,81707008,420229120
1479448326191,338522112,81707008,420229120
1479448481583,338522112,81707008,420229120
1479448637628,338522112,81707008,420229120
1479448792044,338522112,81707008,420229120
1479448947969,338522112,81707008,420229120
1479449104050,338522112,81711104,420233216
1479449258624,338522112,81711104,420233216
1479449414087,338522112,81711104,420233216
1479449566920,338522112,81711104,420233216
1479449722639,338522112,81711104,420233216
1479449878107,338522112,81711104,420233216
1479450033034,338522112,81711104,420233216
1479450186790,338522112,81711104,420233216
1479450343337,338522112,81711104,420233216
1479450497327,338522112,81711104,420233216
1479450652789,338522112,81711104,420233216
1479450809581,338522112,81711104,420233216
1479450965833,338522112,81711104,420233216
1479451121869,338522112,81711104,420233216
1479451275519,337317888,81711104,419028992
1479451431169,338911232,81711104,420622336
1479451582483,338911232,81711104,420622336
1479451610202,338911232,81719296,420630528
1479451737510,338911232,81719296,420630528
1479451889457,338911232,81719296,420630528
1479452044868,338911232,81719296,420630528
1479452199780,338911232,81719296,420630528
1479452360027,338911232,81719296,420630528
1479452513509,338911232,81719296,420630528
1479452669008,338911232,81719296,420630528
1479452825139,338911232,81719296,420630528
1479452979118,338911232,81719296,420630528
1479453135283,338911232,81719296,420630528
1479453290362,338911232,81719296,420630528
1479453447415,338911232,81719296,420630528
1479453603153,338911232,81719296,420630528
1479453758436,338911232,81719296,420630528
1479453912589,338911232,81719296,420630528
1479454068064,338911232,81719296,420630528
1479454223120,338911232,81723392,420634624
1479454375740,338911232,81723392,420634624
1479454531433,338911232,81723392,420634624
1479454686436,338911232,81727488,420638720
1479454842966,338911232,81727488,420638720
1479454994655,338911232,81727488,420638720
1479455146407,338911232,81727488,420638720
1479455302529,338911232,81727488,420638720
1479455458697,338911232,81727488,420638720
1479455618962,338911232,81727488,420638720
1479455770619,338911232,81727488,420638720
1479455925486,338911232,81727488,420638720
1479456078921,337686528,81727488,419414016
1479456233640,338554880,81727488,420282368
1479456393643,338554880,81727488,420282368
1479456407532,338554880,81731584,420286464
1479456549562,338554880,81731584,420286464
1479456704710,338554880,81731584,420286464
1479456860687,338554880,81731584,420286464
1479457013649,338554880,81731584,420286464
1479457170349,338554880,81731584,420286464
1479457323786,338554880,81731584,420286464
1479457479100,338554880,81731584,420286464
1479457634049,338554880,81731584,420286464
1479457795074,338554880,81731584,420286464
1479457946386,338554880,81731584,420286464
1479458099649,338554880,81731584,420286464
1479458260864,338554880,81731584,420286464
1479458415196,338554880,81731584,420286464
1479458569451,338554880,81731584,420286464
1479458724414,338554880,81731584,420286464
1479458879864,338554880,81731584,420286464
1479459034833,338554880,81735680,420290560
1479459189363,338554880,81735680,420290560
1479459344749,338554880,81735680,420290560
1479459499615,338554880,81735680,420290560
1479459660435,338554880,81735680,420290560
1479459815849,338554880,81735680,420290560
1479459971123,338554880,81735680,420290560
1479460126350,338554880,81735680,420290560
1479460281355,338554880,81735680,420290560
1479460436492,338554880,81735680,420290560
1479460591950,338554880,81735680,420290560
1479460747042,338554880,81735680,420290560
1479460903173,337371136,81735680,419106816
1479461057457,338546688,81735680,420282368
1479461213463,338546688,81735680,420282368
1479461234589,338546688,81743872,420290560
1479461368664,338546688,81743872,420290560
1479461523803,338546688,81743872,420290560
1479461678988,338546688,81743872,420290560
1479461836262,338546688,81743872,420290560
1479461991221,338546688,81743872,420290560
1479462145424,338546688,81743872,420290560
1479462300605,338546688,81743872,420290560
1479462461900,338546688,81743872,420290560
1479462617000,338546688,81743872,420290560
1479462771298,338546688,81743872,420290560
1479462927447,338546688,81743872,420290560
1479463082016,338546688,81743872,420290560
1479463237163,338546688,81743872,420290560
1479463391395,338546688,81743872,420290560
1479463547728,338546688,81743872,420290560
1479463698914,338546688,81743872,420290560
1479463861022,338546688,81747968,420294656
1479464015378,338546688,81752064,420298752
1479464169979,338546688,81752064,420298752
1479464326746,338546688,81752064,420298752
1479464480426,338546688,81752064,420298752
1479464635379,338546688,81752064,420298752
1479464791886,338546688,81752064,420298752
1479464946640,338546688,81817600,420364288
1479465102039,338546688,81821696,420368384
1479465266875,338546688,81825792,420372480
1479465417540,338546688,81825792,420372480
1479465573379,338546688,81825792,420372480
1479465727712,337317888,81825792,419143680
1479465882941,338915328,81825792,420741120
1479466039244,338915328,81825792,420741120
1479466055311,338919424,81829888,420749312
1479466194721,338919424,81825792,420745216
1479466348738,338919424,81825792,420745216
1479466504220,338919424,81825792,420745216
1479466659897,338919424,81825792,420745216
1479466814329,338919424,81825792,420745216
1479466971002,338919424,81825792,420745216
1479467125064,338919424,81825792,420745216
1479467279746,338919424,81825792,420745216
1479467434942,338919424,81825792,420745216
1479467591400,338919424,81825792,420745216
1479467744742,338919424,81825792,420745216
1479467900607,338919424,81825792,420745216
1479468059827,338919424,81825792,420745216
1479468213770,338919424,81825792,420745216
1479468370961,338919424,81825792,420745216
1479468527101,338919424,81825792,420745216
1479468681890,338919424,81825792,420745216
1479468838162,338919424,81825792,420745216
1479468993832,338919424,81825792,420745216
1479469148504,338919424,81825792,420745216
1479469304556,338919424,81825792,420745216
1479469460094,338919424,81825792,420745216
1479469615703,338919424,81825792,420745216
1479469770466,338919424,81825792,420745216
1479469925312,338919424,81825792,420745216
1479470079452,338919424,81825792,420745216
1479470234651,338919424,81825792,420745216
1479470390227,338919424,81825792,420745216
1479470545366,337690624,81825792,419516416
1479470699524,338530304,81825792,420356096
1479470860519,338530304,81825792,420356096
1479470882421,338530304,81829888,420360192
1479471015090,338530304,81825792,420356096
1479471177257,338530304,81825792,420356096
1479471331736,338530304,81825792,420356096
1479471487791,338530304,81825792,420356096
1479471642617,338530304,81825792,420356096
1479471798848,338530304,81825792,420356096
1479471958848,338530304,81825792,420356096
1479472110284,338530304,81825792,420356096
1479472264843,338530304,81825792,420356096
1479472420325,338530304,81825792,420356096
1479472574632,338530304,81825792,420356096
1479472730508,338530304,81825792,420356096
1479472885114,338530304,81825792,420356096
1479473040454,338530304,81825792,420356096
1479473195558,338530304,81825792,420356096
1479473347441,338530304,81825792,420356096
1479473500886,338530304,81825792,420356096
1479473657603,338530304,81825792,420356096
1479473813816,338530304,81825792,420356096
1479473970054,338530304,81825792,420356096
1479474124890,338530304,81825792,420356096
1479474279043,338530304,81825792,420356096
1479474434183,338530304,81825792,420356096
1479474586805,338530304,81825792,420356096
1479474742126,338530304,81825792,420356096
1479474906789,338530304,81825792,420356096
1479475057726,338530304,81825792,420356096
1479475212689,338530304,81825792,420356096
1479475368525,338931712,81825792,420757504
1479475523234,338931712,81825792,420757504
1479475597858,339111936,81829888,420941824
1479475674971,339111936,81825792,420937728
1479475830576,339111936,81825792,420937728
1479475984054,339111936,81825792,420937728
1479476140349,339111936,81825792,420937728
1479476294795,339111936,81825792,420937728
1479476449839,339111936,81825792,420937728
1479476605190,339111936,81825792,420937728
1479476760244,339111936,81825792,420937728
1479476915623,339111936,81825792,420937728
1479477071364,339111936,81825792,420937728
1479477226929,339111936,81825792,420937728
1479477381232,339111936,81825792,420937728
1479477536350,339111936,81825792,420937728
1479477691974,339111936,81825792,420937728
1479477846937,339111936,81825792,420937728
1479478002975,339111936,81825792,420937728
1479478157726,339111936,81825792,420937728
1479478312781,339111936,81825792,420937728
1479478474024,339111936,81825792,420937728
1479478630468,339111936,81825792,420937728
1479478785473,339111936,81825792,420937728
1479478941637,339111936,81825792,420937728
1479479093750,339111936,81825792,420937728
1479479248368,339111936,81825792,420937728
1479479399914,339111936,81825792,420937728
1479479555602,339111936,81825792,420937728
1479479711296,339111936,81825792,420937728
1479479866931,339111936,81825792,420937728
1479480021505,339111936,81825792,420937728
1479480177627,338513920,81825792,420339712
1479480332806,338513920,81825792,420339712
1479480354815,338513920,81833984,420347904
1479480484861,338513920,81833984,420347904
1479480640511,338513920,81833984,420347904
1479480796465,338513920,81833984,420347904
1479480950604,338513920,81833984,420347904
1479481105775,338513920,81833984,420347904
1479481261888,338513920,81833984,420347904
1479481423451,338513920,81833984,420347904
1479481575941,338513920,81833984,420347904
1479481731320,338513920,81833984,420347904
1479481885985,338513920,81833984,420347904
1479482041191,338513920,81833984,420347904
1479482195670,338513920,81833984,420347904
1479482351019,338513920,81833984,420347904
1479482505285,338513920,81833984,420347904
1479482661212,338513920,81833984,420347904
1479482816212,338513920,81833984,420347904
1479482971564,338513920,81833984,420347904
1479483126251,338513920,81833984,420347904
1479483281712,338513920,81833984,420347904
1479483437715,338513920,81833984,420347904
1479483588236,338513920,81833984,420347904
1479483743302,338513920,81838080,420352000
1479483900411,338513920,81838080,420352000
1479484059255,338513920,81838080,420352000
1479484215383,338513920,81838080,420352000
1479484369578,338513920,81838080,420352000
1479484532592,338513920,81846272,420360192
1479484679198,338513920,81846272,420360192
1479484832528,338513920,81846272,420360192
1479484984924,338534400,81846272,420380672
1479485139796,338534400,81846272,420380672
1479485158420,338534400,81850368,420384768
1479485295564,338534400,81846272,420380672
1479485451276,338534400,81846272,420380672
1479485605534,338534400,81846272,420380672
1479485762748,338534400,81846272,420380672
1479485916294,338534400,81846272,420380672
1479486070898,338534400,81846272,420380672
1479486226041,338534400,81846272,420380672
1479486381387,338534400,81846272,420380672
1479486537529,338534400,81846272,420380672
1479486688383,338534400,81846272,420380672
1479486843439,338534400,81846272,420380672
1479486995711,338534400,81846272,420380672
1479487149708,338534400,81846272,420380672
1479487306822,338534400,81846272,420380672
1479487460233,338534400,81846272,420380672
1479487615881,338534400,81846272,420380672
1479487771895,338534400,81846272,420380672
1479487925469,338534400,81846272,420380672
1479488080007,338534400,81846272,420380672
1479488235922,338534400,81846272,420380672
1479488390947,338534400,81846272,420380672
1479488546716,338534400,81846272,420380672
1479488701652,338534400,81850368,420384768
1479488861214,338534400,81850368,420384768
1479489016386,338534400,81850368,420384768
1479489172701,338534400,81854464,420388864
1479489327174,338534400,81854464,420388864
1479489482049,338534400,81854464,420388864
1479489635437,338534400,81854464,420388864
1479489790112,338898944,81854464,420753408
1479489946723,338898944,81854464,420753408
1479489955695,338898944,81858560,420757504
1479490102061,338898944,81854464,420753408
1479490253326,338898944,81858560,420757504
1479490406092,338898944,81858560,420757504
1479490560429,338898944,81858560,420757504
1479490714823,338898944,81858560,420757504
1479490870573,338898944,81858560,420757504
1479491025471,338898944,81858560,420757504
1479491181155,338898944,81858560,420757504
1479491337443,338898944,81858560,420757504
1479491492249,338898944,81858560,420757504
1479491647041,338898944,81858560,420757504
1479491803254,338898944,81858560,420757504
1479491962440,338898944,81858560,420757504
1479492118136,338898944,81858560,420757504
1479492274136,338898944,81858560,420757504
1479492427909,338898944,81858560,420757504
1479492583406,338898944,81858560,420757504
1479492738590,338898944,81862656,420761600
1479492895010,338898944,81862656,420761600
1479493046248,338898944,81862656,420761600
1479493202253,338898944,81862656,420761600
1479493359347,338898944,81862656,420761600
1479493514474,338898944,81862656,420761600
1479493671221,338898944,81866752,420765696
1479493824981,338898944,81870848,420769792
1479493980241,338898944,81874944,420773888
1479494141164,338898944,81879040,420777984
1479494291459,338898944,81879040,420777984
1479494446468,338898944,81879040,420777984
1479494599654,338526208,81879040,420405248
1479494760405,338526208,81883136,420409344
1479494916019,338526208,81879040,420405248
1479495072356,338526208,81879040,420405248
1479495223344,338526208,81879040,420405248
1479495379463,338526208,81879040,420405248
1479495536198,338526208,81879040,420405248
1479495690875,338526208,81879040,420405248
1479495845338,338526208,81879040,420405248
1479496000918,338526208,81879040,420405248
1479496161518,338526208,81879040,420405248
1479496317335,338526208,81879040,420405248
1479496472639,338526208,81879040,420405248
1479496625980,338526208,81879040,420405248
1479496779914,338526208,81879040,420405248
1479496935435,338526208,81879040,420405248
1479497091967,338526208,81879040,420405248
1479497246630,338526208,81879040,420405248
1479497399438,338526208,81879040,420405248
1479497560382,338526208,81879040,420405248
1479497711231,338526208,81879040,420405248
1479497868223,338526208,81879040,420405248
1479498023261,338526208,81879040,420405248
1479498177372,338526208,81879040,420405248
1479498333719,338526208,81879040,420405248
1479498485328,338526208,81879040,420405248
1479498643100,338526208,81879040,420405248
1479498798092,338526208,81883136,420409344
1479498954033,338526208,81887232,420413440
1479499108116,338526208,81887232,420413440
1479499263955,337321984,81887232,419209216
1479499419105,338558976,81887232,420446208
1479499574300,338558976,81887232,420446208
1479499589184,338558976,81891328,420450304
1479499730321,338558976,81887232,420446208
1479499883431,338558976,81887232,420446208
1479500035859,338558976,81887232,420446208
1479500196676,338558976,81887232,420446208
1479500350669,338558976,81891328,420450304
1479500505070,338558976,81891328,420450304
1479500661282,338558976,81891328,420450304
1479500816747,338558976,81891328,420450304
1479500970557,338558976,81891328,420450304
1479501126271,338558976,81891328,420450304
1479501277048,338558976,81891328,420450304
1479501433062,338558976,81891328,420450304
1479501587598,338558976,81891328,420450304
1479501742962,338558976,81891328,420450304
1479501897882,338558976,81891328,420450304
1479502058685,338558976,81891328,420450304
1479502213927,338558976,81891328,420450304
1479502369848,338558976,81891328,420450304
1479502524320,338558976,81891328,420450304
1479502680152,338558976,81895424,420454400
1479502837126,338558976,81895424,420454400
1479502990073,338558976,81895424,420454400
1479503146076,338558976,81895424,420454400
1479503301229,338558976,81895424,420454400
1479503460313,338558976,81895424,420454400
1479503616165,338558976,81895424,420454400
1479503772622,338558976,81907712,420466688
1479503932520,338558976,81911808,420470784
1479504082161,337317888,81911808,419229696
1479504238436,338939904,81911808,420851712
1479504393377,338939904,81911808,420851712
1479504397805,338939904,81915904,420855808
1479504547315,338939904,81911808,420851712
1479504698469,338939904,81911808,420851712
1479504858276,338939904,81911808,420851712
1479505013483,338939904,81911808,420851712
1479505169554,338939904,81911808,420851712
1479505325033,338939904,81911808,420851712
1479505480625,338939904,81911808,420851712
1479505635099,338939904,81911808,420851712
1479505792073,338939904,81911808,420851712
1479505944998,338939904,81911808,420851712
1479506100817,338939904,81911808,420851712
1479506261166,338939904,81911808,420851712
1479506417310,338939904,81911808,420851712
1479506572046,338939904,81911808,420851712
1479506732738,338939904,81911808,420851712
1479506885047,338939904,81911808,420851712
1479507040630,338939904,81911808,420851712
1479507195682,338939904,81911808,420851712
1479507348184,338939904,81915904,420855808
1479507500431,338939904,81915904,420855808
1479507658043,338939904,81915904,420855808
1479507813301,338939904,81915904,420855808
1479507967743,338939904,81915904,420855808
1479508123287,338939904,81915904,420855808
1479508279144,338939904,81915904,420855808
1479508434133,338939904,81915904,420855808
1479508584728,338939904,81920000,420859904
1479508740689,338939904,81920000,420859904
1479508894719,337690624,81920000,419610624
1479509051725,338534400,81920000,420454400
1479509207265,338534400,81920000,420454400
1479509217357,338599936,81924096,420524032
1479509360765,338599936,81920000,420519936
1479509513303,338599936,81920000,420519936
1479509664910,338599936,81920000,420519936
1479509821263,338599936,81920000,420519936
1479509975920,338599936,81920000,420519936
1479510128765,338599936,81924096,420524032
1479510282803,338599936,81924096,420524032
1479510438324,338599936,81924096,420524032
1479510593134,338599936,81924096,420524032
1479510744198,338599936,81924096,420524032
1479510895878,338599936,81924096,420524032
1479511049135,338599936,81924096,420524032
1479511203893,338599936,81924096,420524032
1479511361905,338599936,81924096,420524032
1479511513557,338599936,81924096,420524032
1479511669372,338599936,81924096,420524032
1479511822499,338599936,81924096,420524032
1479511977273,338599936,81924096,420524032
1479512131554,338599936,81928192,420528128
1479512288802,338599936,81928192,420528128
1479512441289,338599936,81928192,420528128
1479512596092,338599936,81932288,420532224
1479512752290,338599936,81932288,420532224
1479512906466,338599936,81932288,420532224
1479513062482,338599936,81932288,420532224
1479513219040,338599936,81932288,420532224
1479513374242,338599936,81936384,420536320
1479513535806,338599936,81936384,420536320
1479513681769,337383424,81936384,419319808
1479513836635,338595840,81936384,420532224
1479513991818,338595840,81936384,420532224
1479514003271,338595840,81944576,420540416
1479514146735,338595840,81940480,420536320
1479514301418,338595840,81940480,420536320
1479514461992,338595840,81940480,420536320
1479514615235,338595840,81940480,420536320
1479514771818,338595840,81940480,420536320
1479514925511,338595840,81940480,420536320
1479515081115,338595840,81940480,420536320
1479515235050,338595840,81940480,420536320
1479515392340,338595840,81940480,420536320
1479515545760,338595840,81940480,420536320
1479515700936,338595840,81940480,420536320
1479515862321,338595840,81940480,420536320
1479516016613,338595840,81940480,420536320
1479516172626,338595840,81940480,420536320
1479516326006,338595840,81940480,420536320
1479516480624,338595840,81940480,420536320
1479516637125,338595840,81940480,420536320
1479516790894,338595840,81940480,420536320
1479516946159,338595840,81944576,420540416
1479517102818,338595840,81944576,420540416
1479517263116,338595840,81944576,420540416
1479517417687,338595840,81944576,420540416
1479517573353,338595840,81944576,420540416
1479517728754,338595840,81944576,420540416
1479517883301,338595840,81944576,420540416
1479518039614,338595840,81944576,420540416
1479518193360,338595840,81944576,420540416
1479518348079,338595840,81948672,420544512
1479518504566,337387520,81948672,419336192
1479518659514,338964480,81948672,420913152
1479518815697,338964480,81948672,420913152
1479518830082,338964480,81952768,420917248
1479518970733,338964480,81948672,420913152
1479519125913,338964480,81948672,420913152
1479519280295,338964480,81948672,420913152
1479519435031,338964480,81948672,420913152
1479519590253,338964480,81948672,420913152
1479519745870,338964480,81948672,420913152
1479519903172,338964480,81952768,420917248
1479520053042,338964480,81952768,420917248
1479520207235,338964480,81952768,420917248
1479520364119,338964480,81952768,420917248
1479520516263,338964480,81952768,420917248
1479520673570,338964480,81952768,420917248
1479520832625,338964480,81952768,420917248
1479520988445,338964480,81952768,420917248
1479521144119,338964480,81952768,420917248
1479521298879,338964480,81952768,420917248
1479521460280,338964480,81956864,420921344
1479521614667,338964480,81956864,420921344
1479521769712,338964480,81960960,420925440
1479521925095,338964480,81960960,420925440
1479522079951,338964480,81960960,420925440
1479522234895,338964480,81960960,420925440
1479522390301,338964480,81960960,420925440
1479522546494,338964480,81965056,420929536
1479522702548,338964480,81965056,420929536
1479522863918,338964480,81965056,420929536
1479523018424,338964480,81965056,420929536
1479523181262,338964480,81965056,420929536
1479523328218,337756160,81965056,419721216
1479523484903,338964480,81965056,420929536
1479523638744,338964480,81965056,420929536
1479523641734,338964480,81969152,420933632
1479523795286,338964480,81965056,420929536
1479523949822,338964480,81965056,420929536
1479524105424,338964480,81965056,420929536
1479524260379,338964480,81965056,420929536
1479524414612,338964480,81965056,420929536
1479524571280,338964480,81965056,420929536
1479524725894,338964480,81965056,420929536
1479524880686,338964480,81969152,420933632
1479525036145,338964480,81969152,420933632
1479525191471,338964480,81969152,420933632
1479525345766,338964480,81969152,420933632
1479525501618,338964480,81969152,420933632
1479525656189,338964480,81969152,420933632
1479525810595,338964480,81969152,420933632
1479525971646,338964480,81969152,420933632
1479526126340,338964480,81969152,420933632
1479526281097,338964480,81969152,420933632
1479526436230,338964480,81973248,420937728
1479526597896,338964480,81973248,420937728
1479526752330,338964480,81973248,420937728
1479526904114,338964480,81973248,420937728
1479527059639,338964480,81973248,420937728
1479527210707,338964480,81973248,420937728
1479527367527,338964480,81973248,420937728
1479527521206,338964480,81973248,420937728
1479527675933,338964480,81973248,420937728
1479527829914,338964480,81973248,420937728
1479527984791,338964480,81973248,420937728
1479528140383,338141184,81977344,420118528
1479528295567,338984960,81977344,420962304
1479528454162,338984960,81977344,420962304
1479528462961,338984960,81981440,420966400
1479528605816,338984960,81977344,420962304
1479528760077,338984960,81977344,420962304
1479528913306,338984960,81977344,420962304
1479529068874,338984960,81977344,420962304
1479529225120,338984960,81977344,420962304
1479529378579,338984960,81977344,420962304
1479529534098,338984960,81977344,420962304
1479529685110,338984960,81977344,420962304
1479529838941,338984960,81981440,420966400
1479529994048,338984960,81981440,420966400
1479530150297,338984960,81981440,420966400
1479530303209,338984960,81981440,420966400
1479530459359,338984960,81981440,420966400
1479530611086,338984960,81981440,420966400
1479530766533,338984960,81981440,420966400
1479530922382,338984960,81981440,420966400
1479531075553,338984960,81981440,420966400
1479531229231,338984960,81985536,420970496
1479531382077,338984960,81989632,420974592
1479531536532,338984960,81989632,420974592
1479531692101,338984960,81989632,420974592
1479531846168,338984960,81989632,420974592
1479532001822,338984960,81989632,420974592
1479532161980,338984960,81989632,420974592
1479532313388,338984960,81989632,420974592
1479532470322,338984960,81993728,420978688
1479532620224,338984960,82001920,420986880
1479532779759,338984960,82001920,420986880
1479532925978,337760256,82001920,419762176
1479533080903,338980864,82001920,420982784
1479533236865,338980864,82001920,420982784
1479533244348,338980864,82006016,420986880
1479533392233,338980864,82001920,420982784
1479533548518,338980864,82001920,420982784
1479533704150,338980864,82001920,420982784
1479533863412,338980864,82001920,420982784
1479534019950,338980864,82001920,420982784
1479534175367,338980864,82001920,420982784
1479534330391,338980864,82001920,420982784
1479534483628,338980864,82001920,420982784
1479534638970,338980864,82001920,420982784
1479534794797,338980864,82001920,420982784
1479534947120,338980864,82001920,420982784
1479535101493,338980864,82001920,420982784
1479535261992,338980864,82001920,420982784
1479535417227,338980864,82001920,420982784
1479535574064,338980864,82001920,420982784
1479535727470,338980864,82001920,420982784
1479535880387,338980864,82001920,420982784
1479536031865,338980864,82006016,420986880
1479536186861,338980864,82006016,420986880
1479536339679,338980864,82006016,420986880
1479536491990,338980864,82006016,420986880
1479536647390,338980864,82006016,420986880
1479536799872,338980864,82006016,420986880
1479536960389,338980864,82006016,420986880
1479537115478,338980864,82006016,420986880
1479537270524,338980864,82006016,420986880
1479537424734,338980864,82006016,420986880
1479537579725,338980864,82006016,420986880
1479537736094,337813504,82006016,419819520
1479537891049,338632704,82006016,420638720
1479538043419,338632704,82010112,420642816
1479538059042,338632704,82014208,420646912
1479538197627,338632704,82010112,420642816
1479538352623,338632704,82010112,420642816
1479538509196,338632704,82010112,420642816
1479538663254,338632704,82010112,420642816
1479538818666,338632704,82010112,420642816
1479538973621,338632704,82010112,420642816
1479539130973,338632704,82010112,420642816
1479539284001,338632704,82010112,420642816
1479539440367,338632704,82010112,420642816
1479539593999,338632704,82010112,420642816
1479539749136,338632704,82014208,420646912
1479539904469,338632704,82014208,420646912
1479540060125,338632704,82014208,420646912
1479540215690,338632704,82014208,420646912
1479540371429,338632704,82014208,420646912
1479540526088,338632704,82014208,420646912
1479540680679,338632704,82014208,420646912
1479540835983,338632704,82014208,420646912
1479540992445,338632704,82014208,420646912
1479541148897,338632704,82014208,420646912
1479541298883,338632704,82014208,420646912
1479541454403,338632704,82014208,420646912
1479541606323,338632704,82014208,420646912
1479541762069,338632704,82014208,420646912
1479541915498,338632704,82018304,420651008
1479542070891,338632704,82022400,420655104
1479542224951,338632704,82026496,420659200
1479542387273,338632704,82026496,420659200
1479542534475,337408000,82026496,419434496
1479542689398,338960384,82026496,420986880
1479542844734,338960384,82026496,420986880
1479542853628,338960384,82030592,420990976
1479543001857,338960384,82026496,420986880
1479543161834,338960384,82026496,420986880
1479543316071,338960384,82026496,420986880
1479543468956,338960384,82026496,420986880
1479543622215,338960384,82026496,420986880
1479543777499,338960384,82026496,420986880
1479543932323,338960384,82026496,420986880
1479544086054,338960384,82026496,420986880
1479544240962,338960384,82026496,420986880
1479544396814,338960384,82026496,420986880
1479544552345,338960384,82026496,420986880
1479544708831,338960384,82030592,420990976
1479544862570,338960384,82030592,420990976
1479545018234,338960384,82030592,420990976
1479545173203,338960384,82030592,420990976
1479545328161,338960384,82030592,420990976
1479545483443,338960384,82034688,420995072
1479545638042,338960384,82034688,420995072
1479545793733,338960384,82034688,420995072
1479545948499,338960384,82034688,420995072
1479546103471,338960384,82034688,420995072
1479546263555,338960384,82034688,420995072
1479546419355,338960384,82034688,420995072
1479546573763,338960384,82034688,420995072
1479546728710,338960384,82034688,420995072
1479546884048,338960384,82034688,420995072
1479547039176,338960384,82034688,420995072
1479547191752,338960384,82034688,420995072
1479547346473,337743872,82034688,419778560
1479547501858,338948096,82034688,420982784
1479547662345,338948096,82034688,420982784
1479547676416,338948096,82046976,420995072
1479547817533,338948096,82042880,420990976
1479547973148,338948096,82042880,420990976
1479548127145,338948096,82042880,420990976
1479548282221,338948096,82042880,420990976
1479548437121,338948096,82042880,420990976
1479548592434,338948096,82042880,420990976
1479548748272,338948096,82042880,420990976
1479548903535,338948096,82042880,420990976
1479549063871,338948096,82042880,420990976
1479549216787,338948096,82042880,420990976
1479549370148,338948096,82042880,420990976
1479549524474,338948096,82042880,420990976
1479549680297,338948096,82046976,420995072
1479549834680,338948096,82046976,420995072
1479549989988,338948096,82046976,420995072
1479550145097,338948096,82046976,420995072
1479550306225,338948096,82051072,420999168
1479550460575,338948096,82051072,420999168
1479550616273,338948096,82051072,420999168
1479550773411,338948096,82051072,420999168
1479550925543,338948096,82051072,420999168
1479551081174,338948096,82055168,421003264
1479551236944,338948096,82055168,421003264
1479551391100,338948096,82055168,421003264
1479551547033,338948096,82055168,421003264
1479551702879,338948096,82055168,421003264
1479551863413,338948096,82055168,421003264
1479552027283,338948096,82063360,421011456
1479552174352,338583552,82063360,420646912
1479552327680,338583552,82063360,420646912
1479552392074,338587648,82067456,420655104
1479552482291,338587648,82063360,420651008
1479552637515,338587648,82063360,420651008
1479552793303,338587648,82063360,420651008
1479552949100,338587648,82063360,420651008
1479553109160,338587648,82063360,420651008
1479553264439,338587648,82063360,420651008
1479553420650,338587648,82063360,420651008
1479553578440,338587648,82063360,420651008
1479553729163,338587648,82063360,420651008
1479553884994,338587648,82063360,420651008
1479554039761,338587648,82063360,420651008
1479554195297,338587648,82063360,420651008
1479554350954,338587648,82063360,420651008
1479554505702,338587648,82067456,420655104
1479554659981,338587648,82067456,420655104
1479554815115,338587648,82067456,420655104
1479554970726,338587648,82067456,420655104
1479555123562,338587648,82071552,420659200
1479555277638,338587648,82071552,420659200
1479555431474,338587648,82071552,420659200
1479555586979,338587648,82071552,420659200
1479555742699,338587648,82071552,420659200
1479555898868,338587648,82071552,420659200
1479556054725,338587648,82071552,420659200
1479556207402,338587648,82071552,420659200
1479556360920,338587648,82071552,420659200
1479556513283,338587648,82071552,420659200
1479556667641,338587648,82071552,420659200
1479556822279,338587648,82071552,420659200
1479556978809,338956288,82071552,421027840
1479557133122,338956288,82071552,421027840
1479557177549,338956288,82079744,421036032
1479557286584,338956288,82075648,421031936
1479557442684,338956288,82075648,421031936
1479557596517,338956288,82075648,421031936
1479557750901,338956288,82075648,421031936
1479557907427,338956288,82075648,421031936
1479558063079,338956288,82075648,421031936
1479558216562,338956288,82075648,421031936
1479558366995,338956288,82075648,421031936
1479558522761,338956288,82075648,421031936
1479558677911,338956288,82075648,421031936
1479558833730,338956288,82075648,421031936
1479558988146,338956288,82075648,421031936
1479559143335,338956288,82075648,421031936
1479559298390,338956288,82075648,421031936
1479559454086,338956288,82075648,421031936
1479559609481,338956288,82079744,421036032
1479559763425,338956288,82079744,421036032
1479559918838,338956288,82083840,421040128
1479560074979,338956288,82083840,421040128
1479560226952,338956288,82083840,421040128
1479560380252,338956288,82083840,421040128
1479560535018,338956288,82083840,421040128
1479560690481,338956288,82083840,421040128
1479560845637,338956288,82083840,421040128
1479561001772,338956288,82087936,421044224
1479561152853,338956288,82087936,421044224
1479561307729,338956288,82087936,421044224
1479561463894,338956288,82092032,421048320
1479561625489,338956288,82092032,421048320
1479561773645,338956288,82092032,421048320
1479561928696,338956288,82092032,421048320
1479561975664,338956288,82096128,421052416
1479562084542,338956288,82092032,421048320
1479562238839,338956288,82092032,421048320
1479562394088,338956288,82092032,421048320
1479562550176,338956288,82092032,421048320
1479562705970,338956288,82092032,421048320
1479562860467,338956288,82092032,421048320
1479563016861,338956288,82092032,421048320
1479563167006,338956288,82092032,421048320
1479563322231,338956288,82092032,421048320
1479563482787,338956288,82092032,421048320
1479563637591,338956288,82092032,421048320
1479563792237,338956288,82092032,421048320
1479563948560,338956288,82092032,421048320
1479564103958,338956288,82092032,421048320
1479564264286,338956288,82092032,421048320
1479564420391,338956288,82096128,421052416
1479564575480,338956288,82100224,421056512
1479564730977,338956288,82100224,421056512
1479564883999,338956288,82100224,421056512
1479565040374,338956288,82100224,421056512
1479565195092,338956288,82100224,421056512
1479565349731,338956288,82100224,421056512
1479565504133,338956288,82100224,421056512
1479565660129,338956288,82100224,421056512
1479565814125,338956288,82100224,421056512
1479565969501,338956288,82100224,421056512
1479566125609,338956288,82100224,421056512
1479566280368,338956288,82100224,421056512
1479566431519,338956288,82100224,421056512
1479566586137,338640896,82100224,420741120
1479566741857,338640896,82100224,420741120
1479566780858,338640896,82108416,420749312
1479566897041,338640896,82104320,420745216
1479567051498,338640896,82104320,420745216
1479567207517,338640896,82104320,420745216
1479567362966,338640896,82104320,420745216
1479567518330,338640896,82104320,420745216
1479567673761,338640896,82104320,420745216
1479567829040,338640896,82104320,420745216
1479567983202,338640896,82104320,420745216
1479568139074,338640896,82104320,420745216
1479568292323,338640896,82104320,420745216
1479568445397,338640896,82104320,420745216
1479568597203,338640896,82104320,420745216
1479568751227,338640896,82104320,420745216
1479568906833,338640896,82104320,420745216
1479569062759,338640896,82104320,420745216
1479569217463,338640896,82104320,420745216
1479569371547,338640896,82112512,420753408
1479569527062,338640896,82112512,420753408
1479569681658,338640896,82116608,420757504
1479569834373,338640896,82116608,420757504
1479569988818,338640896,82116608,420757504
1479570145194,338640896,82116608,420757504
1479570300482,338640896,82116608,420757504
1479570452899,338640896,82116608,420757504
1479570607250,338640896,82116608,420757504
1479570762819,338640896,82120704,420761600
1479570917055,338640896,82120704,420761600
1479571074182,338640896,82120704,420761600
1479571228051,338640896,82128896,420769792
1479571386473,338952192,82128896,421081088
1479571537534,338952192,82128896,421081088
1479571584572,338952192,82132992,421085184
1479571687307,338952192,82128896,421081088
1479571844259,338952192,82128896,421081088
1479572000132,338952192,82128896,421081088
1479572155064,338952192,82128896,421081088
1479572310004,338952192,82128896,421081088
1479572465619,338952192,82128896,421081088
1479572621634,338952192,82128896,421081088
1479572776603,338952192,82128896,421081088
1479572937872,338952192,82128896,421081088
1479573088145,338952192,82128896,421081088
1479573243655,338952192,82128896,421081088
1479573399077,338952192,82128896,421081088
1479573553653,338952192,82128896,421081088
1479573708066,338952192,82128896,421081088
1479573865193,338952192,82128896,421081088
1479574020384,338952192,82128896,421081088
1479574175146,338952192,82132992,421085184
1479574330584,338952192,82132992,421085184
1479574485124,338952192,82137088,421089280
1479574640984,338952192,82137088,421089280
1479574796671,338952192,82137088,421089280
1479574952484,338952192,82137088,421089280
1479575108811,338952192,82137088,421089280
1479575262432,338952192,82137088,421089280
1479575417666,338952192,82137088,421089280
1479575573682,338952192,82137088,421089280
1479575735033,338952192,82137088,421089280
1479575889857,338952192,82137088,421089280
1479576050020,338952192,82137088,421089280
1479576206210,338989056,82137088,421126144
1479576360113,338989056,82137088,421126144
1479576386176,339054592,82145280,421199872
1479576516969,339054592,82141184,421195776
1479576671503,339054592,82141184,421195776
1479576826847,339054592,82141184,421195776
1479576982438,339054592,82141184,421195776
1479577137342,339054592,82141184,421195776
1479577292953,339054592,82141184,421195776
1479577447696,339054592,82141184,421195776
1479577602844,339054592,82141184,421195776
1479577762929,339054592,82141184,421195776
1479577918123,339054592,82141184,421195776
1479578074618,339054592,82141184,421195776
1479578228379,339054592,82141184,421195776
1479578384431,339054592,82141184,421195776
1479578539120,339054592,82141184,421195776
1479578695037,339054592,82141184,421195776
1479578850314,339054592,82141184,421195776
1479579002249,339054592,82145280,421199872
1479579162748,339054592,82145280,421199872
1479579313870,339054592,82149376,421203968
1479579467198,339054592,82153472,421208064
1479579622697,339054592,82153472,421208064
1479579773329,339054592,82153472,421208064
1479579929359,339054592,82153472,421208064
1479580082740,339054592,82153472,421208064
1479580237150,339054592,82153472,421208064
1479580388735,339054592,82157568,421212160
1479580544830,339054592,82157568,421212160
1479580697012,339054592,82157568,421212160
1479580852224,339054592,82157568,421212160
1479581014698,339054592,82157568,421212160
1479581159118,339054592,82157568,421212160
1479581185504,339054592,82165760,421220352
1479581314291,339054592,82161664,421216256
1479581466947,339054592,82161664,421216256
1479581622183,339054592,82161664,421216256
1479581778213,339054592,82161664,421216256
1479581931171,339054592,82161664,421216256
1479582087824,339054592,82161664,421216256
1479582241762,339054592,82161664,421216256
1479582396454,339054592,82161664,421216256
1479582552690,339054592,82161664,421216256
1479582704438,339054592,82161664,421216256
1479582860579,339054592,82161664,421216256
1479583016447,339054592,82161664,421216256
1479583171690,339054592,82161664,421216256
1479583327280,339054592,82161664,421216256
1479583481667,339054592,82161664,421216256
1479583636634,339054592,82165760,421220352
1479583788413,339054592,82165760,421220352
1479583944659,339054592,82165760,421220352
1479584101238,339054592,82165760,421220352
1479584255105,339054592,82169856,421224448
1479584409964,339054592,82169856,421224448
1479584565177,339054592,82169856,421224448
1479584720971,339054592,82169856,421224448
1479584876659,339054592,82169856,421224448
1479585030249,339054592,82169856,421224448
1479585182623,339054592,82169856,421224448
1479585339122,339054592,82169856,421224448
1479585493614,339054592,82169856,421224448
1479585648101,339054592,82169856,421224448
1479585803382,339042304,82169856,421212160
1479585964840,339042304,82169856,421212160
1479585989323,339042304,82178048,421220352
1479586118212,339042304,82173952,421216256
1479586274094,339042304,82173952,421216256
1479586429559,339042304,82173952,421216256
1479586584830,339042304,82173952,421216256
1479586739845,339042304,82173952,421216256
1479586891617,339042304,82173952,421216256
1479587048006,339042304,82173952,421216256
1479587202605,339042304,82173952,421216256
1479587361219,339042304,82173952,421216256
1479587517864,339042304,82173952,421216256
1479587673453,339042304,82173952,421216256
1479587827207,339042304,82173952,421216256
1479587981201,339042304,82173952,421216256
1479588136889,339042304,82173952,421216256
1479588289199,339042304,82173952,421216256
1479588444664,339042304,82178048,421220352
1479588596971,339042304,82178048,421220352
1479588753623,339042304,82178048,421220352
1479588907981,339042304,82178048,421220352
1479589062295,339042304,82178048,421220352
1479589216883,339042304,82182144,421224448
1479589373626,339042304,82182144,421224448
1479589528694,339042304,82186240,421228544
1479589679937,339042304,82186240,421228544
1479589835680,339042304,82186240,421228544
1479589988896,339042304,82186240,421228544
1479590143109,339042304,82186240,421228544
1479590295569,339042304,82186240,421228544
1479590451273,339042304,82190336,421232640
1479590614939,339058688,82194432,421253120
1479590760945,339058688,82194432,421253120
1479590813181,339922944,82198528,422121472
1479590916252,339922944,82194432,422117376
1479591071590,339922944,82194432,422117376
1479591224282,339922944,82194432,422117376
1479591379146,339922944,82194432,422117376
1479591535830,339922944,82194432,422117376
1479591690222,339922944,82194432,422117376
1479591843610,339922944,82194432,422117376
1479591997429,339922944,82194432,422117376
1479592152619,339922944,82194432,422117376
1479592307857,339922944,82198528,422121472
1479592463047,339922944,82198528,422121472
1479592619098,339922944,82198528,422121472
1479592774259,339922944,82202624,422125568
1479592929680,339922944,82202624,422125568
1479593084397,339922944,82202624,422125568
1479593240493,339922944,82202624,422125568
1479593395069,339922944,82202624,422125568
1479593550398,339922944,82202624,422125568
1479593705245,339922944,82202624,422125568
1479593860266,339922944,82202624,422125568
1479594017010,339922944,82206720,422129664
1479594171835,339922944,82206720,422129664
1479594323538,339922944,82206720,422129664
1479594478390,339922944,82206720,422129664
1479594634070,339922944,82206720,422129664
1479594786285,339922944,82206720,422129664
1479594938943,339922944,82206720,422129664
1479595089836,339922944,82206720,422129664
1479595244278,339922944,82206720,422129664
1479595402983,338657280,82206720,420864000
1479595563034,338657280,82206720,420864000
1479595582579,338661376,82210816,420872192
1479595718354,338661376,82210816,420872192
1479595874535,338661376,82210816,420872192
1479596029303,338661376,82210816,420872192
1479596184471,338661376,82210816,420872192
1479596340793,338661376,82210816,420872192
1479596496165,338661376,82210816,420872192
1479596651641,338661376,82210816,420872192
1479596807888,338661376,82210816,420872192
1479596961449,338661376,82210816,420872192
1479597116086,338661376,82214912,420876288
1479597272971,338661376,82214912,420876288
1479597427073,338661376,82214912,420876288
1479597582806,338661376,82214912,420876288
1479597739113,338661376,82214912,420876288
1479597893772,338661376,82214912,420876288
1479598045927,338661376,82214912,420876288
1479598201473,338661376,82214912,420876288
1479598355042,338661376,82214912,420876288
1479598510968,338661376,82214912,420876288
1479598665513,338661376,82214912,420876288
1479598822176,338661376,82219008,420880384
1479598976945,338661376,82223104,420884480
1479599133446,338661376,82223104,420884480
1479599286941,338661376,82223104,420884480
1479599441752,338661376,82223104,420884480
1479599597575,338661376,82223104,420884480
1479599753512,338661376,82227200,420888576
1479599909022,338661376,82227200,420888576
1479600070351,337457152,82235392,419692544
1479600213635,339013632,82235392,421249024
1479600369115,339013632,82235392,421249024
1479600391891,339013632,82239488,421253120
1479600525105,339013632,82235392,421249024
1479600679449,339013632,82235392,421249024
1479600834739,339013632,82235392,421249024
1479600989906,339013632,82235392,421249024
1479601145742,339013632,82235392,421249024
1479601300008,339013632,82235392,421249024
1479601461420,339013632,82235392,421249024
1479601617358,339013632,82235392,421249024
1479601773526,339013632,82239488,421253120
1479601928943,339013632,82239488,421253120
1479602085922,339013632,82239488,421253120
1479602241497,339013632,82239488,421253120
1479602395603,339013632,82239488,421253120
1479602549564,339013632,82239488,421253120
1479602705507,339013632,82239488,421253120
1479602865317,339013632,82239488,421253120
1479603018258,339013632,82239488,421253120
1479603172162,339013632,82239488,421253120
1479603328418,339013632,82239488,421253120
1479603482761,339013632,82239488,421253120
1479603638246,339013632,82239488,421253120
1479603793759,339013632,82239488,421253120
1479603948732,339013632,82243584,421257216
1479604105307,339013632,82243584,421257216
1479604264545,339013632,82243584,421257216
1479604420466,339013632,82243584,421257216
1479604574746,339013632,82243584,421257216
1479604730483,339013632,82243584,421257216
1479604886693,337809408,82243584,420052992
1479605040277,338685952,82243584,420929536
1479605192558,338685952,82247680,420933632
1479605351557,338685952,82243584,420929536
1479605504235,338685952,82243584,420929536
1479605663388,338685952,82247680,420933632
1479605819154,338685952,82247680,420933632
1479605972948,338685952,82247680,420933632
1479606128358,338685952,82247680,420933632
1479606283794,338685952,82247680,420933632
1479606439309,338685952,82247680,420933632
1479606592041,338685952,82247680,420933632
1479606747762,338685952,82251776,420937728
1479606899940,338685952,82251776,420937728
1479607060257,338685952,82251776,420937728
1479607215391,338685952,82251776,420937728
1479607371516,338685952,82251776,420937728
1479607527590,338685952,82251776,420937728
1479607683177,338685952,82251776,420937728
1479607839113,338685952,82251776,420937728
1479607992816,338685952,82251776,420937728
1479608147444,338685952,82251776,420937728
1479608302769,338685952,82251776,420937728
1479608462938,338685952,82251776,420937728
1479608619537,338685952,82251776,420937728
1479608775012,338685952,82251776,420937728
1479608928533,338685952,82255872,420941824
1479609084178,338685952,82259968,420945920
1479609239209,338685952,82259968,420945920
1479609394220,338685952,82259968,420945920
1479609549823,338685952,82259968,420945920
1479609705006,337473536,82259968,419733504
1479609871260,339009536,82264064,421273600
1479610012960,339009536,82272256,421281792
1479610181335,339009536,82268160,421277696
1479610336159,339009536,82268160,421277696
1479610491456,339009536,82268160,421277696
1479610646519,339009536,82268160,421277696
1479610801282,339009536,82268160,421277696
1479610962780,339009536,82268160,421277696
1479611118491,339009536,82268160,421277696
1479611269743,339009536,82268160,421277696
1479611424658,339009536,82268160,421277696
1479611578501,339009536,82268160,421277696
1479611733250,339009536,82272256,421281792
1479611887051,339009536,82272256,421281792
1479612043057,339009536,82272256,421281792
1479612196978,339009536,82272256,421281792
1479612352895,339009536,82272256,421281792
1479612504852,339009536,82272256,421281792
1479612659326,339009536,82272256,421281792
1479612814798,339009536,82272256,421281792
1479612969110,339009536,82272256,421281792
1479613126310,339009536,82272256,421281792
1479613277859,339009536,82272256,421281792
1479613431668,339009536,82272256,421281792
1479613587071,339009536,82272256,421281792
1479613741831,339009536,82272256,421281792
1479613895806,339009536,82272256,421281792
1479614050756,339009536,82272256,421281792
1479614206993,339009536,82276352,421285888
1479614361380,339009536,82276352,421285888
1479614516713,338505728,82276352,420782080
1479614672776,339165184,82276352,421441536
1479614820077,339165184,82280448,421445632
1479614982158,339165184,82276352,421441536
1479615137385,339165184,82276352,421441536
1479615292388,339165184,82276352,421441536
1479615449372,339165184,82276352,421441536
1479615605311,339165184,82276352,421441536
1479615765765,339165184,82276352,421441536
1479615918173,339165184,82280448,421445632
1479616074623,339165184,82280448,421445632
1479616227965,339165184,82280448,421445632
1479616382831,339165184,82280448,421445632
1479616539502,339165184,82280448,421445632
1479616691073,339165184,82284544,421449728
1479616845479,339165184,82284544,421449728
1479617000755,339165184,82284544,421449728
1479617153356,339165184,82284544,421449728
1479617308528,339165184,82284544,421449728
1479617464115,339165184,82284544,421449728
1479617618702,339165184,82284544,421449728
1479617774806,339165184,82284544,421449728
1479617928327,339165184,82284544,421449728
1479618083476,339165184,82284544,421449728
1479618239891,339165184,82284544,421449728
1479618393654,339165184,82284544,421449728
1479618548506,339165184,82284544,421449728
1479618704748,339165184,82284544,421449728
1479618858336,339165184,82284544,421449728
1479619013422,339165184,82288640,421453824
1479619165933,339165184,82292736,421457920
1479619320349,337936384,82292736,420229120
1479619473303,339144704,82292736,421437440
1479619628858,339144704,82292736,421437440
1479619638146,339144704,82300928,421445632
1479619783891,339144704,82296832,421441536
1479619939827,339144704,82296832,421441536
1479620094416,339144704,82296832,421441536
1479620251260,339144704,82296832,421441536
1479620406912,339144704,82296832,421441536
1479620561683,339144704,82296832,421441536
1479620717282,339144704,82296832,421441536
1479620872213,339144704,82296832,421441536
1479621026132,339144704,82296832,421441536
1479621177577,339144704,82296832,421441536
1479621333966,339144704,82300928,421445632
1479621488622,339144704,82300928,421445632
1479621640148,339144704,82300928,421445632
1479621793975,339144704,82300928,421445632
1479621945544,339144704,82300928,421445632
1479622097566,339144704,82300928,421445632
1479622252610,339144704,82300928,421445632
1479622407005,339144704,82300928,421445632
1479622564255,339144704,82300928,421445632
1479622720472,339144704,82300928,421445632
1479622876765,339144704,82300928,421445632
1479623028946,339144704,82300928,421445632
1479623181942,339144704,82300928,421445632
1479623338087,339144704,82300928,421445632
1479623494390,339144704,82300928,421445632
1479623644638,339144704,82300928,421445632
1479623797547,339144704,82300928,421445632
1479623954234,339144704,82300928,421445632
1479624109585,337940480,82305024,420245504
1479624263726,338837504,82305024,421142528
1479624419270,338837504,82305024,421142528
1479624434938,338837504,82309120,421146624
1479624577310,338837504,82305024,421142528
1479624728994,338837504,82305024,421142528
1479624879996,338837504,82305024,421142528
1479625033598,338837504,82305024,421142528
1479625184915,338837504,82305024,421142528
1479625341627,338837504,82305024,421142528
1479625492973,338837504,82305024,421142528
1479625648158,338837504,82309120,421146624
1479625800048,338837504,82309120,421146624
1479625962061,338837504,82309120,421146624
1479626117210,338837504,82313216,421150720
1479626271357,338837504,82313216,421150720
1479626428298,338837504,82313216,421150720
1479626579516,338837504,82313216,421150720
1479626734839,338837504,82313216,421150720
1479626889181,338837504,82313216,421150720
1479627045566,338837504,82313216,421150720
1479627199201,338837504,82313216,421150720
1479627354422,338837504,82313216,421150720
1479627508604,338837504,82313216,421150720
1479627665084,338837504,82313216,421150720
1479627821260,338837504,82313216,421150720
1479627981993,338837504,82317312,421154816
1479628132091,338837504,82317312,421154816
1479628289696,338837504,82317312,421154816
1479628443648,338837504,82317312,421154816
1479628598437,338837504,82317312,421154816
1479628753603,338837504,82317312,421154816
1479628908767,337596416,82321408,419917824
1479629063226,339169280,82329600,421498880
1479629218507,339169280,82329600,421498880
1479629242206,339169280,82333696,421502976
1479629375166,339169280,82329600,421498880
1479629528215,339169280,82329600,421498880
1479629682168,339169280,82329600,421498880
1479629837555,339169280,82329600,421498880
1479629993507,339169280,82329600,421498880
1479630148606,339169280,82329600,421498880
1479630301110,339169280,82329600,421498880
1479630462334,339169280,82329600,421498880
1479630614377,339169280,82329600,421498880
1479630768885,339169280,82329600,421498880
1479630923907,339169280,82333696,421502976
1479631079789,339169280,82333696,421502976
1479631235214,339169280,82333696,421502976
1479631390381,339169280,82333696,421502976
1479631546728,339169280,82333696,421502976
1479631701837,339169280,82333696,421502976
1479631860921,339169280,82333696,421502976
1479632016754,339169280,82333696,421502976
1479632171624,339169280,82333696,421502976
1479632326661,339169280,82333696,421502976
1479632481731,339169280,82333696,421502976
1479632637132,339169280,82333696,421502976
1479632792410,339169280,82333696,421502976
1479632947504,339169280,82333696,421502976
1479633104319,339169280,82333696,421502976
1479633264587,339169280,82333696,421502976
1479633421028,339169280,82333696,421502976
1479633575155,339169280,82333696,421502976
1479633730881,339099648,82333696,421433344
1479633881778,339202048,82337792,421539840
1479634037579,339202048,82337792,421539840
1479634131281,339202048,82341888,421543936
1479634193804,339202048,82337792,421539840
1479634347421,339202048,82337792,421539840
1479634502893,339202048,82337792,421539840
1479634659765,339202048,82337792,421539840
1479634814561,339202048,82337792,421539840
1479634971225,339202048,82337792,421539840
1479635127533,339202048,82337792,421539840
1479635276266,339202048,82337792,421539840
1479635428032,339202048,82337792,421539840
1479635582770,339202048,82341888,421543936
1479635737774,339202048,82341888,421543936
1479635893739,339202048,82341888,421543936
1479636049707,339202048,82341888,421543936
1479636204177,339202048,82341888,421543936
1479636365901,339202048,82341888,421543936
1479636519576,339202048,82341888,421543936
1479636675133,339202048,82341888,421543936
1479636831344,339202048,82341888,421543936
1479636986265,339202048,82341888,421543936
1479637139261,339202048,82341888,421543936
1479637295364,339202048,82341888,421543936
1479637446802,339202048,82341888,421543936
1479637602297,339202048,82341888,421543936
1479637762299,339202048,82345984,421548032
1479637917843,339202048,82345984,421548032
1479638072781,339202048,82345984,421548032
1479638227406,339202048,82345984,421548032
1479638382482,339202048,82345984,421548032
1479638537878,337960960,82350080,420311040
1479638693570,339169280,82354176,421523456
1479638848940,339169280,82362368,421531648
1479638860652,339169280,82370560,421539840
1479639001720,339169280,82366464,421535744
1479639162826,339169280,82366464,421535744
1479639317657,339169280,82366464,421535744
1479639473002,339169280,82366464,421535744
1479639627939,339169280,82366464,421535744
1479639784535,339169280,82366464,421535744
1479639938890,339169280,82366464,421535744
1479640093928,339169280,82366464,421535744
1479640249803,339169280,82366464,421535744
1479640404863,339169280,82370560,421539840
1479640564788,339169280,82370560,421539840
1479640719707,339169280,82370560,421539840
1479640874780,339169280,82370560,421539840
1479641029724,339169280,82370560,421539840
1479641185138,339169280,82370560,421539840
1479641340042,339169280,82370560,421539840
1479641495309,339169280,82370560,421539840
1479641650556,339169280,82370560,421539840
1479641806239,339169280,82370560,421539840
1479641963626,339169280,82370560,421539840
1479642119553,339169280,82370560,421539840
1479642274141,339169280,82370560,421539840
1479642429463,339169280,82370560,421539840
1479642579843,339169280,82370560,421539840
1479642732675,339169280,82370560,421539840
1479642887645,339169280,82370560,421539840
1479643043720,339169280,82370560,421539840
1479643199148,339169280,82370560,421539840
1479643352859,338391040,82370560,420761600
1479643509237,339206144,82370560,421576704
1479643663309,339206144,82370560,421576704
1479643676481,339210240,82378752,421588992
1479643820536,339210240,82374656,421584896
1479643974673,339210240,82374656,421584896
1479644128498,339210240,82374656,421584896
1479644283678,339210240,82374656,421584896
1479644440317,339210240,82374656,421584896
1479644596068,339210240,82374656,421584896
1479644748539,339210240,82374656,421584896
1479644900078,339210240,82374656,421584896
1479645055238,339210240,82374656,421584896
1479645209673,339210240,82378752,421588992
1479645363644,339210240,82378752,421588992
1479645519589,339210240,82382848,421593088
1479645673890,339210240,82382848,421593088
1479645829002,339210240,82382848,421593088
1479645983338,339210240,82382848,421593088
1479646137402,339210240,82382848,421593088
1479646292761,339210240,82382848,421593088
1479646443345,339210240,82382848,421593088
1479646598819,339210240,82382848,421593088
1479646753943,339210240,82382848,421593088
1479646908118,339210240,82382848,421593088
1479647064254,339210240,82382848,421593088
1479647220537,339210240,82382848,421593088
1479647374857,339210240,82382848,421593088
1479647528581,339210240,82382848,421593088
1479647682809,339210240,82382848,421593088
1479647838168,339210240,82386944,421597184
1479647990936,339210240,82386944,421597184
1479648144909,337965056,82391040,420356096
1479648300172,338817024,82391040,421208064
1479648458030,338817024,82395136,421212160
1479648483041,338821120,82403328,421224448
1479648610244,338821120,82399232,421220352
1479648766544,338821120,82399232,421220352
1479648921507,338821120,82399232,421220352
1479649076219,338821120,82399232,421220352
1479649232748,338821120,82399232,421220352
1479649387338,338821120,82399232,421220352
1479649542545,338821120,82399232,421220352
1479649699817,338821120,82399232,421220352
1479649854912,338821120,82399232,421220352
1479650009959,338821120,82403328,421224448
1479650165321,338821120,82403328,421224448
1479650320464,338821120,82403328,421224448
1479650475027,338821120,82403328,421224448
1479650630048,338821120,82403328,421224448
1479650784998,338821120,82403328,421224448
1479650938809,338821120,82403328,421224448
1479651093598,338821120,82403328,421224448
1479651249248,338821120,82403328,421224448
1479651399833,338821120,82403328,421224448
1479651556487,338821120,82403328,421224448
1479651706618,338821120,82403328,421224448
1479651863499,338821120,82403328,421224448
1479652020216,338821120,82403328,421224448
1479652170027,338821120,82403328,421224448
1479652325294,338821120,82403328,421224448
1479652481131,338821120,82403328,421224448
1479652637757,338821120,82403328,421224448
1479652794494,338821120,82403328,421224448
1479652948198,337612800,82403328,420016128
1479653102245,339169280,82403328,421572608
1479653261610,339169280,82403328,421572608
1479653275921,339173376,82407424,421580800
1479653418796,339173376,82403328,421576704
1479653574027,339173376,82403328,421576704
1479653729668,339173376,82403328,421576704
1479653885621,339173376,82403328,421576704
1479654040397,339173376,82403328,421576704
1479654194859,339173376,82403328,421576704
1479654351537,339173376,82403328,421576704
1479654505831,339173376,82403328,421576704
1479654664860,339173376,82403328,421576704
1479654821234,339173376,82407424,421580800
1479654975718,339173376,82407424,421580800
1479655130520,339173376,82407424,421580800
1479655285897,339173376,82407424,421580800
1479655438678,339173376,82407424,421580800
1479655593424,339173376,82407424,421580800
1479655749605,339173376,82407424,421580800
1479655902355,339173376,82407424,421580800
1479656056024,339173376,82407424,421580800
1479656209645,339173376,82407424,421580800
1479656364343,339173376,82407424,421580800
1479656520138,339173376,82407424,421580800
1479656672050,339173376,82407424,421580800
1479656826989,339173376,82411520,421584896
1479656983175,339173376,82411520,421584896
1479657138941,339173376,82411520,421584896
1479657294784,339173376,82411520,421584896
1479657449625,339173376,82411520,421584896
1479657603599,339173376,82411520,421584896
1479657764084,337952768,82415616,420368384
1479657916456,339156992,82415616,421572608
1479658071669,339156992,82427904,421584896
1479658091347,339161088,82436096,421597184
1479658227432,339161088,82432000,421593088
1479658379401,339161088,82432000,421593088
1479658534193,339161088,82432000,421593088
1479658687891,339161088,82432000,421593088
1479658843908,339161088,82432000,421593088
1479658996039,339161088,82432000,421593088
1479659151416,339161088,82432000,421593088
1479659305248,339161088,82432000,421593088
1479659463020,339161088,82436096,421597184
1479659619274,339161088,82436096,421597184
1479659774074,339161088,82436096,421597184
1479659930443,339161088,82436096,421597184
1479660084853,339161088,82436096,421597184
1479660237382,339161088,82436096,421597184
1479660393373,339161088,82436096,421597184
1479660545126,339161088,82436096,421597184
1479660699959,339161088,82436096,421597184
1479660855280,339161088,82436096,421597184
1479661009918,339161088,82436096,421597184
1479661164779,339161088,82436096,421597184
1479661319082,339161088,82436096,421597184
1479661475042,339161088,82436096,421597184
1479661629600,339161088,82436096,421597184
1479661784456,339161088,82436096,421597184
1479661941945,339161088,82436096,421597184
1479662095351,339161088,82436096,421597184
1479662250777,339161088,82436096,421597184
1479662406364,339161088,82436096,421597184
1479662559257,337952768,82436096,420388864
1479662714228,339169280,82436096,421605376
1479662868407,339169280,82436096,421605376
1479662883553,339173376,82444288,421617664
1479663025021,339173376,82440192,421613568
1479663176135,339173376,82440192,421613568
1479663331485,339173376,82440192,421613568
1479663483427,339173376,82440192,421613568
1479663639305,339173376,82440192,421613568
1479663794446,339173376,82440192,421613568
1479663950561,339173376,82440192,421613568
1479664105011,339173376,82440192,421613568
1479664266114,339173376,82444288,421617664
1479664421340,339173376,82444288,421617664
1479664577709,339173376,82444288,421617664
1479664733492,339173376,82444288,421617664
1479664886360,339173376,82444288,421617664
1479665040352,339173376,82444288,421617664
1479665196289,339173376,82448384,421621760
1479665350941,339173376,82448384,421621760
1479665506997,339173376,82448384,421621760
1479665661441,339173376,82448384,421621760
1479665817719,339173376,82448384,421621760
1479665972618,339173376,82448384,421621760
1479666128247,339173376,82448384,421621760
1479666282488,339173376,82448384,421621760
1479666438026,339173376,82448384,421621760
1479666592603,339173376,82448384,421621760
1479666748042,339173376,82448384,421621760
1479666903177,339173376,82448384,421621760
1479667065466,339173376,82452480,421625856
1479667220287,339173376,82452480,421625856
1479667376193,339173376,82452480,421625856
1479667530507,339173376,82452480,421625856
1479667597220,339181568,82464768,421646336
1479667690883,339181568,82464768,421646336
1479667845788,339181568,82464768,421646336
1479668002146,339181568,82464768,421646336
1479668154081,339181568,82464768,421646336
1479668309334,339181568,82464768,421646336
1479668464070,339181568,82464768,421646336
1479668618900,339181568,82464768,421646336
1479668773676,339181568,82464768,421646336
1479668927773,339181568,82464768,421646336
1479669083127,339181568,82468864,421650432
1479669239346,339181568,82468864,421650432
1479669393176,339181568,82468864,421650432
1479669548829,339181568,82468864,421650432
1479669704202,339181568,82468864,421650432
1479669864071,339181568,82468864,421650432
1479670015690,339181568,82468864,421650432
1479670166979,339181568,82468864,421650432
1479670321233,339181568,82468864,421650432
1479670476633,339181568,82468864,421650432
1479670632130,339181568,82468864,421650432
1479670787177,339181568,82468864,421650432
1479670942638,339181568,82468864,421650432
1479671097858,339181568,82468864,421650432
1479671253123,339181568,82468864,421650432
1479671408412,339181568,82468864,421650432
1479671564586,339181568,82468864,421650432
1479671719612,339181568,82468864,421650432
1479671874292,339181568,82468864,421650432
1479672029356,339181568,82468864,421650432
1479672184763,338821120,82468864,421289984
1479672339710,338821120,82468864,421289984
1479672377968,338829312,82477056,421306368
1479672495080,338829312,82472960,421302272
1479672649975,338829312,82472960,421302272
1479672805323,338829312,82472960,421302272
1479672965438,338829312,82472960,421302272
1479673121797,338829312,82472960,421302272
1479673276899,338829312,82472960,421302272
1479673433434,338829312,82472960,421302272
1479673583720,338829312,82472960,421302272
1479673739431,338829312,82472960,421302272
1479673894323,338829312,82472960,421302272
1479674049257,338829312,82472960,421302272
1479674205472,338829312,82472960,421302272
1479674360598,338829312,82472960,421302272
1479674516262,338829312,82472960,421302272
1479674670091,338829312,82472960,421302272
1479674824326,338829312,82472960,421302272
1479674980404,338829312,82472960,421302272
1479675136334,338829312,82477056,421306368
1479675293351,338829312,82477056,421306368
1479675448806,338829312,82477056,421306368
1479675602017,338829312,82477056,421306368
1479675763292,338829312,82477056,421306368
1479675914224,338829312,82477056,421306368
1479676070240,338829312,82477056,421306368
1479676224543,338829312,82481152,421310464
1479676378228,338829312,82481152,421310464
1479676534403,338829312,82481152,421310464
1479676691476,338829312,82481152,421310464
1479676846417,338829312,82481152,421310464
1479676998196,339185664,82481152,421666816
1479677155192,339185664,82485248,421670912
1479677170702,339189760,82493440,421683200
1479677314690,339189760,82493440,421683200
1479677465476,339189760,82493440,421683200
1479677621681,339189760,82493440,421683200
1479677777218,339189760,82493440,421683200
1479677933584,339189760,82493440,421683200
1479678084723,339189760,82493440,421683200
1479678240532,339189760,82493440,421683200
1479678390730,339189760,82493440,421683200
1479678546384,339189760,82497536,421687296
1479678702451,339189760,82497536,421687296
1479678854140,339189760,82497536,421687296
1479679005713,339189760,82497536,421687296
1479679166883,339189760,82497536,421687296
1479679319976,339189760,82497536,421687296
1479679474405,339189760,82497536,421687296
1479679627019,339189760,82497536,421687296
1479679781040,339189760,82497536,421687296
1479679934268,339189760,82497536,421687296
1479680089543,339189760,82497536,421687296
1479680246169,339189760,82497536,421687296
1479680401291,339189760,82497536,421687296
1479680555795,339189760,82497536,421687296
1479680710765,339189760,82497536,421687296
1479680865186,339189760,82497536,421687296
1479681020643,339189760,82497536,421687296
1479681177632,339189760,82497536,421687296
1479681333586,339189760,82497536,421687296
1479681485580,339189760,82497536,421687296
1479681641577,339189760,82497536,421687296
1479681796754,339189760,82497536,421687296
1479681949183,339189760,82497536,421687296
1479681979289,339193856,82505728,421699584
1479682104621,339193856,82501632,421695488
1479682265397,339193856,82501632,421695488
1479682420597,339193856,82501632,421695488
1479682574837,339193856,82501632,421695488
1479682729115,339193856,82501632,421695488
1479682882589,339193856,82501632,421695488
1479683037676,339193856,82501632,421695488
1479683194129,339193856,82501632,421695488
1479683348792,339193856,82505728,421699584
1479683504172,339193856,82505728,421699584
1479683664243,339193856,82505728,421699584
1479683819004,339193856,82505728,421699584
1479683974421,339193856,82505728,421699584
1479684130686,339193856,82505728,421699584
1479684285261,339193856,82505728,421699584
1479684440868,339193856,82505728,421699584
1479684596216,339193856,82505728,421699584
1479684751605,339193856,82505728,421699584
1479684906495,339193856,82505728,421699584
1479685066410,339193856,82509824,421703680
1479685221242,339193856,82509824,421703680
1479685375142,339193856,82509824,421703680
1479685525953,339193856,82509824,421703680
1479685681091,339193856,82509824,421703680
1479685836796,339193856,82509824,421703680
1479685991295,339193856,82513920,421707776
1479686144299,339193856,82513920,421707776
1479686298187,339193856,82513920,421707776
1479686454167,339193856,82513920,421707776
1479686605869,338857984,82513920,421371904
1479686767037,338857984,82513920,421371904
1479686789277,338862080,82526208,421388288
1479686928179,338862080,82522112,421384192
1479687074923,338862080,82522112,421384192
1479687229743,338862080,82522112,421384192
1479687380339,338862080,82522112,421384192
1479687535650,338862080,82522112,421384192
1479687691183,338862080,82522112,421384192
1479687846240,338862080,82522112,421384192
1479688002080,338862080,82522112,421384192
1479688156346,338862080,82526208,421388288
1479688313613,338862080,82526208,421388288
1479688467780,338862080,82526208,421388288
1479688623778,338862080,82526208,421388288
1479688778613,338862080,82526208,421388288
1479688933865,338862080,82526208,421388288
1479689086403,338862080,82526208,421388288
1479689247584,338862080,82526208,421388288
1479689399083,338862080,82526208,421388288
1479689556932,338862080,82526208,421388288
1479689711388,338862080,82526208,421388288
1479689867389,338862080,82526208,421388288
1479690022363,338862080,82526208,421388288
1479690177658,338862080,82526208,421388288
1479690332743,338862080,82526208,421388288
1479690487011,338862080,82526208,421388288
1479690639904,338862080,82526208,421388288
1479690795160,338862080,82526208,421388288
1479690950594,338862080,82526208,421388288
1479691106081,338862080,82526208,421388288
1479691267351,337649664,82526208,420175872
1479691421866,339197952,82526208,421724160
1479691577213,339197952,82526208,421724160
1479691599674,339202048,82530304,421732352
1479691732537,339202048,82591744,421793792
1479691888073,339202048,82591744,421793792
1479692044040,339202048,82591744,421793792
1479692201999,339202048,82591744,421793792
1479692356836,339202048,82591744,421793792
1479692509394,339202048,82591744,421793792
1479692665063,339202048,82591744,421793792
1479692816392,339202048,82591744,421793792
1479692971423,339202048,82591744,421793792
1479693127432,339202048,82591744,421793792
1479693278889,339202048,82591744,421793792
1479693434613,339202048,82591744,421793792
1479693590734,339202048,82591744,421793792
1479693746488,339202048,82591744,421793792
1479693902009,339202048,82591744,421793792
1479694057287,339202048,82591744,421793792
1479694212467,339202048,82591744,421793792
1479694366390,339202048,82591744,421793792
1479694521462,339202048,82591744,421793792
1479694676884,339202048,82591744,421793792
1479694832386,339202048,82591744,421793792
1479694988571,339202048,82591744,421793792
1479695143837,339202048,82591744,421793792
1479695295603,339202048,82591744,421793792
1479695450895,339202048,82591744,421793792
1479695606985,339202048,82591744,421793792
1479695766012,339202048,82591744,421793792
1479695921541,339202048,82591744,421793792
1479696076820,337985536,82591744,420577280
1479696232960,339308544,82591744,421900288
1479696387239,339308544,82591744,421900288
1479696426031,339312640,82599936,421912576
1479696550923,339312640,82595840,421908480
1479696699115,339312640,82595840,421908480
1479696852787,339312640,82595840,421908480
1479697008006,339312640,82595840,421908480
1479697163069,339312640,82595840,421908480
1479697318994,339312640,82595840,421908480
1479697474733,339312640,82595840,421908480
1479697629949,339312640,82595840,421908480
1479697783489,339312640,82595840,421908480
1479697938916,339312640,82595840,421908480
1479698093798,339312640,82595840,421908480
1479698249976,339312640,82595840,421908480
1479698404397,339312640,82595840,421908480
1479698565834,339312640,82595840,421908480
1479698717790,339312640,82595840,421908480
1479698872556,339312640,82595840,421908480
1479699027892,339312640,82595840,421908480
1479699180830,339312640,82595840,421908480
1479699335918,339312640,82595840,421908480
1479699489664,339312640,82595840,421908480
1479699642431,339312640,82595840,421908480
1479699795293,339312640,82595840,421908480
1479699949931,339312640,82595840,421908480
1479700104102,339312640,82595840,421908480
1479700264479,339312640,82595840,421908480
1479700419978,339312640,82595840,421908480
1479700581171,339312640,82595840,421908480
1479700735012,339312640,82595840,421908480
1479700890511,338108416,82595840,420704256
1479701046356,339320832,82595840,421916672
1479701201045,339320832,82595840,421916672
1479701215498,339324928,82599936,421924864
1479701356361,339324928,82595840,421920768
1479701512360,339324928,82595840,421920768
1479701666516,339324928,82595840,421920768
1479701822375,339324928,82595840,421920768
1479701978054,339324928,82595840,421920768
1479702134358,339324928,82595840,421920768
1479702289353,339324928,82595840,421920768
1479702444526,339324928,82595840,421920768
1479702599493,339324928,82595840,421920768
1479702756947,339324928,82595840,421920768
1479702910304,339324928,82595840,421920768
1479703066525,339324928,82595840,421920768
1479703222659,339324928,82595840,421920768
1479703375230,339324928,82595840,421920768
1479703525657,339324928,82595840,421920768
1479703680121,339324928,82595840,421920768
1479703835021,339324928,82595840,421920768
1479703989472,339324928,82595840,421920768
1479704144462,339324928,82595840,421920768
1479704301046,339324928,82595840,421920768
1479704455553,339324928,82595840,421920768
1479704610793,339324928,82595840,421920768
1479704765065,339324928,82595840,421920768
1479704920727,339324928,82595840,421920768
1479705075612,339324928,82595840,421920768
1479705231930,339324928,82595840,421920768
1479705386265,339324928,82595840,421920768
1479705542650,339324928,82595840,421920768
1479705697855,338120704,82595840,420716544
1479705852764,339329024,82595840,421924864
1479706008155,339329024,82595840,421924864
1479706041540,340058112,82608128,422666240
1479706168575,340058112,82604032,422662144
1479706316173,340058112,82604032,422662144
1479706472528,340058112,82604032,422662144
1479706628160,340058112,82604032,422662144
1479706782466,340058112,82604032,422662144
1479706936738,340058112,82604032,422662144
1479707092062,340058112,82604032,422662144
1479707248035,340058112,82604032,422662144
1479707400792,340058112,82604032,422662144
1479707556212,340058112,82604032,422662144
1479707710086,340058112,82604032,422662144
1479707865945,340058112,82604032,422662144
1479708021542,340058112,82604032,422662144
1479708176816,340058112,82604032,422662144
1479708329977,340058112,82604032,422662144
1479708483528,340058112,82604032,422662144
1479708636291,340058112,82604032,422662144
1479708792087,340058112,82604032,422662144
1479708946964,340058112,82604032,422662144
1479709097550,340058112,82604032,422662144
1479709252066,340058112,82604032,422662144
1479709403623,340058112,82604032,422662144
1479709565541,340058112,82604032,422662144
1479709715580,340058112,82604032,422662144
1479709872582,340058112,82604032,422662144
1479710024780,340058112,82604032,422662144
1479710181389,340058112,82604032,422662144
1479710338194,340058112,82604032,422662144
1479710490964,338853888,82604032,421457920
1479710645601,338923520,82604032,421527552
1479710796191,338989056,82612224,421601280
1479710957519,338989056,82608128,421597184
1479711113116,338989056,82608128,421597184
1479711264562,338989056,82608128,421597184
1479711420439,338989056,82608128,421597184
1479711576368,338989056,82608128,421597184
1479711730081,338989056,82608128,421597184
1479711883702,338989056,82608128,421597184
1479712038889,338989056,82608128,421597184
1479712194167,338989056,82612224,421601280
1479712350505,338989056,82612224,421601280
1479712504878,338989056,82612224,421601280
1479712665100,338989056,82612224,421601280
1479712821151,338989056,82612224,421601280
1479712975998,338989056,82612224,421601280
1479713130952,338989056,82612224,421601280
1479713284223,338989056,82612224,421601280
1479713439537,338989056,82612224,421601280
1479713594797,338989056,82612224,421601280
1479713751955,338989056,82612224,421601280
1479713906114,338989056,82612224,421601280
1479714062919,338989056,82612224,421601280
1479714219936,338989056,82612224,421601280
1479714374097,338989056,82612224,421601280
1479714528699,338989056,82612224,421601280
1479714683527,338989056,82612224,421601280
1479714838991,338989056,82612224,421601280
1479714994157,338989056,82612224,421601280
1479715150112,338989056,82612224,421601280
1479715305574,337760256,82612224,420372480
1479715465258,339001344,82612224,421613568
1479715616431,339001344,82612224,421613568
1479715622093,339005440,82616320,421621760
1479715772629,339005440,82616320,421621760
1479715933025,339005440,82616320,421621760
1479716083432,339005440,82616320,421621760
1479716238795,339005440,82616320,421621760
1479716395166,339005440,82616320,421621760
1479716549849,339005440,82616320,421621760
1479716704022,339005440,82616320,421621760
1479716864858,339005440,82620416,421625856
1479717016357,339005440,82620416,421625856
1479717167732,339005440,82620416,421625856
1479717323829,339005440,82620416,421625856
1479717479766,339005440,82620416,421625856
1479717634595,339005440,82620416,421625856
1479717788126,339005440,82620416,421625856
1479717942842,339005440,82620416,421625856
1479718098352,339005440,82620416,421625856
1479718252106,339005440,82620416,421625856
1479718403938,339005440,82620416,421625856
1479718560128,339005440,82620416,421625856
1479718714985,339005440,82620416,421625856
1479718870293,339005440,82620416,421625856
1479719024962,339005440,82620416,421625856
1479719180039,339005440,82620416,421625856
1479719340550,339005440,82620416,421625856
1479719494829,339005440,82620416,421625856
1479719649119,339005440,82620416,421625856
1479719804735,339005440,82624512,421629952
1479719965982,339005440,82624512,421629952
1479720119048,337760256,82624512,420384768
1479720273514,339009536,82624512,421634048
1479720424455,339009536,82628608,421638144
1479720588893,339009536,82624512,421634048
1479720745648,339009536,82624512,421634048
1479720900996,339009536,82624512,421634048
1479721055072,339009536,82624512,421634048
1479721211164,339009536,82624512,421634048
1479721365095,339009536,82624512,421634048
1479721521516,339009536,82628608,421638144
1479721677106,339009536,82628608,421638144
1479721831487,339009536,82632704,421642240
1479721986920,339009536,82632704,421642240
1479722141742,339009536,82632704,421642240
1479722297743,339009536,82632704,421642240
1479722452058,339009536,82632704,421642240
1479722608026,339009536,82632704,421642240
1479722767260,339009536,82632704,421642240
1479722921586,339009536,82632704,421642240
1479723075935,339009536,82632704,421642240
1479723229758,339009536,82632704,421642240
1479723385011,339009536,82632704,421642240
1479723541447,339009536,82632704,421642240
1479723695731,339009536,82632704,421642240
1479723850455,339009536,82632704,421642240
1479724003084,339009536,82632704,421642240
1479724157500,339009536,82632704,421642240
1479724313370,339009536,82632704,421642240
1479724468217,339009536,82632704,421642240
1479724623467,339009536,82632704,421642240
1479724780847,339009536,82636800,421646336
1479724934773,338075648,82640896,420716544
1479725087846,339349504,82640896,421990400
1479725238237,339349504,82644992,421994496
1479725398360,339349504,82640896,421990400
1479725551236,339349504,82640896,421990400
1479725707374,339349504,82653184,422002688
1479725873800,339349504,82653184,422002688
1479726022266,339349504,82653184,422002688
1479726177411,339349504,82653184,422002688
1479726330076,339349504,82653184,422002688
1479726485599,339349504,82653184,422002688
1479726641373,339349504,82653184,422002688
1479726796245,339349504,82657280,422006784
1479726951292,339349504,82657280,422006784
1479727106802,339349504,82657280,422006784
1479727267518,339349504,82657280,422006784
1479727420308,339349504,82657280,422006784
1479727574191,339349504,82657280,422006784
1479727728977,339349504,82657280,422006784
1479727884868,339349504,82657280,422006784
1479728040462,339349504,82657280,422006784
1479728196776,339349504,82657280,422006784
1479728350647,339349504,82657280,422006784
1479728506699,339349504,82657280,422006784
1479728665803,339349504,82657280,422006784
1479728822304,339349504,82657280,422006784
1479728973116,339349504,82657280,422006784
1479729125098,339349504,82657280,422006784
1479729280390,339349504,82657280,422006784
1479729434359,339349504,82657280,422006784
1479729589273,339349504,82657280,422006784
1479729745812,338112512,82657280,420769792
1479729900671,339349504,82661376,422010880
1479730050216,339349504,82665472,422014976
1479730212068,339349504,82661376,422010880
1479730366368,339349504,82661376,422010880
1479730517753,339349504,82661376,422010880
1479730678835,339349504,82661376,422010880
1479730832509,339349504,82661376,422010880
1479730986466,339349504,82661376,422010880
1479731143017,339349504,82661376,422010880
1479731299424,339349504,82661376,422010880
1479731453943,339349504,82661376,422010880
1479731609150,339349504,82661376,422010880
1479731764437,339349504,82665472,422014976
1479731919828,339349504,82665472,422014976
1479732075509,339349504,82665472,422014976
1479732231980,339349504,82665472,422014976
1479732384066,339349504,82665472,422014976
1479732540580,339349504,82665472,422014976
1479732695504,339349504,82665472,422014976
1479732849727,339349504,82665472,422014976
1479733005293,339349504,82665472,422014976
1479733164442,339349504,82665472,422014976
1479733320082,339349504,82665472,422014976
1479733474202,339349504,82665472,422014976
1479733630579,339349504,82665472,422014976
1479733784905,339349504,82665472,422014976
1479733940266,339349504,82665472,422014976
1479734095426,339349504,82665472,422014976
1479734251064,339349504,82665472,422014976
1479734406287,339349504,82665472,422014976
1479734568001,338771968,82665472,421437440
1479734722015,339337216,82665472,422002688
1479734876684,339337216,82669568,422006784
1479734895997,339337216,82677760,422014976
1479735028707,339337216,82673664,422010880
1479735183793,339337216,82673664,422010880
1479735339907,339337216,82677760,422014976
1479735495012,339337216,82677760,422014976
1479735656206,339337216,82681856,422019072
1479735805256,339337216,82681856,422019072
1479735957410,339337216,82681856,422019072
1479736112980,339337216,82681856,422019072
1479736267054,339337216,82681856,422019072
1479736423324,339337216,82685952,422023168
1479736575197,339337216,82685952,422023168
1479736729169,339337216,82685952,422023168
1479736884569,339337216,82685952,422023168
1479737040427,339337216,82685952,422023168
1479737194245,339337216,82685952,422023168
1479737350552,339337216,82685952,422023168
1479737504524,339337216,82685952,422023168
1479737664810,339337216,82685952,422023168
1479737820103,339337216,82685952,422023168
1479737975810,339337216,82685952,422023168
1479738132194,339337216,82685952,422023168
1479738286734,339337216,82685952,422023168
1479738441661,339337216,82685952,422023168
1479738596797,339337216,82685952,422023168
1479738753630,339337216,82685952,422023168
1479738906489,339337216,82685952,422023168
1479739066429,339337216,82685952,422023168
1479739222843,339337216,82685952,422023168
1479739378108,339316736,82685952,422002688
1479739538778,339316736,82685952,422002688
1479739587983,339316736,82694144,422010880
1479739695390,339316736,82690048,422006784
1479739850538,339316736,82690048,422006784
1479740006394,339316736,82690048,422006784
1479740165831,339316736,82690048,422006784
1479740321379,339316736,82690048,422006784
1479740476754,339316736,82690048,422006784
1479740632980,339316736,82690048,422006784
1479740787221,339316736,82690048,422006784
1479740943163,339316736,82690048,422006784
1479741098742,339316736,82690048,422006784
1479741254190,339316736,82694144,422010880
1479741408401,339316736,82694144,422010880
1479741563548,339316736,82698240,422014976
1479741718804,339316736,82698240,422014976
1479741874701,339316736,82698240,422014976
1479742029865,339316736,82698240,422014976
1479742185554,339316736,82698240,422014976
1479742338189,339316736,82698240,422014976
1479742494479,339316736,82698240,422014976
1479742646062,339316736,82698240,422014976
1479742799395,339316736,82698240,422014976
1479742955570,339316736,82698240,422014976
1479743108636,339316736,82698240,422014976
1479743263784,339316736,82698240,422014976
1479743420991,339316736,82698240,422014976
1479743570945,339316736,82698240,422014976
1479743725869,339316736,82698240,422014976
1479743881460,339316736,82698240,422014976
1479744035331,339316736,82698240,422014976
1479744190460,339329024,82698240,422027264
1479744347191,339329024,82698240,422027264
1479744365458,339329024,82710528,422039552
1479744502675,339329024,82706432,422035456
1479744657430,339329024,82706432,422035456
1479744813701,339329024,82710528,422039552
1479744966356,339329024,82714624,422043648
1479745121864,339329024,82718720,422047744
1479745285656,339329024,82718720,422047744
1479745431380,339329024,82718720,422047744
1479745586905,339329024,82718720,422047744
1479745737982,339329024,82718720,422047744
1479745893086,339329024,82718720,422047744
1479746047637,339329024,82722816,422051840
1479746202945,339329024,82722816,422051840
1479746357284,339329024,82722816,422051840
1479746512947,339329024,82722816,422051840
1479746668718,339329024,82722816,422051840
1479746822454,339329024,82722816,422051840
1479746976639,339329024,82722816,422051840
1479747128270,339329024,82722816,422051840
1479747284282,339329024,82722816,422051840
1479747438565,339329024,82722816,422051840
1479747594443,339329024,82722816,422051840
1479747746883,339329024,82722816,422051840
1479747898592,339329024,82722816,422051840
1479748049878,339329024,82722816,422051840
1479748204903,339329024,82722816,422051840
1479748364699,339329024,82722816,422051840
1479748517990,339329024,82722816,422051840
1479748673621,339329024,82722816,422051840
1479748827354,339329024,82722816,422051840
1479748983619,339005440,82722816,421728256
1479749139029,339005440,82722816,421728256
1479749173119,339005440,82731008,421736448
1479749295239,339005440,82726912,421732352
1479749446547,339005440,82726912,421732352
1479749602114,339005440,82726912,421732352
1479749756934,339005440,82726912,421732352
1479749912567,339005440,82726912,421732352
1479750068288,339005440,82726912,421732352
1479750222536,339005440,82726912,421732352
1479750378139,339005440,82726912,421732352
1479750533366,339005440,82726912,421732352
1479750688793,339005440,82726912,421732352
1479750845013,339005440,82726912,421732352
1479751000114,339005440,82726912,421732352
1479751154009,339005440,82731008,421736448
1479751309338,339005440,82731008,421736448
1479751465806,339005440,82731008,421736448
1479751620028,339005440,82731008,421736448
1479751775379,339005440,82731008,421736448
1479751930184,339005440,82731008,421736448
1479752085792,339005440,82731008,421736448
1479752241000,339005440,82731008,421736448
1479752396259,339005440,82731008,421736448
1479752551571,339005440,82731008,421736448
1479752707819,339005440,82731008,421736448
1479752868143,339005440,82731008,421736448
1479753022463,339005440,82731008,421736448
1479753178068,339005440,82731008,421736448
1479753332414,339005440,82731008,421736448
1479753486819,339005440,82731008,421736448
1479753638915,339005440,82731008,421736448
1479753794756,339341312,82735104,422076416
1479753949269,339341312,82735104,422076416
1479753971772,339341312,82743296,422084608
1479754104235,339341312,82739200,422080512
1479754264309,339341312,82743296,422084608
1479754419643,339341312,82747392,422088704
1479754569845,339341312,82751488,422092800
1479754732816,339341312,82751488,422092800
1479754880697,339341312,82751488,422092800
1479755036064,339341312,82751488,422092800
1479755190488,339341312,82751488,422092800
1479755346000,339341312,82751488,422092800
1479755501050,339341312,82751488,422092800
1479755656144,339341312,82751488,422092800
1479755811130,339341312,82751488,422092800
1479755964694,339341312,82751488,422092800
1479756120713,339341312,82751488,422092800
1479756276065,339341312,82751488,422092800
1479756436642,339341312,82751488,422092800
1479756590799,339341312,82751488,422092800
1479756746817,339341312,82751488,422092800
1479756899606,339341312,82751488,422092800
1479757056676,339341312,82751488,422092800
1479757210967,339341312,82751488,422092800
1479757366073,339341312,82751488,422092800
1479757521083,339341312,82751488,422092800
1479757676050,339341312,82751488,422092800
1479757832178,339341312,82751488,422092800
1479757986706,339341312,82751488,422092800
1479758137877,339341312,82751488,422092800
1479758293565,339341312,82751488,422092800
1479758445727,339341312,82751488,422092800
1479758600931,339374080,82751488,422125568
1479758756596,339374080,82751488,422125568
1479758773301,339374080,82759680,422133760
1479758911413,339374080,82755584,422129664
1479759066593,339374080,82755584,422129664
1479759221418,339374080,82755584,422129664
1479759376574,339374080,82755584,422129664
1479759532417,339374080,82755584,422129664
1479759687826,339374080,82755584,422129664
1479759841452,339374080,82759680,422133760
1479759996895,339374080,82759680,422133760
1479760151837,339374080,82759680,422133760
1479760304964,339374080,82759680,422133760
1479760465490,339374080,82759680,422133760
1479760620923,339374080,82759680,422133760
1479760776329,339374080,82759680,422133760
1479760931215,339374080,82759680,422133760
1479761086403,339374080,82763776,422137856
1479761241293,339374080,82763776,422137856
1479761396716,339374080,82763776,422137856
1479761551625,339374080,82763776,422137856
1479761707043,339374080,82763776,422137856
1479761867450,339374080,82763776,422137856
1479762022610,339374080,82763776,422137856
1479762178067,339374080,82763776,422137856
1479762334139,339374080,82763776,422137856
1479762488637,339374080,82763776,422137856
1479762643953,339374080,82763776,422137856
1479762796556,339374080,82763776,422137856
1479762948448,339374080,82763776,422137856
1479763103590,339374080,82763776,422137856
1479763266030,338153472,82763776,420917248
1479763420491,339345408,82763776,422109184
1479763576323,339345408,82767872,422113280
1479763582711,339345408,82776064,422121472
1479763730962,339345408,82771968,422117376
1479763885515,339345408,82771968,422117376
1479764040629,339345408,82776064,422121472
1479764197142,339345408,82784256,422129664
1479764357463,339345408,82784256,422129664
1479764506136,339345408,82784256,422129664
1479764666420,339345408,82788352,422133760
1479764820881,339345408,82788352,422133760
1479764976707,339345408,82788352,422133760
1479765130987,339345408,82788352,422133760
1479765286108,339345408,82788352,422133760
1479765440911,339345408,82788352,422133760
1479765596515,339345408,82788352,422133760
1479765750548,339345408,82788352,422133760
1479765907273,339345408,82788352,422133760
1479766066269,339345408,82788352,422133760
1479766222112,339345408,82788352,422133760
1479766377725,339345408,82788352,422133760
1479766532050,339345408,82788352,422133760
1479766686974,339345408,82788352,422133760
1479766841936,339345408,82788352,422133760
1479766996627,339345408,82788352,422133760
1479767150510,339345408,82788352,422133760
1479767306896,339345408,82788352,422133760
1479767466343,339345408,82788352,422133760
1479767621445,339345408,82788352,422133760
1479767777671,339345408,82788352,422133760
1479767932382,339345408,82788352,422133760
1479768085625,338137088,82788352,420925440
1479768241415,338980864,82788352,421769216
1479768395869,338980864,82788352,421769216
1479768402433,338980864,82796544,421777408
1479768551185,338980864,82792448,421773312
1479768707845,338980864,82792448,421773312
1479768866045,338980864,82792448,421773312
1479769021528,338980864,82792448,421773312
1479769174431,338980864,82792448,421773312
1479769327921,338980864,82792448,421773312
1479769482325,338980864,82796544,421777408
1479769639002,338980864,82796544,421777408
1479769791716,338980864,82796544,421777408
1479769944740,338980864,82796544,421777408
1479770099656,338980864,82796544,421777408
1479770256065,338980864,82796544,421777408
1479770410944,338980864,82796544,421777408
1479770565835,338980864,82796544,421777408
1479770717028,338980864,82796544,421777408
1479770873908,338980864,82800640,421781504
1479771025705,338980864,82800640,421781504
1479771177426,338980864,82800640,421781504
1479771332507,338980864,82800640,421781504
1479771488096,338980864,82800640,421781504
1479771645064,338980864,82800640,421781504
1479771796293,338980864,82800640,421781504
1479771951156,338980864,82800640,421781504
1479772105475,338980864,82800640,421781504
1479772265611,338980864,82800640,421781504
1479772421748,338980864,82800640,421781504
1479772574557,338980864,82800640,421781504
1479772730495,338980864,82800640,421781504
1479772884964,337772544,82800640,420573184
1479773040092,339324928,82800640,422125568
1479773191886,339324928,82817024,422141952
1479773350154,339324928,82812928,422137856
1479773507001,339324928,82812928,422137856
1479773662071,339324928,82812928,422137856
1479773817551,339324928,82812928,422137856
1479773971927,339324928,82812928,422137856
1479774136212,339324928,82817024,422141952
1479774281750,339324928,82821120,422146048
1479774436052,339324928,82821120,422146048
1479774591072,339324928,82821120,422146048
1479774747441,339324928,82821120,422146048
1479774904039,339324928,82821120,422146048
1479775059836,339324928,82821120,422146048
1479775214421,339324928,82821120,422146048
1479775369999,339324928,82821120,422146048
1479775525863,339324928,82821120,422146048
1479775677986,339324928,82821120,422146048
1479775833619,339324928,82821120,422146048
1479775986186,339324928,82821120,422146048
1479776141125,339324928,82821120,422146048
1479776296415,339324928,82821120,422146048
1479776451094,339324928,82821120,422146048
1479776606248,339324928,82821120,422146048
1479776767009,339324928,82821120,422146048
1479776922328,339324928,82821120,422146048
1479777076492,339324928,82821120,422146048
1479777230162,339324928,82821120,422146048
1479777385906,339324928,82821120,422146048
1479777540735,339324928,82821120,422146048
1479777692312,338108416,82821120,420929536
1479777847630,339316736,82821120,422137856
1479778004123,339316736,82821120,422137856
1479778014398,339316736,82829312,422146048
1479778164374,339316736,82825216,422141952
1479778320396,339316736,82825216,422141952
1479778475881,338112512,82825216,420937728
1479778631030,339824640,82825216,422649856
1479778784224,339828736,82825216,422653952
1479778789931,339894272,82829312,422723584
1479778790951,339894272,82833408,422727680
1479778824346,339947520,82829312,422776832
1479778825767,339947520,82833408,422780928
1479778827083,339947520,82833408,422780928
1479778828259,339947520,82833408,422780928
1479778829414,339947520,82833408,422780928
1479778830544,339947520,82833408,422780928
1479778831673,339947520,82833408,422780928
1479778832807,338845696,82833408,421679104
1479778833956,336162816,82833408,418996224
1479778835150,333008896,82833408,415842304
1479778836284,330936320,82833408,413769728
1479778837413,329129984,82833408,411963392
1479778838556,329129984,82833408,411963392
1479778839698,329129984,82833408,411963392
1479778840820,329129984,82833408,411963392
1479778841944,329129984,82833408,411963392
1479778843095,329129984,82833408,411963392
1479778844243,329129984,82833408,411963392
1479778845376,329129984,82833408,411963392
1479778846512,329129984,82837504,411967488
1479778847625,329129984,82837504,411967488
1479778848725,329129984,82837504,411967488
1479778849861,329129984,82841600,411971584
1479778850975,329129984,82841600,411971584
1479778852104,329129984,82841600,411971584
1479778853213,329129984,82841600,411971584
1479778854353,329129984,82845696,411975680
1479778855479,328212480,82845696,411058176
1479778856593,327229440,82845696,410075136
1479778857712,327229440,82845696,410075136
1479778863801,324718592,82849792,407568384
1479778864979,314712064,82853888,397565952
1479778866065,314712064,82853888,397565952
1479778867136,314712064,82853888,397565952
1479778868212,314712064,82853888,397565952
1479778869291,314753024,82853888,397606912
1479778870381,314822656,82853888,397676544
1479778871465,315080704,82853888,397934592
1479778872545,315269120,82853888,398123008
1479778873629,315269120,82853888,398123008
1479778874708,315305984,82853888,398159872
1479778875787,315355136,82853888,398209024
1479778876863,315392000,82853888,398245888
1479778877939,315461632,82853888,398315520
1479778879015,315527168,82853888,398381056
1479778880101,315588608,82853888,398442496
1479778881182,315588608,82853888,398442496
1479778882264,314806272,82853888,397660160
1479778883339,314769408,82853888,397623296
1479778884419,314834944,82853888,397688832
1479778885477,314871808,82853888,397725696
1479778886562,314900480,82853888,397754368
1479778887651,314871808,82853888,397725696
1479778888729,314871808,82853888,397725696
1479778889821,314871808,82853888,397725696
1479778890896,314871808,82853888,397725696
1479778891971,314871808,82853888,397725696
1479778893039,314871808,82853888,397725696
1479778894112,314871808,82853888,397725696
1479778895194,314871808,82853888,397725696
1479778896272,314871808,82853888,397725696
1479778897348,314871808,82853888,397725696
1479778898425,314871808,82853888,397725696
1479778899509,314871808,82857984,397729792
1479778900593,314871808,82862080,397733888
1479778901666,314871808,82862080,397733888
1479778902729,314871808,82862080,397733888
1479778903808,314871808,82862080,397733888
1479778904881,314871808,82862080,397733888
1479778905972,314871808,82862080,397733888
1479778907054,314871808,82862080,397733888
1479778908133,314871808,82862080,397733888
1479778909215,314871808,82862080,397733888
1479778910290,314871808,82862080,397733888
1479778911359,314871808,82862080,397733888
1479778912439,314871808,82862080,397733888
1479778913519,314871808,82862080,397733888
1479778914602,314871808,82862080,397733888
1479778915675,314871808,82862080,397733888
1479778916765,314871808,82862080,397733888
1479778917851,314871808,82862080,397733888
1479778918938,314871808,82862080,397733888
1479778920025,314871808,82862080,397733888
1479778921100,314871808,82862080,397733888
1479778922178,314871808,82862080,397733888
1479778923268,314871808,82862080,397733888
1479778924378,314871808,82866176,397737984
1479778925454,314871808,82866176,397737984
1479778926528,314871808,82866176,397737984
1479778927614,314871808,82870272,397742080
1479778928691,314871808,82870272,397742080
1479778929807,314871808,82870272,397742080
1479778930913,314871808,82870272,397742080
1479778931983,314871808,82870272,397742080
1479778933130,314871808,82882560,397754368
1479778937481,314871808,82886656,397758464
1479778938630,314871808,82886656,397758464
1479778939736,314871808,82886656,397758464
1479778940839,314871808,82886656,397758464
1479778941954,314871808,82886656,397758464
1479778943074,314871808,82886656,397758464
1479778944150,314871808,82886656,397758464
1479778945272,314871808,82886656,397758464
1479778946398,314871808,82886656,397758464
1479778947476,314871808,82886656,397758464
1479778948578,314871808,82886656,397758464
1479778949651,314871808,82886656,397758464
1479778950769,314871808,82886656,397758464
1479778952257,314871808,82886656,397758464
1479778953666,314871808,82886656,397758464
1479778954675,314871808,82886656,397758464
1479778955520,314871808,82886656,397758464
1479778956308,314871808,82886656,397758464
1479778957112,314871808,82886656,397758464
1479778957925,314871808,82886656,397758464
1479778958715,314871808,82886656,397758464
1479778959496,314871808,82886656,397758464
1479778960346,314871808,82886656,397758464
1479778961170,314871808,82886656,397758464
1479778961990,314871808,82886656,397758464
1479778962773,314871808,82886656,397758464
1479778963578,314871808,82886656,397758464
1479778964390,314871808,82886656,397758464
1479778965204,314871808,82886656,397758464
1479778965981,314871808,82886656,397758464
1479778966777,314871808,82886656,397758464
1479778967586,314871808,82890752,397762560
1479778969113,314871808,82890752,397762560
1479778970374,314871808,82894848,397766656
1479778971237,314871808,82894848,397766656
1479778972128,314871808,82894848,397766656
1479778972984,314871808,82894848,397766656
1479778973882,314871808,82894848,397766656
1479778974766,314871808,82894848,397766656
1479778975554,314871808,82894848,397766656
1479778976342,314871808,82894848,397766656
1479778977138,314871808,82894848,397766656
1479778977947,314871808,82894848,397766656
1479778978749,314871808,82894848,397766656
1479778979544,314871808,82894848,397766656
1479778980339,314867712,82894848,397762560
1479778981156,314867712,82894848,397762560
1479778981971,314867712,82894848,397762560
1479778982804,314867712,82894848,397762560
1479778983618,314867712,82894848,397762560
1479778984444,314867712,82894848,397762560
1479778985231,314867712,82894848,397762560
1479778985999,314867712,82894848,397762560
1479778986793,314867712,82894848,397762560
1479778987597,314867712,82894848,397762560
1479778988409,314867712,82894848,397762560
1479778989190,314867712,82894848,397762560
1479778989978,314867712,82894848,397762560
1479778990788,314867712,82894848,397762560
1479778991572,314867712,82894848,397762560
1479778992340,314867712,82894848,397762560
1479778993126,314867712,82894848,397762560
1479778993923,314867712,82894848,397762560
1479778994720,314867712,82907136,397774848
1479778995524,314867712,82911232,397778944
1479778998996,304578560,82911232,387489792
1479778999930,300384256,82911232,383295488
1479779000813,298287104,82911232,381198336
1479779001646,294092800,82911232,377004032
1479779002474,291995648,82911232,374906880
1479779003355,287801344,82911232,370712576
1479779004211,283607040,82911232,366518272
1479779005090,281509888,82911232,364421120
1479779005937,277315584,82911232,360226816
1479779006776,275218432,82911232,358129664
1479779007697,271024128,82911232,353935360
1479779008564,268926976,82911232,351838208
1479779009390,264732672,82911232,347643904
1479779010239,262635520,82911232,345546752
1479779011105,258441216,82911232,341352448
1479779011949,254246912,82911232,337158144
1479779012868,252149760,82911232,335060992
1479779013713,247955456,82911232,330866688
1479779014591,245858304,82911232,328769536
1479779015468,241664000,82911232,324575232
1479779016349,239566848,82911232,322478080
1479779017208,235372544,82911232,318283776
1479779018127,231178240,82911232,314089472
1479779019030,229081088,82911232,311992320
1479779019941,224886784,82911232,307798016
1479779020785,220692480,82911232,303603712
1479779021628,218595328,82911232,301506560
1479779022522,214401024,82911232,297312256
1479779023439,212303872,82911232,295215104
1479779024319,208109568,82911232,291020800
1479779025220,203915264,82911232,286826496
1479779026065,201818112,82911232,284729344
1479779026913,197623808,82915328,280539136
1479779027885,195526656,82915328,278441984
1479779028720,191332352,82915328,274247680
1479779029566,189235200,82915328,272150528
1479779030460,185040896,82915328,267956224
1479779031296,182943744,82915328,265859072
1479779032185,178749440,82915328,261664768
1479779033074,174555136,82915328,257470464
1479779033928,172457984,82915328,255373312
1479779034787,168263680,82915328,251179008
1479779035647,166166528,82915328,249081856
1479779036504,161972224,82915328,244887552
1479779037365,159875072,82915328,242790400
1479779038289,155680768,82915328,238596096
1479779039147,151486464,82915328,234401792
1479779039989,149389312,82915328,232304640
1479779040860,145195008,82915328,228110336
1479779041706,143097856,82915328,226013184
1479779042612,138903552,82915328,221818880
1479779043495,136806400,82915328,219721728
1479779044388,132612096,82915328,215527424
1479779045236,128417792,82915328,211333120
1479779046149,126320640,82919424,209240064
1479779047034,122126336,82919424,205045760
1479779047946,117932032,82919424,200851456
1479779048815,115834880,82919424,198754304
1479779049667,111640576,82919424,194560000
1479779050516,109543424,82919424,192462848
1479779051400,105349120,82919424,188268544
1479779052254,103251968,82923520,186175488
1479779053150,99057664,82927616,181985280
1479779054020,94863360,82927616,177790976
1479779054891,92766208,82931712,175697920
1479779058256,78323712,82931712,161255424
1479779059189,78323712,82931712,161255424
1479779060058,74391552,82931712,157323264
1479779060938,72294400,82931712,155226112
1479779061789,69214208,82931712,152145920
1479779062684,65609728,82931712,148541440
1479779063560,62689280,82931712,145620992
1479779064421,60264448,82931712,143196160
1479779065272,57118720,82931712,140050432
1479779066100,54521856,82931712,137453568
1479779066934,52531200,82931712,135462912
1479779067847,50302976,82931712,133234688
1479779068674,49971200,82931712,132902912
1479779069504,47874048,82931712,130805760
1479779070367,47874048,82931712,130805760
1479779071206,47874048,82931712,130805760
1479779072038,47874048,82931712,130805760
1479779072893,47874048,82931712,130805760
1479779073854,47874048,82931712,130805760
1479779075382,47869952,82931712,130801664
1479779076616,47869952,82931712,130801664
1479779077510,47869952,82931712,130801664
1479779078370,47869952,82931712,130801664
1479779079223,47869952,82931712,130801664
1479779080117,47869952,82931712,130801664
1479779080946,47869952,82931712,130801664
1479779081779,47869952,82931712,130801664
1479779082839,47869952,82931712,130801664
1479779083904,47869952,82935808,130805760
1479779084902,47869952,82935808,130805760
1479779085798,47869952,82935808,130805760
1479779086692,47869952,82939904,130809856
1479779087679,47869952,82939904,130809856
1479779088547,47869952,82939904,130809856
1479779089392,47869952,82939904,130809856
1479779090245,47869952,82939904,130809856
1479779091087,47869952,82939904,130809856
1479779091943,47869952,82939904,130809856
1479779092875,47869952,82939904,130809856
1479779094259,47869952,82939904,130809856
1479779095835,47869952,82939904,130809856
1479779097084,47869952,82939904,130809856
1479779098254,47869952,82939904,130809856
1479779099468,47869952,82939904,130809856
1479779100614,47869952,82939904,130809856
1479779101691,47869952,82939904,130809856
1479779102582,47869952,82939904,130809856
1479779103781,47869952,82939904,130809856
1479779105080,47869952,82939904,130809856
1479779106280,47869952,82939904,130809856
1479779107437,47869952,82939904,130809856
1479779108643,47869952,82939904,130809856
1479779109873,47869952,82939904,130809856
1479779111252,47869952,82939904,130809856
1479779112543,47869952,82939904,130809856
1479779113791,47869952,82939904,130809856
1479779114770,47665152,82939904,130605056
1479779115648,46886912,82939904,129826816
1479779116485,45948928,82944000,128892928
1479779117315,44904448,82944000,127848448
1479779118210,43626496,82948096,126574592
1479779119074,42242048,82948096,125190144
1479779119952,40263680,82952192,123215872
1479779120794,39526400,82952192,122478592
1479779121660,35303424,82952192,118255616
1479779125060,28504064,82956288,111460352
1479779125949,28278784,82956288,111235072
1479779126805,27176960,82956288,110133248
1479779127631,26812416,82956288,109768704
1479779128533,25321472,82956288,108277760
1479779129391,24289280,82956288,107245568
1479779130224,23490560,82956288,106446848
1479779131066,22241280,82956288,105197568
1479779131918,20414464,82956288,103370752
1479779132735,19787776,82956288,102744064
1479779133562,18558976,82956288,101515264
1479779134372,17965056,82956288,100921344
1479779135184,17108992,82956288,100065280
1479779136022,16224256,82956288,99180544
1479779136830,15163392,82956288,98119680
1479779137649,14180352,82956288,97136640
1479779138514,13119488,82956288,96075776
1479779139361,11812864,82956288,94769152
1479779140192,10838016,82956288,93794304
1479779141007,9314304,82956288,92270592
1479779141850,7188480,82956288,90144768
1479779142682,5238784,82956288,88195072
1479779143524,3530752,82956288,86487040
1479779144361,32768,82956288,82989056
