qpc,native_working_set_bytes,wrapper_working_set_bytes,aggregate_working_set_bytes
1479861597087,13910016,81674240,95584256
1479861751803,23752704,81674240,105426944
1479861907573,35942400,81674240,117616640
1479862068128,39067648,81674240,120741888
1479862224764,208482304,81674240,290156544
1479862379900,283582464,81674240,365256704
1479862534065,283582464,81674240,365256704
1479862689373,283607040,81674240,365281280
1479862845435,284127232,81674240,365801472
1479862999749,284127232,81674240,365801472
1479863155518,284127232,81674240,365801472
1479863309750,284127232,81674240,365801472
1479863469621,284127232,81674240,365801472
1479863624721,281829376,81674240,363503616
1479863669728,282259456,81674240,363933696
1479863670640,282267648,81678336,363945984
1479863671277,282267648,81678336,363945984
1479863781246,282267648,81674240,363941888
1479863934366,282267648,81674240,363941888
1479864088623,282267648,81674240,363941888
1479864244439,282267648,81674240,363941888
1479864398427,282267648,81674240,363941888
1479864555284,282267648,81674240,363941888
1479864705097,282267648,81674240,363941888
1479864866701,282267648,81674240,363941888
1479865020276,282267648,81674240,363941888
1479865176195,282267648,81674240,363941888
1479865331227,282267648,81674240,363941888
1479865484969,282267648,81674240,363941888
1479865641435,282267648,81674240,363941888
1479865792916,282267648,81674240,363941888
1479865948221,282267648,81674240,363941888
1479866103807,282267648,81674240,363941888
1479866257906,282267648,81674240,363941888
1479866413234,282267648,81674240,363941888
1479866568427,282267648,81674240,363941888
1479866723754,282267648,81674240,363941888
1479866879937,282267648,81674240,363941888
1479867033926,282267648,81674240,363941888
1479867191026,282267648,81674240,363941888
1479867346139,282267648,81674240,363941888
1479867500724,282267648,81674240,363941888
1479867656789,282267648,81674240,363941888
1479867811184,282267648,81674240,363941888
1479867966155,282267648,81674240,363941888
1479868123208,282267648,81674240,363941888
1479868277116,282267648,81674240,363941888
1479868432928,282267648,81674240,363941888
1479868589083,282267648,81674240,363941888
1479868743424,282267648,81674240,363941888
1479868898439,282267648,81674240,363941888
1479869055255,282267648,81674240,363941888
1479869208700,282267648,81674240,363941888
1479869369402,282267648,81674240,363941888
1479869525448,282267648,81674240,363941888
1479869680287,282267648,81674240,363941888
1479869835292,282267648,81674240,363941888
1479869989772,282267648,81674240,363941888
1479870146990,282267648,81674240,363941888
1479870302020,282267648,81674240,363941888
1479870456037,282267648,81674240,363941888
1479870611649,282267648,81674240,363941888
1479870768180,282267648,81674240,363941888
1479870933437,282267648,81674240,363941888
1479871078814,282267648,81674240,363941888
1479871232756,282267648,81674240,363941888
1479871386867,282267648,81674240,363941888
1479871543105,282267648,81674240,363941888
1479871698724,282267648,81674240,363941888
1479871853330,282267648,81674240,363941888
1479872009583,282267648,81674240,363941888
1479872169708,282267648,81674240,363941888
1479872325249,282267648,81674240,363941888
1479872479049,282267648,81674240,363941888
1479872635295,282267648,81674240,363941888
1479872790402,282267648,81674240,363941888
1479872945175,282267648,81674240,363941888
1479873100668,282267648,81674240,363941888
1479873259617,282267648,81674240,363941888
1479873410872,282267648,81674240,363941888
1479873567466,282267648,81674240,363941888
1479873720882,282267648,81674240,363941888
1479873873551,282267648,81674240,363941888
1479874027862,282267648,81674240,363941888
1479874182983,282353664,81674240,364027904
1479874338040,294711296,81674240,376385536
1479874493737,298471424,81674240,380145664
1479874539285,298614784,81678336,380293120
1479874649635,298614784,81674240,380289024
1479874804998,298614784,81674240,380289024
1479874957030,298614784,81674240,380289024
1479875113105,298614784,81674240,380289024
1479875269852,298614784,81674240,380289024
1479875425369,298614784,81674240,380289024
1479875578701,298614784,81674240,380289024
1479875733640,298614784,81674240,380289024
1479875887318,298614784,81674240,380289024
1479876042941,298614784,81674240,380289024
1479876198502,298614784,81674240,380289024
1479876353672,298614784,81674240,380289024
1479876507727,298614784,81674240,380289024
1479876667346,298614784,81674240,380289024
1479876822844,298614784,81674240,380289024
1479876979476,298614784,81674240,380289024
1479877130381,298614784,81674240,380289024
1479877285297,298614784,81674240,380289024
1479877441552,298614784,81674240,380289024
1479877596950,298614784,81674240,380289024
1479877752799,298614784,81674240,380289024
1479877906593,298614784,81674240,380289024
1479878067466,298614784,81674240,380289024
1479878227585,298614784,81674240,380289024
1479878379937,298614784,81674240,380289024
1479878536077,298614784,81674240,380289024
1479878688271,298614784,81674240,380289024
1479878842916,298614784,81674240,380289024
1479878997861,297365504,81674240,379039744
1479879153644,298905600,81674240,380579840
1479879308638,298946560,81674240,380620800
1479879311983,298946560,81678336,380624896
1479879469618,298946560,81674240,380620800
1479879619568,298946560,81674240,380620800
1479879775936,298946560,81674240,380620800
1479879931261,298946560,81674240,380620800
1479880082613,298946560,81674240,380620800
1479880237834,298946560,81674240,380620800
1479880394119,298946560,81674240,380620800
1479880554569,298946560,81674240,380620800
1479880704459,298946560,81674240,380620800
1479880859248,298946560,81674240,380620800
1479881012774,298946560,81674240,380620800
1479881167705,298946560,81674240,380620800
1479881323119,298946560,81674240,380620800
1479881478850,298946560,81674240,380620800
1479881632769,298946560,81674240,380620800
1479881788401,298946560,81674240,380620800
1479881943865,298946560,81674240,380620800
1479882099081,298946560,81674240,380620800
1479882253666,298946560,81674240,380620800
1479882410048,298946560,81674240,380620800
1479882569308,298946560,81674240,380620800
1479882724925,298946560,81674240,380620800
1479882879858,298946560,81674240,380620800
1479883035136,298946560,81674240,380620800
1479883187981,298946560,81674240,380620800
1479883344856,298946560,81674240,380620800
1479883496111,298946560,81674240,380620800
1479883652271,298946560,81674240,380620800
1479883806902,297701376,81674240,379375616
1479883967694,299311104,81674240,380985344
1479884103372,299388928,81678336,381067264
1479884277472,299388928,81674240,381063168
1479884432475,299388928,81674240,381063168
1479884588105,299388928,81674240,381063168
1479884743194,299388928,81674240,381063168
1479884898057,299388928,81674240,381063168
1479885053957,299388928,81674240,381063168
1479885209383,299388928,81674240,381063168
1479885368382,299388928,81674240,381063168
1479885524618,299388928,81674240,381063168
1479885680577,299388928,81674240,381063168
1479885834879,299388928,81674240,381063168
1479885989641,299388928,81674240,381063168
1479886145129,299388928,81674240,381063168
1479886300275,299388928,81674240,381063168
1479886455300,299388928,81674240,381063168
1479886610997,299388928,81674240,381063168
1479886767054,299388928,81674240,381063168
1479886921994,299388928,81674240,381063168
1479887076916,299388928,81674240,381063168
1479887231580,299388928,81674240,381063168
1479887386595,299388928,81674240,381063168
1479887541597,299388928,81674240,381063168
1479887695378,299388928,81674240,381063168
1479887851907,299388928,81674240,381063168
1479888007827,299388928,81674240,381063168
1479888161805,299388928,81674240,381063168
1479888317095,299388928,81674240,381063168
1479888473789,299388928,81674240,381063168
1479888629322,298319872,81674240,379994112
1479888783940,299483136,81674240,381157376
1479888934186,299577344,81678336,381255680
1479889095708,299577344,81674240,381251584
1479889250971,299577344,81674240,381251584
1479889402405,299577344,81674240,381251584
1479889558668,299577344,81674240,381251584
1479889710988,299577344,81674240,381251584
1479889866787,299577344,81674240,381251584
1479890018264,299577344,81674240,381251584
1479890173382,299577344,81674240,381251584
1479890328645,299577344,81674240,381251584
1479890490066,299577344,81674240,381251584
1479890637706,299577344,81674240,381251584
1479890793125,299577344,81674240,381251584
1479890948525,299577344,81674240,381251584
1479891104312,299577344,81674240,381251584
1479891259626,299577344,81674240,381251584
1479891411724,299577344,81674240,381251584
1479891568788,299577344,81674240,381251584
1479891720155,299577344,81674240,381251584
1479891877325,299577344,81674240,381251584
1479892031821,299577344,81674240,381251584
1479892186235,299577344,81674240,381251584
1479892339371,299577344,81674240,381251584
1479892494090,299577344,81674240,381251584
1479892647551,299577344,81674240,381251584
1479892803692,299577344,81674240,381251584
1479892959456,299577344,81674240,381251584
1479893115716,299577344,81674240,381251584
1479893270856,299577344,81674240,381251584
1479893425562,298364928,81674240,380039168
1479893580354,299761664,81674240,381435904
1479893735508,299765760,81674240,381440000
1479893745656,299810816,81678336,381489152
1479893891320,299810816,81674240,381485056
1479894046434,299810816,81674240,381485056
1479894201728,299810816,81674240,381485056
1479894356971,299810816,81674240,381485056
1479894513379,299810816,81674240,381485056
1479894668107,299810816,81674240,381485056
1479894824780,299810816,81674240,381485056
1479894980138,299810816,81674240,381485056
1479895135564,299810816,81674240,381485056
1479895290517,299810816,81674240,381485056
1479895447051,299810816,81674240,381485056
1479895602075,299810816,81674240,381485056
1479895761387,299810816,81674240,381485056
1479895913370,299810816,81674240,381485056
1479896070266,299810816,81674240,381485056
1479896225660,299810816,81674240,381485056
1479896381930,299810816,81674240,381485056
1479896537726,299810816,81674240,381485056
1479896692997,299810816,81674240,381485056
1479896848561,299810816,81674240,381485056
1479897003680,299810816,81674240,381485056
1479897158370,299810816,81674240,381485056
1479897313744,299810816,81674240,381485056
1479897469714,299810816,81674240,381485056
1479897624893,299810816,81674240,381485056
1479897779922,299810816,81674240,381485056
1479897934883,299810816,81674240,381485056
1479898090822,299810816,81674240,381485056
1479898246619,299667456,81674240,381341696
1479898400471,299667456,81674240,381341696
1479898443264,299679744,81678336,381358080
1479898554031,299679744,81674240,381353984
1479898708567,299679744,81674240,381353984
1479898867824,299679744,81674240,381353984
1479899023431,299679744,81674240,381353984
1479899179161,299679744,81674240,381353984
1479899335153,299679744,81674240,381353984
1479899489578,299679744,81674240,381353984
1479899644588,299679744,81674240,381353984
1479899799831,299679744,81674240,381353984
1479899955343,299679744,81674240,381353984
1479900110738,299679744,81674240,381353984
1479900276730,299679744,81674240,381353984
1479900424712,299679744,81674240,381353984
1479900581323,299679744,81674240,381353984
1479900736351,299679744,81674240,381353984
1479900890893,299679744,81674240,381353984
1479901047163,299679744,81674240,381353984
1479901202659,299679744,81674240,381353984
1479901356382,299679744,80625664,380305408
1479901508540,299679744,80625664,380305408
1479901663750,299679744,80625664,380305408
1479901818653,299679744,80625664,380305408
1479901975583,299679744,80625664,380305408
1479902130568,299679744,80625664,380305408
1479902284669,299679744,80625664,380305408
1479902440293,299679744,80625664,380305408
1479902595122,299679744,80625664,380305408
1479902751391,299679744,80625664,380305408
1479902905411,299679744,80625664,380305408
1479903067307,300302336,80625664,380928000
1479903222445,300302336,80625664,380928000
1479903247310,300396544,80629760,381026304
1479903377606,300396544,80625664,381022208
1479903531222,300396544,80625664,381022208
1479903683764,300396544,80625664,381022208
1479903837817,300396544,80625664,381022208
1479903993166,300396544,80625664,381022208
1479904147755,300396544,80625664,381022208
1479904303388,300396544,80625664,381022208
1479904458088,300396544,80625664,381022208
1479904614185,300396544,80625664,381022208
1479904769068,300396544,80625664,381022208
1479904930408,300396544,80625664,381022208
1479905085846,300396544,80625664,381022208
1479905240664,300396544,80625664,381022208
1479905394371,300396544,80625664,381022208
1479905550562,300396544,80625664,381022208
1479905705777,300396544,80625664,381022208
1479905861499,300396544,80625664,381022208
1479906012424,300396544,80625664,381022208
1479906168916,300396544,80625664,381022208
1479906323493,300396544,80625664,381022208
1479906478761,300396544,80625664,381022208
1479906632453,300396544,80625664,381022208
1479906788509,300396544,80625664,381022208
1479906940175,300396544,80625664,381022208
1479907095106,300396544,80625664,381022208
1479907249408,300396544,80625664,381022208
1479907405775,300396544,80625664,381022208
1479907559041,300396544,80625664,381022208
1479907714233,300396544,80625664,381022208
1479907869468,300548096,80625664,381173760
1479908023878,300548096,80625664,381173760
1479908046887,300568576,80629760,381198336
1479908181187,300568576,80625664,381194240
1479908334265,300568576,80625664,381194240
1479908488911,300568576,80625664,381194240
1479908644516,300568576,80625664,381194240
1479908799490,300568576,80625664,381194240
1479908952393,300568576,80625664,381194240
1479909109020,300568576,80625664,381194240
1479909269089,300568576,80625664,381194240
1479909424733,300568576,80625664,381194240
1479909576050,300568576,80625664,381194240
1479909730253,300568576,80625664,381194240
1479909890488,300568576,80625664,381194240
1479910039861,300568576,80625664,381194240
1479910194381,300568576,80625664,381194240
1479910350460,300568576,80625664,381194240
1479910504946,300568576,80625664,381194240
1479910666200,300568576,80625664,381194240
1479910822689,300568576,80625664,381194240
1479910977460,300568576,80625664,381194240
1479911133751,300568576,80625664,381194240
1479911287616,300568576,80625664,381194240
1479911443194,300568576,80625664,381194240
1479911594581,300568576,80625664,381194240
1479911747867,300568576,80625664,381194240
1479911905307,300568576,80625664,381194240
1479912059415,300593152,80625664,381218816
1479912213982,300634112,80625664,381259776
1479912368067,300634112,80625664,381259776
1479912529472,300634112,80625664,381259776
1479912684571,300421120,80625664,381046784
1479912840420,300421120,80625664,381046784
1479912866796,300445696,80629760,381075456
1479912993060,300445696,80625664,381071360
1479913147734,300445696,80625664,381071360
1479913303626,300445696,80625664,381071360
1479913454987,300445696,80625664,381071360
1479913610161,300445696,80625664,381071360
1479913769413,300445696,80625664,381071360
1479913924641,300445696,80625664,381071360
1479914080139,300445696,80625664,381071360
1479914234146,300445696,80625664,381071360
1479914389350,300445696,80625664,381071360
1479914545144,300445696,80625664,381071360
1479914699920,300445696,80625664,381071360
1479914854916,300445696,80625664,381071360
1479915012963,300445696,80625664,381071360
1479915169264,300445696,80625664,381071360
1479915324750,300445696,80625664,381071360
1479915479897,300445696,80625664,381071360
1479915635080,300445696,80625664,381071360
1479915790919,300445696,80625664,381071360
1479915946032,300445696,80625664,381071360
1479916101120,300445696,80625664,381071360
1479916257194,300445696,80625664,381071360
1479916411619,300445696,80625664,381071360
1479916567010,300445696,80625664,381071360
1479916723536,300445696,80625664,381071360
1479916879516,300445696,80625664,381071360
1479917034168,300445696,80625664,381071360
1479917189534,300445696,80625664,381071360
1479917343679,299196416,80625664,379822080
1479917498786,301047808,80625664,381673472
1479917654746,301051904,80625664,381677568
1479917686140,301125632,80629760,381755392
1479917810214,301125632,80625664,381751296
1479917970591,301125632,80625664,381751296
1479918125023,301125632,80625664,381751296
1479918280269,301125632,80625664,381751296
1479918435546,301125632,80625664,381751296
1479918590412,301125632,80625664,381751296
1479918742897,301125632,80625664,381751296
1479918897986,301125632,80625664,381751296
1479919053125,301125632,80625664,381751296
1479919215660,301125632,80625664,381751296
1479919364302,301125632,80625664,381751296
1479919518564,301125632,80625664,381751296
1479919674354,301125632,80625664,381751296
1479919829733,301125632,80625664,381751296
1479919983755,301125632,80625664,381751296
1479920139410,301125632,80625664,381751296
1479920292866,301125632,80625664,381751296
1479920448270,301125632,80625664,381751296
1479920603645,301125632,80625664,381751296
1479920758964,301125632,80625664,381751296
1479920915300,301125632,80625664,381751296
1479921070073,301125632,80625664,381751296
1479921223590,301125632,80625664,381751296
1479921378666,301125632,80625664,381751296
1479921533985,301125632,80625664,381751296
1479921688376,301125632,80625664,381751296
1479921842141,301125632,80625664,381751296
1479921997737,301125632,80625664,381751296
1479922148733,299872256,80625664,380497920
1479922304370,301166592,80625664,381792256
1479922460401,301170688,80625664,381796352
1479922475403,301375488,80629760,382005248
1479922612995,301375488,80625664,382001152
1479922769386,301375488,80625664,382001152
1479922925250,301375488,80625664,382001152
1479923080196,301375488,80625664,382001152
1479923235326,301375488,80625664,382001152
1479923392169,301375488,80625664,382001152
1479923546884,301375488,80625664,382001152
1479923700819,301375488,80625664,382001152
1479923853036,301375488,80625664,382001152
1479924004734,301375488,80625664,382001152
1479924158965,301375488,80625664,382001152
1479924314780,301375488,80625664,382001152
1479924470106,301375488,80625664,382001152
1479924623342,301375488,80625664,382001152
1479924779290,301375488,80625664,382001152
1479924934943,301375488,80625664,382001152
1479925090825,301375488,80625664,382001152
1479925244767,301375488,80625664,382001152
1479925401012,301375488,80625664,382001152
1479925555129,301375488,80625664,382001152
1479925710973,301375488,80625664,382001152
1479925872268,301375488,80625664,382001152
1479926027382,301375488,80625664,382001152
1479926183252,301375488,80625664,382001152
1479926337525,301375488,80625664,382001152
1479926493100,301375488,80625664,382001152
1479926648923,301375488,80625664,382001152
1479926805726,301375488,80625664,382001152
1479926957306,300154880,80625664,380780544
1479927110045,300830720,80625664,381456384
1479927261781,300843008,80625664,381468672
1479927266064,300863488,80629760,381493248
1479927417154,300863488,80625664,381489152
1479927572319,300863488,80625664,381489152
1479927727505,300863488,80625664,381489152
1479927883193,300863488,80625664,381489152
1479928039375,300863488,80625664,381489152
1479928194834,300863488,80625664,381489152
1479928349993,300863488,80625664,381489152
1479928505593,300863488,80625664,381489152
1479928660648,300863488,80625664,381489152
1479928821328,300863488,80625664,381489152
1479928972549,300863488,80625664,381489152
1479929127998,300863488,80625664,381489152
1479929281185,300863488,80625664,381489152
1479929434235,300863488,80625664,381489152
1479929588596,300863488,80625664,381489152
1479929743729,300863488,80625664,381489152
1479929899608,300863488,80625664,381489152
1479930054557,300863488,80625664,381489152
1479930210528,300863488,80625664,381489152
1479930370362,300863488,80625664,381489152
1479930525725,300863488,80625664,381489152
1479930681419,300863488,80625664,381489152
1479930840543,300863488,80625664,381489152
1479930996584,300863488,80625664,381489152
1479931151006,300863488,80625664,381489152
1479931306016,300863488,80625664,381489152
1479931466805,300863488,80625664,381489152
1479931627283,300863488,80625664,381489152
1479931783055,299712512,80625664,380338176
1479931938140,300924928,80625664,381550592
1479932093277,300924928,80625664,381550592
1479932118657,300961792,80629760,381591552
1479932248166,300961792,80625664,381587456
1479932403772,300961792,80625664,381587456
1479932558756,300961792,80625664,381587456
1479932716405,300961792,80625664,381587456
1479932871931,300961792,80625664,381587456
1479933026771,300961792,80625664,381587456
1479933181248,300961792,80625664,381587456
1479933337058,300961792,80625664,381587456
1479933490458,300961792,80625664,381587456
1479933646441,300961792,80625664,381587456
1479933802338,300961792,80625664,381587456
1479933956516,300961792,80625664,381587456
1479934112867,300961792,80625664,381587456
1479934267495,300961792,80625664,381587456
1479934419413,300961792,80625664,381587456
1479934574160,300961792,80625664,381587456
1479934728314,300961792,80625664,381587456
1479934883674,300957696,80625664,381583360
1479935039308,300957696,80625664,381583360
1479935193390,300957696,80625664,381583360
1479935348082,300957696,80625664,381583360
1479935504615,300957696,80625664,381583360
1479935658449,300957696,80625664,381583360
1479935812948,300957696,80625664,381583360
1479935969412,300957696,80625664,381583360
1479936124563,300957696,80625664,381583360
1479936280253,300957696,80625664,381583360
1479936434879,300957696,80625664,381583360
1479936588836,299741184,80625664,380366848
1479936743974,301006848,80625664,381632512
1479936899364,301006848,80625664,381632512
1479936910699,301039616,80629760,381669376
1479937056331,301039616,80625664,381665280
1479937210829,301039616,80625664,381665280
1479937370737,301039616,80625664,381665280
1479937525509,301039616,80625664,381665280
1479937682048,301039616,80625664,381665280
1479937835901,301039616,80625664,381665280
1479937991339,301039616,80625664,381665280
1479938147339,301039616,80625664,381665280
1479938302280,301039616,80625664,381665280
1479938464950,301039616,80625664,381665280
1479938611639,301039616,80625664,381665280
1479938769167,301039616,80625664,381665280
1479938926225,301039616,80625664,381665280
1479939079977,301039616,80625664,381665280
1479939235778,301039616,80625664,381665280
1479939389011,301039616,80625664,381665280
1479939544518,301039616,80625664,381665280
1479939698921,301039616,80625664,381665280
1479939854393,301039616,80625664,381665280
1479940008329,301039616,80625664,381665280
1479940169599,301039616,80625664,381665280
1479940324296,301039616,80625664,381665280
1479940480191,301039616,80625664,381665280
1479940633017,301039616,80625664,381665280
1479940788311,301039616,80625664,381665280
1479940943796,301039616,80625664,381665280
1479941099492,301039616,80625664,381665280
1479941253473,301039616,80625664,381665280
1479941409609,299827200,80625664,380452864
1479941569844,301133824,80625664,381759488
1479941718341,301158400,80629760,381788160
1479941879782,301158400,80625664,381784064
1479942034902,301158400,80625664,381784064
1479942189027,301158400,80625664,381784064
1479942344327,301158400,80625664,381784064
1479942499164,301158400,80625664,381784064
1479942652601,301158400,80625664,381784064
1479942805239,301158400,80625664,381784064
1479942960428,301158400,80625664,381784064
1479943110990,301158400,80625664,381784064
1479943267115,301158400,80625664,381784064
1479943418599,301158400,80625664,381784064
1479943574898,301158400,80625664,381784064
1479943729833,301158400,80625664,381784064
1479943886138,301158400,80625664,381784064
1479944040408,301158400,80625664,381784064
1479944195454,301158400,80625664,381784064
1479944350355,301158400,80625664,381784064
1479944506385,301158400,80625664,381784064
1479944661554,301158400,80625664,381784064
1479944814516,301158400,80625664,381784064
1479944969967,301158400,80625664,381784064
1479945124195,301158400,80625664,381784064
1479945279531,301158400,80625664,381784064
1479945434730,301158400,80625664,381784064
1479945590039,301158400,80625664,381784064
1479945745213,301158400,80625664,381784064
1479945900574,301158400,80625664,381784064
1479946056056,301158400,80625664,381784064
1479946211778,299937792,80625664,380563456
1479946371120,301985792,80625664,382611456
1479946526035,301985792,80625664,382611456
1479946542981,302354432,80629760,382984192
1479946682899,302354432,80625664,382980096
1479946836576,302354432,80625664,382980096
1479946991456,302354432,80625664,382980096
1479947146931,302354432,80625664,382980096
1479947303057,302354432,80625664,382980096
1479947457420,302354432,80625664,382980096
1479947612144,302354432,80625664,382980096
1479947768522,302354432,80625664,382980096
1479947919712,302354432,80625664,382980096
1479948081820,302354432,80625664,382980096
1479948230123,302354432,80625664,382980096
1479948383895,302354432,80625664,382980096
1479948538671,302354432,80625664,382980096
1479948690635,302354432,80625664,382980096
1479948846300,302354432,80625664,382980096
1479948999813,302354432,80625664,382980096
1479949154596,302354432,80625664,382980096
1479949309987,302354432,80625664,382980096
1479949461579,302354432,80625664,382980096
1479949617146,302354432,80625664,382980096
1479949772334,302354432,80625664,382980096
1479949929357,302354432,80625664,382980096
1479950080582,302354432,80625664,382980096
1479950235485,302354432,80625664,382980096
1479950390763,302354432,80625664,382980096
1479950546335,302354432,80625664,382980096
1479950701180,302354432,80625664,382980096
1479950857012,302354432,80625664,382980096
1479951011608,301109248,80625664,381734912
1479951167012,302710784,80625664,383336448
1479951321013,302710784,80625664,383336448
1479951346915,302731264,80629760,383361024
1479951478120,302731264,80625664,383356928
1479951632789,302731264,80625664,383356928
1479951783964,302731264,80625664,383356928
1479951939506,302731264,80625664,383356928
1479952093762,302731264,80625664,383356928
1479952246652,302731264,80625664,383356928
1479952401304,302731264,80625664,383356928
1479952556987,302731264,80625664,383356928
1479952708097,302731264,80625664,383356928
1479952868753,302731264,80625664,383356928
1479953023568,302702592,80625664,383328256
1479953179398,302702592,80625664,383328256
1479953336389,302702592,80625664,383328256
1479953488512,302702592,80625664,383328256
1479953643410,302702592,80625664,383328256
1479953796271,302702592,80625664,383328256
1479953951800,302702592,80625664,383328256
1479954105738,302702592,80625664,383328256
1479954261834,302702592,80625664,383328256
1479954414692,302702592,80625664,383328256
1479954571394,302702592,80625664,383328256
1479954727723,302702592,80625664,383328256
1479954882248,302702592,80625664,383328256
1479955037080,302702592,80625664,383328256
1479955188621,302702592,80625664,383328256
1479955345180,302702592,80625664,383328256
1479955498800,302702592,80625664,383328256
1479955653065,302702592,80625664,383328256
1479955805604,302043136,80625664,382668800
1479955961690,302141440,80625664,382767104
1479956113611,302141440,80625664,382767104
1479956143550,302170112,80629760,382799872
1479956267503,302170112,80625664,382795776
1479956421682,302170112,80625664,382795776
1479956576427,302170112,80625664,382795776
1479956733204,302170112,80625664,382795776
1479956884662,302170112,80625664,382795776
1479957039390,302170112,80625664,382795776
1479957191488,302170112,80625664,382795776
1479957346641,302170112,80625664,382795776
1479957499831,302170112,80625664,382795776
1479957660848,302170112,80625664,382795776
1479957809815,302170112,80625664,382795776
1479957969382,302170112,80625664,382795776
1479958125183,302170112,80625664,382795776
1479958280279,302170112,80625664,382795776
1479958436328,302170112,80625664,382795776
1479958589856,302170112,80625664,382795776
1479958742341,302170112,80625664,382795776
1479958897934,302170112,80625664,382795776
1479959049826,302170112,80625664,382795776
1479959204334,302170112,80625664,382795776
1479959359659,302170112,80625664,382795776
1479959514832,302170112,80625664,382795776
1479959668588,302170112,80625664,382795776
1479959824353,302170112,80625664,382795776
1479959979664,302170112,80625664,382795776
1479960134931,302170112,80625664,382795776
1479960289898,302170112,80625664,382795776
1479960444689,302170112,80625664,382795776
1479960602200,301060096,80625664,381685760
1479960757323,302215168,80625664,382840832
1479960911864,302215168,80625664,382840832
1479960951537,302243840,80629760,382873600
1479961070830,302243840,80625664,382869504
1479961225999,302243840,80625664,382869504
1479961381279,302243840,80625664,382869504
1479961536224,302243840,80625664,382869504
1479961691626,302243840,80625664,382869504
1479961846969,302243840,80625664,382869504
1479962003013,302243840,80625664,382869504
1479962157361,302243840,80625664,382869504
1479962312601,302243840,80625664,382869504
1479962471911,302243840,80625664,382869504
1479962627059,302243840,80625664,382869504
1479962782045,302243840,80625664,382869504
1479962934151,302243840,80625664,382869504
1479963088268,302243840,80625664,382869504
1479963243332,302243840,80625664,382869504
1479963399464,302243840,80625664,382869504
1479963553957,302243840,80625664,382869504
1479963709487,302243840,80625664,382869504
1479963868810,302243840,80625664,382869504
1479964024167,302243840,80625664,382869504
1479964180686,302243840,80625664,382869504
1479964331847,302243840,80625664,382869504
1479964485297,302243840,80625664,382869504
1479964640975,302243840,80625664,382869504
1479964793475,302243840,80625664,382869504
1479964949762,302243840,80625664,382869504
1479965104741,302243840,80625664,382869504
1479965259232,302243840,80625664,382869504
1479965415097,301031424,80625664,381657088
1479965569265,302645248,80625664,383270912
1479965726387,302645248,80625664,383270912
1479965744830,302669824,80629760,383299584
1479965880105,302669824,80625664,383295488
1479966038472,302669824,80625664,383295488
1479966189365,302669824,80625664,383295488
1479966344114,302669824,80625664,383295488
1479966501630,302669824,80625664,383295488
1479966656496,302669824,80625664,383295488
1479966807883,302669824,80625664,383295488
1479966960669,302669824,80625664,383295488
1479967114435,302669824,80625664,383295488
1479967270820,302669824,80625664,383295488
1479967432469,302669824,80625664,383295488
1479967579610,302669824,80625664,383295488
1479967731409,302669824,80625664,383295488
1479967884743,302669824,80625664,383295488
1479968040024,302669824,80625664,383295488
1479968195748,302669824,80625664,383295488
1479968350722,302669824,80625664,383295488
1479968502810,302669824,80625664,383295488
1479968657444,302669824,80625664,383295488
1479968812042,302669824,80625664,383295488
1479968967796,302669824,80625664,383295488
1479969120845,302669824,80625664,383295488
1479969274748,302669824,80625664,383295488
1479969430432,302669824,80625664,383295488
1479969583733,302669824,80625664,383295488
1479969738697,302669824,80625664,383295488
1479969894476,302669824,80625664,383295488
1479970048779,302669824,80625664,383295488
1479970204194,301625344,80625664,382251008
1479970357037,302645248,80625664,383270912
1479970510828,302645248,80625664,383270912
1479970525936,302669824,80629760,383299584
1479970670975,302669824,80625664,383295488
1479970832910,302669824,80625664,383295488
1479970985255,302669824,80625664,383295488
1479971143049,302669824,80625664,383295488
1479971297432,302669824,80625664,383295488
1479971452365,302669824,80625664,383295488
1479971604046,302669824,80625664,383295488
1479971759414,302669824,80625664,383295488
1479971915164,302669824,80625664,383295488
1479972071014,302669824,80625664,383295488
1479972226957,302669824,80625664,383295488
1479972380934,302669824,80625664,383295488
1479972535160,302669824,80625664,383295488
1479972691153,302669824,80625664,383295488
1479972845869,302669824,80625664,383295488
1479972997479,302669824,80625664,383295488
1479973149540,302669824,80625664,383295488
1479973305670,302669824,80625664,383295488
1479973461033,302669824,80625664,383295488
1479973613987,302669824,80625664,383295488
1479973769201,302669824,80625664,383295488
1479973922442,302669824,80625664,383295488
1479974076876,302669824,80625664,383295488
1479974232937,302669824,80625664,383295488
1479974387275,302669824,80625664,383295488
1479974543066,302669824,80625664,383295488
1479974697767,302669824,80625664,383295488
1479974859686,302669824,80625664,383295488
1479975011043,301449216,80625664,382074880
1479975172996,302747648,80625664,383373312
1479975327979,302747648,80625664,383373312
1479975346619,302772224,80629760,383401984
1479975479334,302772224,80625664,383397888
1479975635290,302772224,80625664,383397888
1479975785698,302772224,80625664,383397888
1479975941243,302772224,80625664,383397888
1479976096628,302772224,80625664,383397888
1479976251685,302772224,80625664,383397888
1479976407917,302772224,80625664,383397888
1479976567852,302772224,80625664,383397888
1479976722687,302772224,80625664,383397888
1479976879417,302772224,80625664,383397888
1479977040855,302772224,80625664,383397888
1479977188181,302772224,80625664,383397888
1479977343871,302772224,80625664,383397888
1479977498156,302772224,80625664,383397888
1479977653183,302772224,80625664,383397888
1479977808986,302772224,80625664,383397888
1479977969546,302772224,80625664,383397888
1479978124093,302772224,80625664,383397888
1479978280553,302772224,80625664,383397888
1479978435925,302772224,80625664,383397888
1479978588917,302772224,80625664,383397888
1479978745609,302772224,80625664,383397888
1479978900915,302772224,80625664,383397888
1479979054925,302772224,80625664,383397888
1479979210366,302772224,80625664,383397888
1479979369088,302772224,80625664,383397888
1479979524679,302772224,80625664,383397888
1479979680220,302772224,80625664,383397888
1479979840371,301604864,80625664,382230528
1479979996044,302792704,80625664,383418368
1479980152544,302796800,80625664,383422464
1479980176752,303104000,80629760,383733760
1479980305976,303104000,80625664,383729664
1479980460273,303104000,80625664,383729664
1479980611809,303104000,80625664,383729664
1479980766996,303104000,80625664,383729664
1479980922665,303104000,80625664,383729664
1479981077394,303104000,80625664,383729664
1479981228843,303104000,80625664,383729664
1479981384072,303104000,80625664,383729664
1479981540713,303104000,80625664,383729664
1479981695538,303104000,80625664,383729664
1479981850141,303104000,80625664,383729664
1479982006492,303104000,80625664,383729664
1479982162070,303104000,80625664,383729664
1479982315992,303104000,80625664,383729664
1479982473052,303104000,80625664,383729664
1479982627224,303104000,80625664,383729664
1479982782636,303104000,80625664,383729664
1479982937187,303104000,80625664,383729664
1479983088813,303104000,80625664,383729664
1479983244792,303104000,80625664,383729664
1479983399288,303104000,80625664,383729664
1479983556829,303104000,80625664,383729664
1479983711448,303104000,80625664,383729664
1479983872645,303104000,80625664,383729664
1479984028070,303104000,80625664,383729664
1479984182123,303104000,80625664,383729664
1479984337026,303104000,80625664,383729664
1479984494280,303104000,80625664,383729664
1479984649231,304951296,80625664,385576960
1479984803638,304951296,80625664,385576960
1479984866244,304975872,80629760,385605632
1479984956103,304975872,80625664,385601536
1479985110344,304975872,80625664,385601536
1479985270536,304975872,80625664,385601536
1479985425980,304975872,80625664,385601536
1479985582569,304975872,80625664,385601536
1479985738064,304975872,80625664,385601536
1479985892455,304975872,80625664,385601536
1479986048691,304975872,80625664,385601536
1479986203183,304975872,80625664,385601536
1479986355782,304975872,80625664,385601536
1479986512602,304975872,80625664,385601536
1479986679677,304975872,80625664,385601536
1479986826371,304975872,80625664,385601536
1479986980520,304975872,80625664,385601536
1479987137857,304975872,80625664,385601536
1479987287586,304975872,80625664,385601536
1479987441703,304975872,80625664,385601536
1479987596585,304975872,80625664,385601536
1479987751806,304975872,80625664,385601536
1479987907719,304975872,80625664,385601536
1479988061492,304975872,80625664,385601536
1479988217336,304975872,80625664,385601536
1479988369571,304975872,80625664,385601536
1479988525622,304975872,80625664,385601536
1479988680703,304975872,80625664,385601536
1479988835058,304975872,80625664,385601536
1479988990396,304975872,80625664,385601536
1479989143151,304975872,80625664,385601536
1479989298091,304975872,80625664,385601536
1479989453784,304046080,80625664,384671744
1479989608729,304050176,80625664,384675840
1479989669919,304066560,80629760,384696320
1479989769087,304066560,80625664,384692224
1479989923109,304066560,80625664,384692224
1479990083726,304066560,80625664,384692224
1479990240000,304066560,80625664,384692224
1479990395361,304066560,80625664,384692224
1479990550550,304066560,80625664,384692224
1479990705705,304066560,80625664,384692224
1479990860912,304066560,80625664,384692224
1479991016079,304066560,80625664,384692224
1479991171645,304066560,80625664,384692224
1479991327195,304066560,80625664,384692224
1479991482250,304066560,80625664,384692224
1479991638490,304066560,80625664,384692224
1479991792148,304066560,80625664,384692224
1479991947415,304066560,80625664,384692224
1479992102514,304066560,80625664,384692224
1479992258565,304066560,80625664,384692224
1479992413359,304066560,80625664,384692224
1479992569808,304066560,80625664,384692224
1479992724408,304066560,80625664,384692224
1479992881279,304066560,80625664,384692224
1479993036012,304066560,80625664,384692224
1479993187270,304066560,80625664,384692224
1479993342061,304066560,80625664,384692224
1479993495889,304066560,80625664,384692224
1479993649551,304066560,80625664,384692224
1479993801248,304066560,80625664,384692224
1479993956338,304066560,80625664,384692224
1479994110312,304066560,80625664,384692224
1479994270289,303226880,80625664,383852544
1479994425947,303226880,80625664,383852544
1479994466413,303247360,80629760,383877120
1479994581249,303247360,80625664,383873024
1479994734141,303247360,80625664,383873024
1479994888782,303247360,80625664,383873024
1479995043595,303247360,80625664,383873024
1479995196239,303247360,80625664,383873024
1479995347553,303247360,80625664,383873024
1479995503148,303247360,80625664,383873024
1479995657989,303247360,80625664,383873024
1479995813620,303247360,80625664,383873024
1479995968465,303247360,80625664,383873024
1479996124821,303247360,80625664,383873024
1479996287740,303247360,80625664,383873024
1479996435193,303247360,80625664,383873024
1479996590114,303247360,80625664,383873024
1479996742135,303247360,80625664,383873024
1479996896756,303247360,80625664,383873024
1479997050610,303247360,80625664,383873024
1479997202167,303247360,80625664,383873024
1479997357058,303247360,80625664,383873024
1479997509769,303247360,80625664,383873024
1479997671681,303247360,80625664,383873024
1479997825939,303247360,80625664,383873024
1479997982302,303247360,80625664,383873024
1479998137406,303247360,80625664,383873024
1479998291995,303247360,80625664,383873024
1479998448455,303247360,80625664,383873024
1479998602521,303247360,80625664,383873024
1479998757817,303247360,80625664,383873024
1479998911396,303247360,80625664,383873024
1479999071141,303333376,80625664,383959040
1479999225710,303333376,80625664,383959040
1479999270864,303353856,80629760,383983616
1479999381082,303353856,80625664,383979520
1479999532789,303353856,80625664,383979520
1479999687832,303353856,80625664,383979520
1479999840283,303353856,80625664,383979520
1479999995106,303353856,80625664,383979520
1480000151006,303353856,80625664,383979520
1480000306224,303353856,80625664,383979520
1480000460617,303353856,80625664,383979520
1480000614584,303353856,80625664,383979520
1480000769805,303353856,80625664,383979520
1480000926223,303353856,80625664,383979520
1480001080735,303353856,80625664,383979520
1480001235687,303353856,80625664,383979520
1480001390869,303353856,80625664,383979520
1480001546106,303353856,80625664,383979520
1480001699822,303353856,80625664,383979520
1480001856187,303353856,80625664,383979520
1480002011485,303353856,80625664,383979520
1480002168754,303353856,80625664,383979520
1480002323738,303353856,80625664,383979520
1480002477339,303353856,80625664,383979520
1480002633171,303353856,80625664,383979520
1480002784440,303353856,80625664,383979520
1480002940641,303353856,80625664,383979520
1480003095184,303353856,80625664,383979520
1480003251631,303353856,80625664,383979520
1480003408245,303353856,80625664,383979520
1480003563304,303353856,80625664,383979520
1480003716171,303353856,80625664,383979520
1480003868456,303407104,80625664,384032768
1480004025659,303407104,80625664,384032768
1480004086211,303423488,80629760,384053248
1480004180174,303423488,80625664,384049152
1480004334584,303423488,80625664,384049152
1480004486588,303423488,80625664,384049152
1480004640026,303423488,80625664,384049152
1480004795369,303423488,80625664,384049152
1480004950380,303423488,80625664,384049152
1480005101755,303423488,80625664,384049152
1480005257006,303423488,80625664,384049152
1480005411894,303423488,80625664,384049152
1480005567821,303423488,80625664,384049152
1480005722275,303423488,80625664,384049152
1480005878455,303423488,80625664,384049152
1480006039318,303423488,80625664,384049152
1480006189090,303423488,80625664,384049152
1480006343273,303423488,80625664,384049152
1480006498315,303423488,80625664,384049152
1480006653913,303423488,80625664,384049152
1480006808957,303423488,80625664,384049152
1480006969943,303423488,80625664,384049152
1480007125254,303423488,80625664,384049152
1480007280567,303423488,80625664,384049152
1480007435371,303423488,80625664,384049152
1480007590596,303423488,80625664,384049152
1480007745661,303423488,80625664,384049152
1480007901062,303423488,80625664,384049152
1480008053634,303423488,80625664,384049152
1480008208002,303423488,80625664,384049152
1480008367873,303423488,80625664,384049152
1480008520466,303423488,80625664,384049152
1480008678109,303542272,80625664,384167936
1480008830405,303542272,80625664,384167936
1480008896980,303566848,80629760,384196608
1480008984843,303566848,80625664,384192512
1480009140479,303566848,80625664,384192512
1480009294684,303566848,80625664,384192512
1480009451251,303566848,80625664,384192512
1480009606265,303566848,80625664,384192512
1480009761464,303566848,80625664,384192512
1480009916984,303566848,80625664,384192512
1480010072223,303566848,80625664,384192512
1480010228575,303566848,80625664,384192512
1480010382273,303566848,80625664,384192512
1480010535333,303566848,80625664,384192512
1480010690838,303566848,80625664,384192512
1480010846216,303566848,80625664,384192512
1480011001628,303566848,80625664,384192512
1480011157922,303566848,80625664,384192512
1480011308927,303566848,80625664,384192512
1480011467895,303566848,80625664,384192512
1480011623222,303566848,80625664,384192512
1480011780394,303566848,80625664,384192512
1480011930564,303566848,80625664,384192512
1480012085840,303566848,80625664,384192512
1480012242327,303566848,80625664,384192512
1480012396846,303566848,80625664,384192512
1480012550088,303566848,80625664,384192512
1480012705336,303566848,80625664,384192512
1480012860718,303566848,80625664,384192512
1480013016127,303566848,80625664,384192512
1480013170673,303566848,80625664,384192512
1480013325075,303566848,80625664,384192512
1480013480226,303685632,80625664,384311296
1480013636351,303685632,80625664,384311296
1480013666402,303706112,80629760,384335872
1480013790398,303706112,80625664,384331776
1480013946344,303706112,80625664,384331776
1480014102152,303706112,80625664,384331776
1480014256991,303706112,80625664,384331776
1480014410728,303706112,80625664,384331776
1480014571224,303706112,80625664,384331776
1480014726397,303706112,80625664,384331776
1480014883396,303706112,80625664,384331776
1480015036077,303706112,80625664,384331776
1480015190683,303706112,80625664,384331776
1480015345804,303706112,80625664,384331776
1480015500519,303706112,80625664,384331776
1480015656770,303706112,80625664,384331776
1480015806700,303706112,80625664,384331776
1480015960283,303706112,80625664,384331776
1480016116792,303706112,80625664,384331776
1480016271553,303706112,80625664,384331776
1480016426364,303706112,80625664,384331776
1480016580909,303706112,80625664,384331776
1480016735682,303706112,80625664,384331776
1480016890806,303706112,80625664,384331776
1480017043457,303706112,80625664,384331776
1480017197676,303706112,80625664,384331776
1480017352770,303706112,80625664,384331776
1480017507848,303706112,80625664,384331776
1480017668622,303706112,80625664,384331776
1480017823642,303706112,80625664,384331776
1480017979733,303706112,80625664,384331776
1480018130572,303685632,80625664,384311296
1480018285271,303734784,80625664,384360448
1480018440181,303734784,80625664,384360448
1480018489406,303751168,80629760,384380928
1480018595859,303751168,80625664,384376832
1480018749487,303751168,80625664,384376832
1480018906532,303751168,80625664,384376832
1480019060626,303751168,80625664,384376832
1480019217111,303751168,80625664,384376832
1480019373251,303751168,80625664,384376832
1480019525821,303751168,80625664,384376832
1480019681267,303751168,80625664,384376832
1480019834721,303751168,80625664,384376832
1480019989949,303751168,80625664,384376832
1480020146400,303751168,80625664,384376832
1480020300378,303751168,80625664,384376832
1480020455793,303751168,80625664,384376832
1480020610921,303751168,80625664,384376832
1480020772701,303751168,80625664,384376832
1480020922687,303751168,80625664,384376832
1480021077948,303751168,80625664,384376832
1480021232910,303751168,80625664,384376832
1480021388270,303751168,80625664,384376832
1480021543755,303751168,80625664,384376832
1480021699789,303751168,80625664,384376832
1480021854063,303751168,80625664,384376832
1480022009901,303751168,80625664,384376832
1480022169852,303751168,80625664,384376832
1480022325429,303751168,80625664,384376832
1480022480810,303751168,80625664,384376832
1480022635506,303751168,80625664,384376832
1480022790535,303751168,80625664,384376832
1480022947264,302538752,80625664,383164416
1480023096931,303865856,80625664,384491520
1480023253110,303865856,80625664,384491520
1480023306886,304480256,80629760,385110016
1480023407915,304480256,80625664,385105920
1480023561895,304480256,80625664,385105920
1480023717481,304480256,80625664,385105920
1480023870315,304480256,80625664,385105920
1480024024779,304480256,80625664,385105920
1480024180649,304480256,80625664,385105920
1480024336791,304480256,80625664,385105920
1480024490899,304480256,80625664,385105920
1480024646006,304480256,80625664,385105920
1480024801941,304480256,80625664,385105920
1480024955917,304480256,80625664,385105920
1480025117206,304480256,80625664,385105920
1480025261434,304480256,80625664,385105920
1480025414779,304480256,80625664,385105920
1480025570461,304480256,80625664,385105920
1480025726408,304480256,80625664,385105920
1480025879079,304480256,80625664,385105920
1480026034106,304480256,80625664,385105920
1480026188973,304480256,80625664,385105920
1480026342127,304480256,80625664,385105920
1480026494707,304480256,80625664,385105920
1480026649413,304480256,80625664,385105920
1480026804653,304480256,80625664,385105920
1480026963760,304480256,80625664,385105920
1480027115886,304480256,80625664,385105920
1480027270550,304480256,80625664,385105920
1480027425783,304480256,80625664,385105920
1480027580925,304480256,80625664,385105920
1480027735551,303226880,80625664,383852544
1480027891130,304234496,80625664,384860160
1480028046279,304234496,80625664,384860160
1480028104354,304250880,80629760,384880640
1480028201289,304250880,80625664,384876544
1480028357160,304250880,80625664,384876544
1480028513187,304250880,80625664,384876544
1480028667923,304250880,80625664,384876544
1480028822435,304250880,80625664,384876544
1480028978628,304250880,80625664,384876544
1480029132194,304250880,80625664,384876544
1480029287278,304250880,80625664,384876544
1480029443190,304250880,80625664,384876544
1480029597931,304250880,80625664,384876544
1480029753616,304250880,80625664,384876544
1480029909170,304250880,80625664,384876544
1480030063397,304250880,80625664,384876544
1480030219121,304250880,80625664,384876544
1480030374092,304250880,80625664,384876544
1480030528163,304250880,80625664,384876544
1480030684340,304250880,80625664,384876544
1480030839135,304250880,80625664,384876544
1480030995135,304250880,80625664,384876544
1480031149582,304250880,80625664,384876544
1480031306316,304250880,80625664,384876544
1480031459765,304250880,80625664,384876544
1480031615763,304250880,80625664,384876544
1480031769998,304250880,80625664,384876544
1480031924829,304250880,80625664,384876544
1480032081086,304250880,80625664,384876544
1480032235674,304250880,80625664,384876544
1480032391559,304250880,80625664,384876544
1480032547408,304250880,80625664,384876544
1480032702593,304316416,80625664,384942080
1480032857967,304316416,80625664,384942080
1480032945995,304324608,80629760,384954368
1480033012814,304324608,80625664,384950272
1480033172660,304324608,80625664,384950272
1480033324423,304324608,80625664,384950272
1480033480984,304324608,80625664,384950272
1480033635111,304324608,80625664,384950272
1480033791080,304324608,80625664,384950272
1480033946921,304324608,80625664,384950272
1480034102485,304324608,80625664,384950272
1480034256792,304324608,80625664,384950272
1480034410008,304324608,80625664,384950272
1480034571311,304324608,80625664,384950272
1480034726788,304324608,80625664,384950272
1480034883983,304324608,80625664,384950272
1480035029298,304324608,80625664,384950272
1480035186008,304324608,80625664,384950272
1480035341313,304324608,80625664,384950272
1480035495556,304324608,80625664,384950272
1480035652548,304324608,80625664,384950272
1480035807283,304324608,80625664,384950272
1480035962940,304324608,80625664,384950272
1480036115782,304324608,80625664,384950272
1480036270427,304324608,80625664,384950272
1480036427431,304324608,80625664,384950272
1480036581963,304324608,80625664,384950272
1480036737898,304324608,80625664,384950272
1480036891237,304324608,80625664,384950272
1480037046428,304324608,80625664,384950272
1480037202613,304324608,80625664,384950272
1480037357172,303108096,80625664,383733760
1480037512881,304422912,80625664,385048576
1480037672561,304422912,80625664,385048576
1480037729752,304586752,80629760,385216512
1480037826869,304586752,80625664,385212416
1480037977600,304586752,80625664,385212416
1480038133419,304586752,80625664,385212416
1480038289045,304586752,80625664,385212416
1480038444026,304586752,80625664,385212416
1480038597165,304586752,80625664,385212416
1480038752187,304586752,80625664,385212416
1480038907788,304586752,80625664,385212416
1480039062699,304586752,80625664,385212416
1480039218501,304586752,80625664,385212416
1480039372462,304586752,80625664,385212416
1480039528041,304586752,80625664,385212416
1480039683278,304586752,80625664,385212416
1480039835271,304586752,80625664,385212416
1480039990751,304586752,80625664,385212416
1480040146924,304586752,80625664,385212416
1480040301951,304586752,80625664,385212416
1480040457163,304586752,80625664,385212416
1480040612239,304586752,80625664,385212416
1480040773048,304586752,80625664,385212416
1480040929184,304586752,80625664,385212416
1480041082872,304586752,80625664,385212416
1480041238203,304586752,80625664,385212416
1480041393488,304586752,80625664,385212416
1480041546873,304586752,80625664,385212416
1480041702926,304586752,80625664,385212416
1480041856877,304586752,80625664,385212416
1480042013105,304586752,80625664,385212416
1480042171279,303353856,80625664,383979520
1480042322905,305881088,80625664,386506752
1480042477677,305881088,80625664,386506752
1480042529792,305889280,80629760,386519040
1480042632179,305889280,80625664,386514944
1480042787345,305889280,80625664,386514944
1480042943241,305889280,80625664,386514944
1480043098607,305889280,80625664,386514944
1480043254842,305889280,80625664,386514944
1480043405356,305889280,80625664,386514944
1480043561417,305889280,80625664,386514944
1480043715596,305889280,80625664,386514944
1480043871222,305889280,80625664,386514944
1480044026515,305889280,80625664,386514944
1480044182977,305889280,80625664,386514944
1480044338291,305889280,80625664,386514944
1480044498623,305889280,80625664,386514944
1480044648988,305889280,80625664,386514944
1480044805101,305889280,80625664,386514944
1480044960516,305889280,80625664,386514944
1480045111669,305889280,80625664,386514944
1480045267245,305889280,80625664,386514944
1480045422596,305889280,80625664,386514944
1480045577627,305889280,80625664,386514944
1480045732114,305889280,80625664,386514944
1480045892121,305889280,80625664,386514944
1480046043976,305889280,80625664,386514944
1480046195589,305889280,80625664,386514944
1480046351453,305889280,80625664,386514944
1480046506808,305889280,80625664,386514944
1480046661853,305889280,80625664,386514944
1480046815564,305889280,80625664,386514944
1480046970355,304644096,80625664,385269760
1480047125678,305942528,80625664,386568192
1480047280807,305942528,80625664,386568192
1480047338020,306143232,80629760,386772992
1480047435881,306143232,80625664,386768896
1480047590473,306143232,80625664,386768896
1480047745453,306143232,80625664,386768896
1480047897178,306143232,80625664,386768896
1480048053989,306143232,80625664,386768896
1480048207861,306143232,80625664,386768896
1480048358169,306143232,80625664,386768896
1480048512343,306143232,80625664,386768896
1480048672462,306143232,80625664,386768896
1480048825753,306143232,80625664,386768896
1480048981931,306143232,80625664,386768896
1480049138105,306143232,80625664,386768896
1480049290097,306143232,80625664,386768896
1480049446767,306143232,80625664,386768896
1480049601543,306143232,80625664,386768896
1480049756509,306143232,80625664,386768896
1480049911955,306143232,80625664,386768896
1480050072457,306143232,80625664,386768896
1480050227498,306143232,80625664,386768896
1480050383642,306143232,80625664,386768896
1480050537719,306143232,80625664,386768896
1480050693183,306143232,80625664,386768896
1480050848963,306143232,80625664,386768896
1480051004392,306143232,80625664,386768896
1480051159586,306143232,80625664,386768896
1480051314727,306143232,80625664,386768896
1480051469174,306143232,80625664,386768896
1480051623963,306143232,80625664,386768896
1480051780512,304967680,80625664,385593344
1480051935477,306057216,80625664,386682880
1480052089515,306057216,80625664,386682880
1480052146880,306069504,80629760,386699264
1480052241480,306069504,80625664,386695168
1480052395844,306069504,80625664,386695168
1480052551841,306069504,80625664,386695168
1480052705387,306069504,80625664,386695168
1480052860604,306069504,80625664,386695168
1480053015354,306069504,80625664,386695168
1480053171297,306069504,80625664,386695168
1480053325888,306069504,80625664,386695168
1480053481072,306069504,80625664,386695168
1480053637624,306069504,80625664,386695168
1480053791538,306069504,80625664,386695168
1480053943804,306069504,80625664,386695168
1480054104802,306069504,80625664,386695168
1480054254435,306069504,80625664,386695168
1480054408689,306069504,80625664,386695168
1480054562559,306069504,80625664,386695168
1480054716931,306069504,80625664,386695168
1480054870457,306069504,80625664,386695168
1480055025615,306069504,80625664,386695168
1480055187343,306069504,80625664,386695168
1480055338488,306069504,80625664,386695168
1480055493141,306069504,80625664,386695168
1480055649033,306069504,80625664,386695168
1480055800576,306069504,80625664,386695168
1480055957035,306069504,80625664,386695168
1480056109899,306069504,80625664,386695168
1480056265351,306069504,80625664,386695168
1480056421577,306069504,80625664,386695168
1480056577126,304857088,80625664,385482752
1480056732563,306155520,80625664,386781184
1480056886959,306155520,80625664,386781184
1480056932365,306167808,80629760,386797568
1480057042140,306167808,80625664,386793472
1480057198571,306167808,80625664,386793472
1480057353651,306167808,80625664,386793472
1480057506961,306167808,80625664,386793472
1480057661344,306167808,80625664,386793472
1480057815339,306167808,80625664,386793472
1480057971018,306167808,80625664,386793472
1480058128471,306167808,80625664,386793472
1480058282158,306167808,80625664,386793472
1480058437059,306167808,80625664,386793472
1480058592371,306167808,80625664,386793472
1480058747259,306167808,80625664,386793472
1480058899993,306167808,80625664,386793472
1480059054983,306167808,80625664,386793472
1480059210363,306167808,80625664,386793472
1480059370727,306167808,80625664,386793472
1480059523727,306167808,80625664,386793472
1480059679212,306167808,80625664,386793472
1480059834172,306167808,80625664,386793472
1480059990971,306167808,80625664,386793472
1480060145198,306167808,80625664,386793472
1480060300712,306167808,80625664,386793472
1480060457368,306167808,80625664,386793472
1480060608753,306167808,80625664,386793472
1480060769188,306167808,80625664,386793472
1480060925833,306167808,80625664,386793472
1480061081378,306167808,80625664,386793472
1480061236061,306167808,80625664,386793472
1480061391708,304930816,80625664,385556480
1480061545674,306241536,80625664,386867200
1480061700876,306241536,80625664,386867200
1480061766837,306253824,80629760,386883584
1480061857357,306253824,80625664,386879488
1480062012304,306253824,80625664,386879488
1480062173326,306253824,80625664,386879488
1480062327260,306253824,80625664,386879488
1480062483198,306253824,80625664,386879488
1480062635585,306253824,80625664,386879488
1480062791129,306253824,80625664,386879488
1480062946403,306253824,80625664,386879488
1480063101686,306253824,80625664,386879488
1480063258178,306253824,80625664,386879488
1480063408496,306253824,80625664,386879488
1480063563435,306253824,80625664,386879488
1480063721151,306253824,80625664,386879488
1480063872455,306253824,80625664,386879488
1480064028145,306253824,80625664,386879488
1480064183498,306253824,80625664,386879488
1480064337711,306253824,80625664,386879488
1480064493618,306253824,80625664,386879488
1480064649147,306253824,80625664,386879488
1480064803792,306253824,80625664,386879488
1480064958387,306253824,80625664,386879488
1480065114310,306253824,80625664,386879488
1480065270027,306253824,80625664,386879488
1480065422395,306253824,80625664,386879488
1480065575008,306253824,80625664,386879488
1480065729339,306253824,80625664,386879488
1480065884910,306253824,80625664,386879488
1480066041052,306253824,80625664,386879488
1480066195999,305078272,80625664,385703936
1480066350838,306343936,80625664,386969600
1480066506159,306343936,80625664,386969600
1480066586347,306356224,80629760,386985984
1480066660926,306356224,80625664,386981888
1480066815992,306356224,80625664,386981888
1480066971244,306356224,80625664,386981888
1480067127447,306356224,80625664,386981888
1480067281474,306356224,80625664,386981888
1480067437638,306356224,80625664,386981888
1480067591850,306356224,80625664,386981888
1480067747458,306356224,80625664,386981888
1480067908495,306356224,80625664,386981888
1480068065263,306356224,80625664,386981888
1480068224965,306356224,80625664,386981888
1480068379907,306356224,80625664,386981888
1480068535615,306356224,80625664,386981888
1480068687418,306356224,80625664,386981888
1480068841065,306356224,80625664,386981888
1480068991959,306356224,80625664,386981888
1480069143606,306356224,80625664,386981888
1480069296162,306356224,80625664,386981888
1480069452305,306356224,80625664,386981888
1480069608328,306356224,80625664,386981888
1480069760485,306356224,80625664,386981888
1480069916045,306356224,80625664,386981888
1480070072264,306356224,80625664,386981888
1480070232664,306356224,80625664,386981888
1480070387291,306356224,80625664,386981888
1480070540746,306356224,80625664,386981888
1480070696067,306356224,80625664,386981888
1480070853512,306356224,80625664,386981888
1480071007149,305205248,80625664,385830912
1480071163263,306409472,80625664,387035136
1480071319047,306409472,80625664,387035136
1480071443081,306425856,80629760,387055616
1480071628184,306425856,80625664,387051520
1480071782533,306425856,80625664,387051520
1480071939000,306425856,80625664,387051520
1480072093420,306425856,80625664,387051520
1480072248991,306425856,80625664,387051520
1480072401736,306425856,80625664,387051520
1480072557745,306425856,80625664,387051520
1480072711675,306425856,80625664,387051520
1480072872211,306425856,80625664,387051520
1480073026184,306425856,80625664,387051520
1480073182556,306425856,80625664,387051520
1480073337861,306425856,80625664,387051520
1480073496827,306425856,80625664,387051520
1480073647863,306425856,80625664,387051520
1480073801178,306425856,80625664,387051520
1480073956916,306425856,80625664,387051520
1480074112252,306425856,80625664,387051520
1480074273384,306425856,80625664,387051520
1480074428945,306425856,80625664,387051520
1480074583227,306425856,80625664,387051520
1480074738213,306425856,80625664,387051520
1480074892402,306425856,80625664,387051520
1480075047630,306425856,80625664,387051520
1480075201719,306425856,80625664,387051520
1480075357197,306425856,80625664,387051520
1480075507454,306425856,80625664,387051520
1480075662509,306425856,80625664,387051520
1480075817154,305209344,80625664,385835008
1480075970729,306540544,80625664,387166208
1480076124689,306540544,80625664,387166208
1480076197392,306556928,80629760,387186688
1480076285526,306556928,80625664,387182592
1480076441744,306556928,80625664,387182592
1480076593343,306556928,80625664,387182592
1480076750320,306556928,80625664,387182592
1480076909902,306556928,80625664,387182592
1480077070365,306556928,80625664,387182592
1480077223298,306556928,80625664,387182592
1480077378271,306556928,80625664,387182592
1480077533569,306556928,80625664,387182592
1480077688368,306556928,80625664,387182592
1480077844939,306556928,80625664,387182592
1480077997681,306556928,80625664,387182592
1480078149770,306556928,80625664,387182592
1480078302034,306556928,80625664,387182592
1480078457961,306556928,80625664,387182592
1480078614127,306556928,80625664,387182592
1480078769364,306556928,80625664,387182592
1480078922079,306556928,80625664,387182592
1480079076553,306556928,80625664,387182592
1480079230548,306556928,80625664,387182592
1480079386728,306556928,80625664,387182592
1480079539482,306556928,80625664,387182592
1480079694308,306556928,80625664,387182592
1480079848459,306556928,80625664,387182592
1480080002798,306556928,80625664,387182592
1480080158190,306556928,80625664,387182592
1480080312850,306556928,80625664,387182592
1480080472885,306556928,80625664,387182592
1480080627793,305340416,80625664,385966080
1480080783816,306622464,80625664,387248128
1480080939672,306622464,80625664,387248128
1480081035113,306634752,80629760,387264512
1480081094282,306634752,80625664,387260416
1480081249386,306634752,80625664,387260416
1480081405927,306634752,80625664,387260416
1480081560415,306634752,80625664,387260416
1480081715441,306634752,80625664,387260416
1480081870742,306634752,80625664,387260416
1480082025658,306634752,80625664,387260416
1480082180539,306634752,80625664,387260416
1480082336818,306634752,80625664,387260416
1480082490834,306634752,80625664,387260416
1480082645796,306634752,80625664,387260416
1480082802516,306634752,80625664,387260416
1480082967010,306634752,80625664,387260416
1480083113333,306634752,80625664,387260416
1480083267308,306634752,80625664,387260416
1480083423685,306634752,80625664,387260416
1480083578809,306634752,80625664,387260416
1480083732464,306634752,80625664,387260416
1480083884872,306634752,80625664,387260416
1480084040634,306634752,80625664,387260416
1480084195365,306634752,80625664,387260416
1480084351544,306634752,80625664,387260416
1480084507266,306634752,80625664,387260416
1480084662092,306634752,80625664,387260416
1480084817297,306634752,80625664,387260416
1480084973118,306634752,80625664,387260416
1480085127614,306634752,80625664,387260416
1480085283348,306634752,80625664,387260416
1480085438971,306671616,80625664,387297280
1480085594106,306671616,80625664,387297280
1480085713021,306688000,80629760,387317760
1480085902341,306688000,80625664,387313664
1480086059083,306688000,80625664,387313664
1480086213487,306688000,80625664,387313664
1480086373723,306688000,80625664,387313664
1480086529094,306688000,80625664,387313664
1480086683839,306688000,80625664,387313664
1480086838048,306688000,80625664,387313664
1480086991597,306688000,80625664,387313664
1480087147365,306688000,80625664,387313664
1480087303222,306688000,80625664,387313664
1480087459041,306688000,80625664,387313664
1480087613367,306688000,80625664,387313664
1480087771901,306688000,80625664,387313664
1480087926086,306688000,80625664,387313664
1480088083250,306688000,80625664,387313664
1480088236716,306688000,80625664,387313664
1480088391590,306688000,80625664,387313664
1480088546054,306688000,80625664,387313664
1480088701429,306688000,80625664,387313664
1480088856981,306688000,80625664,387313664
1480089011946,306688000,80625664,387313664
1480089172041,306688000,80625664,387313664
1480089327779,306688000,80625664,387313664
1480089482940,306688000,80625664,387313664
1480089637787,306688000,80625664,387313664
1480089793140,306688000,80625664,387313664
1480089948374,306688000,80625664,387313664
1480090103469,306688000,80625664,387313664
1480090258618,309239808,80625664,389865472
1480090414455,309239808,80625664,389865472
1480090473809,309252096,80629760,389881856
1480090574486,309252096,80625664,389877760
1480090729437,309252096,80625664,389877760
1480090884848,309252096,80625664,389877760
1480091036460,309252096,80625664,389877760
1480091191668,309252096,80625664,389877760
1480091348698,309252096,80625664,389877760
1480091498712,309252096,80625664,389877760
1480091652902,309252096,80625664,389877760
1480091807140,309252096,80625664,389877760
1480091963294,309252096,80625664,389877760
1480092118636,309252096,80625664,389877760
1480092272932,309252096,80625664,389877760
1480092428395,309252096,80625664,389877760
1480092588678,309252096,80625664,389877760
1480092740851,309252096,80625664,389877760
1480092901235,309252096,80625664,389877760
1480093051485,309252096,80625664,389877760
1480093202488,309252096,80625664,389877760
1480093357798,309252096,80625664,389877760
1480093510192,309252096,80625664,389877760
1480093670940,309252096,80625664,389877760
1480093827395,309252096,80625664,389877760
1480093983054,309252096,80625664,389877760
1480094139098,309252096,80625664,389877760
1480094293924,309252096,80625664,389877760
1480094448994,309252096,80625664,389877760
1480094604355,309252096,80625664,389877760
1480094759296,309252096,80625664,389877760
1480094914959,309252096,80625664,389877760
1480095069773,309354496,80625664,389980160
1480095225607,309354496,80625664,389980160
1480095302662,309366784,80629760,389996544
1480095381522,309366784,80625664,389992448
1480095535669,309366784,80625664,389992448
1480095690866,309366784,80625664,389992448
1480095845846,309366784,80625664,389992448
1480096007117,309366784,80625664,389992448
1480096161244,309366784,80625664,389992448
1480096316749,309366784,80625664,389992448
1480096471877,309366784,80625664,389992448
1480096626923,309366784,80625664,389992448
1480096779990,309366784,80625664,389992448
1480096935054,309366784,80625664,389992448
1480097090179,309366784,80625664,389992448
1480097245370,309366784,80625664,389992448
1480097400375,309366784,80625664,389992448
1480097555805,309366784,80625664,389992448
1480097710606,309366784,80625664,389992448
1480097870618,309366784,80625664,389992448
1480098026903,309366784,80625664,389992448
1480098177375,309366784,80625664,389992448
1480098332774,309366784,80625664,389992448
1480098488012,309366784,80625664,389992448
1480098643417,309366784,80625664,389992448
1480098798570,309366784,80625664,389992448
1480098954376,309366784,80625664,389992448
1480099108902,309366784,80625664,389992448
1480099264037,309366784,80625664,389992448
1480099419708,309366784,80625664,389992448
1480099575190,309366784,80625664,389992448
1480099730012,309366784,80625664,389992448
1480099884815,309444608,80625664,390070272
1480100040041,309444608,80625664,390070272
1480100093644,309456896,80629760,390086656
1480100194444,309456896,80625664,390082560
1480100348600,309456896,80625664,390082560
1480100503460,309456896,80625664,390082560
1480100658835,309456896,80625664,390082560
1480100813915,309456896,80625664,390082560
1480100973572,309456896,80625664,390082560
1480101128686,309456896,80625664,390082560
1480101284460,309456896,80625664,390082560
1480101438660,309456896,80625664,390082560
1480101594323,309456896,80625664,390082560
1480101748862,309456896,80625664,390082560
1480101904344,309456896,80625664,390082560
1480102059242,309456896,80625664,390082560
1480102216204,309456896,80625664,390082560
1480102371549,309456896,80625664,390082560
1480102532580,309456896,80625664,390082560
1480102681125,309456896,80625664,390082560
1480102836055,309456896,80625664,390082560
1480102989964,309456896,80625664,390082560
1480103145167,309456896,80625664,390082560
1480103300407,309456896,80625664,390082560
1480103455422,309456896,80625664,390082560
1480103610534,309456896,80625664,390082560
1480103771353,309456896,80625664,390082560
1480103930947,309456896,80625664,390082560
1480104086404,309456896,80625664,390082560
1480104241563,309456896,80625664,390082560
1480104396855,309456896,80625664,390082560
1480104551749,308199424,80625664,388825088
1480104707280,309596160,80625664,390221824
1480104863086,309596160,80625664,390221824
1480104914251,309608448,80629760,390238208
1480105017264,309608448,80625664,390234112
1480105173380,309608448,80625664,390234112
1480105328068,309608448,80625664,390234112
1480105484173,309608448,80625664,390234112
1480105638409,309608448,80625664,390234112
1480105793501,309608448,80625664,390234112
1480105949576,309608448,80625664,390234112
1480106103938,309608448,80625664,390234112
1480106259243,309608448,80625664,390234112
1480106415093,309608448,80625664,390234112
1480106569542,309608448,80625664,390234112
1480106724766,309608448,80625664,390234112
1480106880435,309608448,80625664,390234112
1480107035288,309608448,80625664,390234112
1480107190507,309608448,80625664,390234112
1480107346326,309608448,80625664,390234112
1480107500753,309608448,80625664,390234112
1480107656963,309608448,80625664,390234112
1480107812344,309608448,80625664,390234112
1480107971990,309608448,80625664,390234112
1480108128384,309608448,80625664,390234112
1480108282256,309608448,80625664,390234112
1480108439200,309608448,80625664,390234112
1480108589250,309608448,80625664,390234112
1480108745518,309608448,80625664,390234112
1480108900503,309608448,80625664,390234112
1480109055762,309608448,80625664,390234112
1480109210984,309608448,80625664,390234112
1480109370617,308662272,80625664,389287936
1480109526478,309649408,80625664,390275072
1480109682139,309649408,80625664,390275072
1480109717757,309673984,80629760,390303744
1480109838448,309673984,80625664,390299648
1480109991407,309673984,80625664,390299648
1480110148077,309673984,80625664,390299648
1480110303667,309673984,80625664,390299648
1480110459902,309673984,80625664,390299648
1480110615092,309673984,80625664,390299648
1480110767937,309673984,80625664,390299648
1480110922195,309673984,80625664,390299648
1480111075439,309673984,80625664,390299648
1480111231463,309673984,80625664,390299648
1480111386128,309673984,80625664,390299648
1480111542754,309673984,80625664,390299648
1480111697796,309673984,80625664,390299648
1480111852255,309673984,80625664,390299648
1480112005717,309673984,80625664,390299648
1480112163332,309673984,80625664,390299648
1480112314028,309673984,80625664,390299648
1480112473505,309673984,80625664,390299648
1480112627709,309673984,80625664,390299648
1480112781854,309673984,80625664,390299648
1480112938609,309673984,80625664,390299648
1480113094613,309673984,80625664,390299648
1480113249498,309673984,80625664,390299648
1480113411511,309673984,80625664,390299648
1480113571741,309673984,80625664,390299648
1480113726544,309673984,80625664,390299648
1480113881800,309673984,80625664,390299648
1480114036036,309673984,80625664,390299648
1480114191817,308436992,80625664,389062656
1480114346635,309768192,80625664,390393856
1480114503167,309768192,80625664,390393856
1480114560267,309780480,80629760,390410240
1480114657898,309780480,80625664,390406144
1480114812997,309780480,80625664,390406144
1480114973037,309780480,80625664,390406144
1480115128809,309780480,80625664,390406144
1480115283265,309780480,80625664,390406144
1480115438422,309780480,80625664,390406144
1480115593467,309780480,80625664,390406144
1480115749400,309780480,80625664,390406144
1480115902322,309780480,80625664,390406144
1480116058317,309780480,80625664,390406144
1480116212263,309780480,80625664,390406144
1480116367970,309780480,80625664,390406144
1480116522783,309780480,80625664,390406144
1480116679035,309780480,80625664,390406144
1480116835002,309780480,80625664,390406144
1480116989725,309780480,80625664,390406144
1480117142459,309780480,80625664,390406144
1480117296556,309780480,80625664,390406144
1480117452145,309780480,80625664,390406144
1480117607873,309780480,80625664,390406144
1480117760110,309780480,80625664,390406144
1480117913461,309780480,80625664,390406144
1480118074586,309780480,80625664,390406144
1480118230951,309780480,80625664,390406144
1480118386132,309780480,80625664,390406144
1480118540590,309780480,80625664,390406144
1480118696659,309780480,80625664,390406144
1480118851866,309780480,80625664,390406144
1480119008095,308563968,80625664,389189632
1480119162843,309850112,80625664,390475776
1480119318014,309850112,80625664,390475776
1480119358881,310108160,80629760,390737920
1480119472893,310108160,80625664,390733824
1480119629357,310108160,80625664,390733824
1480119783457,310108160,80625664,390733824
1480119939221,310108160,80625664,390733824
1480120095796,310108160,80625664,390733824
1480120250732,310108160,80625664,390733824
1480120405454,310108160,80625664,390733824
1480120560825,310108160,80625664,390733824
1480120716755,310108160,80625664,390733824
1480120870992,310108160,80625664,390733824
1480121026771,310108160,80625664,390733824
1480121182675,310108160,80625664,390733824
1480121337234,310108160,80625664,390733824
1480121492333,310108160,80625664,390733824
1480121647367,310108160,80625664,390733824
1480121809058,310108160,80625664,390733824
1480121958087,310108160,80625664,390733824
1480122112952,310108160,80625664,390733824
1480122273295,310108160,80625664,390733824
1480122427442,310108160,80625664,390733824
1480122582543,310108160,80625664,390733824
1480122738129,310108160,80625664,390733824
1480122892553,310108160,80625664,390733824
1480123043723,310108160,80625664,390733824
1480123199095,310108160,80625664,390733824
1480123353438,310108160,80625664,390733824
1480123507880,310108160,80625664,390733824
1480123663148,310108160,80625664,390733824
1480123816782,309518336,80625664,390144000
1480123973386,309923840,80625664,390549504
1480124128236,309923840,80625664,390549504
1480124183894,309948416,80629760,390578176
1480124283457,309948416,80625664,390574080
1480124438765,309948416,80625664,390574080
1480124592629,309948416,80625664,390574080
1480124748849,309948416,80625664,390574080
1480124903030,309948416,80625664,390574080
1480125058556,309948416,80625664,390574080
1480125213626,309948416,80625664,390574080
1480125368990,309948416,80625664,390574080
1480125523993,309948416,80625664,390574080
1480125679230,309948416,80625664,390574080
1480125834490,309948416,80625664,390574080
1480125990554,309948416,80625664,390574080
1480126146436,309948416,80625664,390574080
1480126300570,309948416,80625664,390574080
1480126456007,309948416,80625664,390574080
1480126611476,309948416,80625664,390574080
1480126771321,309948416,80625664,390574080
1480126926660,309948416,80625664,390574080
1480127082349,309948416,80625664,390574080
1480127237572,309948416,80625664,390574080
1480127392667,309948416,80625664,390574080
1480127547544,309948416,80625664,390574080
1480127704793,309948416,80625664,390574080
1480127855187,309948416,80625664,390574080
1480128010506,309948416,80625664,390574080
1480128170967,309948416,80625664,390574080
1480128323574,309948416,80625664,390574080
1480128478787,309948416,80625664,390574080
1480128633806,308703232,80625664,389328896
1480128789481,309985280,80625664,390610944
1480128945485,309985280,80625664,390610944
1480128994761,309997568,80629760,390627328
1480129099786,309997568,80625664,390623232
1480129254400,309997568,80625664,390623232
1480129409690,309997568,80625664,390623232
1480129564937,309997568,80625664,390623232
1480129720034,309997568,80625664,390623232
1480129876024,309997568,80625664,390623232
1480130031117,309997568,80625664,390623232
1480130187551,309997568,80625664,390623232
1480130343658,309997568,80625664,390623232
1480130495610,309997568,80625664,390623232
1480130650917,309997568,80625664,390623232
1480130806358,309997568,80625664,390623232
1480130962132,309997568,80625664,390623232
1480131116635,309997568,80625664,390623232
1480131272773,309997568,80625664,390623232
1480131432516,309997568,80625664,390623232
1480131582514,309997568,80625664,390623232
1480131737113,309997568,80625664,390623232
1480131893057,309997568,80625664,390623232
1480132049494,309997568,80625664,390623232
1480132204222,309997568,80625664,390623232
1480132356481,309997568,80625664,390623232
1480132511970,309997568,80625664,390623232
1480132671582,309997568,80625664,390623232
1480132825723,309997568,80625664,390623232
1480132981212,309997568,80625664,390623232
1480133137497,309997568,80625664,390623232
1480133291950,309997568,80625664,390623232
1480133447720,310124544,80625664,390750208
1480133599204,310124544,80625664,390750208
1480133694507,310136832,80629760,390766592
1480133754808,310136832,80625664,390762496
1480133909070,310136832,80625664,390762496
1480134064601,310136832,80625664,390762496
1480134219750,310136832,80625664,390762496
1480134374891,310136832,80625664,390762496
1480134530058,310136832,80625664,390762496
1480134685592,310136832,80625664,390762496
1480134840901,310136832,80625664,390762496
1480134996148,310136832,80625664,390762496
1480135153315,310136832,80625664,390762496
1480135307605,310136832,80625664,390762496
1480135462790,310136832,80625664,390762496
1480135617581,310136832,80625664,390762496
1480135773061,310136832,80625664,390762496
1480135928564,310136832,80625664,390762496
1480136082760,310136832,80625664,390762496
1480136239358,310136832,80625664,390762496
1480136394312,310136832,80625664,390762496
1480136551144,310136832,80625664,390762496
1480136706674,310136832,80625664,390762496
1480136862903,310136832,80625664,390762496
1480137017223,310136832,80625664,390762496
1480137172259,310136832,80625664,390762496
1480137327831,310136832,80625664,390762496
1480137484859,310136832,80625664,390762496
1480137639568,310136832,80625664,390762496
1480137792351,310136832,80625664,390762496
1480137947754,310136832,80625664,390762496
1480138103666,310136832,80625664,390762496
1480138258510,310202368,80625664,390828032
1480138409685,310202368,80625664,390828032
1480138477201,311783424,80629760,392413184
1480138563761,311783424,80625664,392409088
1480138718083,311783424,80625664,392409088
1480138874296,311783424,80625664,392409088
1480139026125,311783424,80625664,392409088
1480139180557,311783424,80625664,392409088
1480139333533,311783424,80625664,392409088
1480139486197,311783424,80625664,392409088
1480139641173,311783424,80625664,392409088
1480139797332,311783424,80625664,392409088
1480139957433,311783424,80625664,392409088
1480140113092,311783424,80625664,392409088
1480140274825,311783424,80625664,392409088
1480140430346,311783424,80625664,392409088
1480140586180,311783424,80625664,392409088
1480140740813,311783424,80625664,392409088
1480140892583,311783424,80625664,392409088
1480141056523,311783424,80625664,392409088
1480141200434,311783424,80625664,392409088
1480141355736,311783424,80625664,392409088
1480141507967,311783424,80625664,392409088
1480141662658,311783424,80625664,392409088
1480141817701,311783424,80625664,392409088
1480141972497,311783424,80625664,392409088
1480142128455,311783424,80625664,392409088
1480142283279,311783424,80625664,392409088
1480142435571,311783424,80625664,392409088
1480142591390,311783424,80625664,392409088
1480142746475,311783424,80625664,392409088
1480142898497,311783424,80625664,392409088
1480143054788,310333440,80625664,390959104
1480143209351,310333440,80625664,390959104
1480143257506,310341632,80629760,390971392
1480143364013,310341632,80625664,390967296
1480143518963,310341632,80625664,390967296
1480143672557,310341632,80625664,390967296
1480143828284,310341632,80625664,390967296
1480143983655,310341632,80625664,390967296
1480144139796,310341632,80625664,390967296
1480144293715,310341632,80625664,390967296
1480144449077,310341632,80625664,390967296
1480144604191,310341632,80625664,390967296
1480144759050,310341632,80625664,390967296
1480144914658,310341632,80625664,390967296
1480145075121,310341632,80625664,390967296
1480145229916,310341632,80625664,390967296
1480145386205,310341632,80625664,390967296
1480145541805,310341632,80625664,390967296
1480145696595,310341632,80625664,390967296
1480145851610,310341632,80625664,390967296
1480146007608,310341632,80625664,390967296
1480146162528,310341632,80625664,390967296
1480146319001,310341632,80625664,390967296
1480146472682,310341632,80625664,390967296
1480146624798,310341632,80625664,390967296
1480146781480,310341632,80625664,390967296
1480146932994,310341632,80625664,390967296
1480147087082,310341632,80625664,390967296
1480147241735,310341632,80625664,390967296
1480147394498,310341632,80625664,390967296
1480147551217,310341632,80625664,390967296
1480147706956,310341632,80625664,390967296
1480147861325,310353920,80625664,390979584
1480148015791,310358016,80625664,390983680
1480148037580,310362112,80629760,390991872
1480148175003,310362112,80625664,390987776
1480148326184,310362112,80625664,390987776
1480148483558,310362112,80625664,390987776
1480148637088,310362112,80625664,390987776
1480148792803,310362112,80625664,390987776
1480148948608,310362112,80625664,390987776
1480149103607,310362112,80625664,390987776
1480149259684,310362112,80625664,390987776
1480149415984,310362112,80625664,390987776
1480149570501,310362112,80625664,390987776
1480149727146,310362112,80625664,390987776
1480149882805,310362112,80625664,390987776
1480150038057,310362112,80625664,390987776
1480150194397,310362112,80625664,390987776
1480150344116,310362112,80625664,390987776
1480150500820,310362112,80625664,390987776
1480150662747,310362112,80625664,390987776
1480150810204,310362112,80625664,390987776
1480150966315,310362112,80625664,390987776
1480151121529,310362112,80625664,390987776
1480151275835,310362112,80625664,390987776
1480151438657,310362112,80625664,390987776
1480151591777,310362112,80625664,390987776
1480151747731,310362112,80625664,390987776
1480151899326,310362112,80625664,390987776
1480152054605,310362112,80625664,390987776
1480152208947,310362112,80625664,390987776
1480152363213,310362112,80625664,390987776
1480152518758,310362112,80625664,390987776
1480152673448,310386688,80625664,391012352
1480152828605,310386688,80625664,391012352
1480152837267,310394880,80629760,391024640
1480152985294,310394880,80625664,391020544
1480153139293,310394880,80625664,391020544
1480153294490,310394880,80625664,391020544
1480153449793,310394880,80625664,391020544
1480153605072,310394880,80625664,391020544
1480153759817,310394880,80625664,391020544
1480153915970,310394880,80625664,391020544
1480154071359,310394880,80625664,391020544
1480154226540,310394880,80625664,391020544
1480154381659,310394880,80625664,391020544
1480154537024,310394880,80625664,391020544
1480154691991,310394880,80625664,391020544
1480154847422,310394880,80625664,391020544
1480155003701,310394880,80625664,391020544
1480155159639,310394880,80625664,391020544
1480155313939,310394880,80625664,391020544
1480155472827,310394880,80625664,391020544
1480155629036,310394880,80625664,391020544
1480155784030,310394880,80625664,391020544
1480155939773,310394880,80625664,391020544
1480156093349,310394880,80625664,391020544
1480156250312,310394880,80625664,391020544
1480156404179,310394880,80625664,391020544
1480156560190,310394880,80625664,391020544
1480156714997,310394880,80625664,391020544
1480156870746,310394880,80625664,391020544
1480157028396,310394880,80625664,391020544
1480157182185,310394880,80625664,391020544
1480157337879,309153792,80625664,389779456
1480157492871,310386688,80625664,391012352
1480157645476,310386688,80625664,391012352
1480157650894,310390784,80629760,391020544
1480157800698,310390784,80625664,391016448
1480157955939,310390784,80625664,391016448
1480158112145,310390784,80625664,391016448
1480158273041,310390784,80625664,391016448
1480158428608,310390784,80625664,391016448
1480158582876,310390784,80625664,391016448
1480158737618,310390784,80625664,391016448
1480158893166,310390784,80625664,391016448
1480159048686,310390784,80625664,391016448
1480159203615,310390784,80625664,391016448
1480159358954,310390784,80625664,391016448
1480159514556,310390784,80625664,391016448
1480159675575,310390784,80625664,391016448
1480159829112,310390784,80625664,391016448
1480159985151,310390784,80625664,391016448
1480160139614,310390784,80625664,391016448
1480160298501,310390784,80625664,391016448
1480160449292,310390784,80625664,391016448
1480160602259,310390784,80625664,391016448
1480160758018,310390784,80625664,391016448
1480160913112,310390784,80625664,391016448
1480161073341,310390784,80625664,391016448
1480161228518,310390784,80625664,391016448
1480161384306,310390784,80625664,391016448
1480161539993,310353920,80625664,390979584
1480161694886,310366208,80625664,390991872
1480161849635,310415360,80625664,391041024
1480162005425,310415360,80625664,391041024
1480162160244,309256192,80625664,389881856
1480162316334,310415360,80625664,391041024
1480162476345,310415360,80625664,391041024
1480162498849,310423552,80629760,391053312
1480162631621,310423552,80625664,391049216
1480162786485,310423552,80625664,391049216
1480162938942,310423552,80625664,391049216
1480163093045,310423552,80625664,391049216
1480163248768,310423552,80625664,391049216
1480163403655,310423552,80625664,391049216
1480163558505,310423552,80625664,391049216
1480163713758,310423552,80625664,391049216
1480163874243,310423552,80625664,391049216
1480164030646,310423552,80625664,391049216
1480164185765,310423552,80625664,391049216
1480164340322,310423552,80625664,391049216
1480164495821,310423552,80625664,391049216
1480164650834,310423552,80625664,391049216
1480164805853,310423552,80625664,391049216
1480164960998,310423552,80625664,391049216
1480165117623,310423552,80625664,391049216
1480165271695,310423552,80625664,391049216
1480165428597,310423552,80625664,391049216
1480165580904,310423552,80625664,391049216
1480165737683,310423552,80625664,391049216
1480165888941,310423552,80625664,391049216
1480166042745,310423552,80625664,391049216
1480166192961,310423552,80625664,391049216
1480166345196,310423552,80625664,391049216
1480166501394,310423552,80625664,391049216
1480166656960,310423552,80625664,391049216
1480166809542,310423552,80625664,391049216
1480166964816,309198848,80625664,389824512
1480167118635,310419456,80625664,391045120
1480167274069,310423552,80625664,391049216
1480167278179,310427648,80629760,391057408
1480167429333,310427648,80625664,391053312
1480167585296,310427648,80625664,391053312
1480167740608,310427648,80625664,391053312
1480167892788,310427648,80625664,391053312
1480168047830,310427648,80625664,391053312
1480168203650,310427648,80625664,391053312
1480168363860,310427648,80625664,391053312
1480168518114,310427648,80625664,391053312
1480168672786,310427648,80625664,391053312
1480168829413,310427648,80625664,391053312
1480168983990,310427648,80625664,391053312
1480169136024,310427648,80625664,391053312
1480169288829,310427648,80625664,391053312
1480169441766,310427648,80625664,391053312
1480169597064,310427648,80625664,391053312
1480169752867,310427648,80625664,391053312
1480169906729,310427648,80625664,391053312
1480170068660,310427648,80625664,391053312
1480170218461,310427648,80625664,391053312
1480170373117,310427648,80625664,391053312
1480170529323,310427648,80625664,391053312
1480170684474,310427648,80625664,391053312
1480170838607,310427648,80625664,391053312
1480170994116,310427648,80625664,391053312
1480171149653,310427648,80625664,391053312
1480171303174,310427648,80625664,391053312
1480171459683,310427648,80625664,391053312
1480171613962,310427648,80625664,391053312
1480171769667,309256192,80625664,389881856
1480171925291,310439936,80625664,391065600
1480172085210,310439936,80625664,391065600
1480172117812,310444032,80629760,391073792
1480172236950,310444032,80625664,391069696
1480172391884,310444032,80625664,391069696
1480172546862,310444032,80625664,391069696
1480172702342,310444032,80625664,391069696
1480172857227,310444032,80625664,391069696
1480173012997,310444032,80625664,391069696
1480173173390,310444032,80625664,391069696
1480173328285,310444032,80625664,391069696
1480173483667,310444032,80625664,391069696
1480173638630,310444032,80625664,391069696
1480173793726,310444032,80625664,391069696
1480173949126,310444032,80625664,391069696
1480174104763,310444032,80625664,391069696
1480174259864,310444032,80625664,391069696
1480174415276,310444032,80625664,391069696
1480174576080,310444032,80625664,391069696
1480174730627,310444032,80625664,391069696
1480174887392,310444032,80625664,391069696
1480175041995,310444032,80625664,391069696
1480175197235,310444032,80625664,391069696
1480175353624,310444032,80625664,391069696
1480175514320,310444032,80625664,391069696
1480175674200,310444032,80625664,391069696
1480175829103,310444032,80625664,391069696
1480175983729,310444032,80625664,391069696
1480176139989,310444032,80625664,391069696
1480176294367,310444032,80625664,391069696
1480176450982,310444032,80625664,391069696
1480176607258,309231616,80625664,389857280
1480176762140,310431744,80625664,391057408
1480176917333,310431744,80625664,391057408
1480176948815,310435840,80629760,391065600
1480177071129,310435840,80625664,391061504
1480177229305,310435840,80625664,391061504
1480177383409,310435840,80625664,391061504
1480177537468,310435840,80625664,391061504
1480177693054,310435840,80625664,391061504
1480177847639,310435840,80625664,391061504
1480177999385,310435840,80625664,391061504
1480178154942,310435840,80625664,391061504
1480178310960,310435840,80625664,391061504
1480178461518,310435840,80625664,391061504
1480178616826,310435840,80625664,391061504
1480178772172,310435840,80625664,391061504
1480178924685,310435840,80625664,391061504
1480179079471,310435840,80625664,391061504
1480179235571,310435840,80625664,391061504
1480179390678,310435840,80625664,391061504
1480179543143,310435840,80625664,391061504
1480179703297,310435840,80625664,391061504
1480179853829,310435840,80625664,391061504
1480180010181,310435840,80625664,391061504
1480180164088,310435840,80625664,391061504
1480180320058,310435840,80625664,391061504
1480180474239,310435840,80625664,391061504
1480180629527,310435840,80625664,391061504
1480180784620,310435840,80625664,391061504
1480180940260,310435840,80625664,391061504
1480181094332,310435840,80625664,391061504
1480181249347,310435840,80625664,391061504
1480181404480,309223424,80625664,389849088
1480181557782,310435840,80625664,391061504
1480181712595,310435840,80625664,391061504
1480181721438,310444032,80629760,391073792
1480181874442,310444032,80625664,391069696
1480182029354,310444032,80625664,391069696
1480182185558,310444032,80625664,391069696
1480182337967,310444032,80625664,391069696
1480182492198,310444032,80625664,391069696
1480182647528,310444032,80625664,391069696
1480182803824,310444032,80625664,391069696
1480182959043,310444032,80625664,391069696
1480183114662,310444032,80625664,391069696
1480183274088,310444032,80625664,391069696
1480183429836,310444032,80625664,391069696
1480183585814,310444032,80625664,391069696
1480183739535,310444032,80625664,391069696
1480183894533,310444032,80625664,391069696
1480184050049,310444032,80625664,391069696
1480184205652,310444032,80625664,391069696
1480184361628,310444032,80625664,391069696
1480184523099,310444032,80625664,391069696
1480184677952,310444032,80625664,391069696
1480184832164,310444032,80625664,391069696
1480184987213,310444032,80625664,391069696
1480185143961,310444032,80625664,391069696
1480185298724,310444032,80625664,391069696
1480185452962,310444032,80625664,391069696
1480185608637,310444032,80625664,391069696
1480185763259,310444032,80625664,391069696
1480185918855,310444032,80625664,391069696
1480186074028,310444032,80625664,391069696
1480186228935,309227520,80625664,389853184
1480186384299,310444032,80625664,391069696
1480186537662,310444032,80625664,391069696
1480186550807,310448128,80629760,391077888
1480186688674,310448128,80625664,391073792
1480186844846,310448128,80625664,391073792
1480186997973,310448128,80625664,391073792
1480187152967,310448128,80625664,391073792
1480187309001,310448128,80625664,391073792
1480187464795,310448128,80625664,391073792
1480187620374,310448128,80625664,391073792
1480187775520,310448128,80625664,391073792
1480187927916,310448128,80625664,391073792
1480188084466,310448128,80625664,391073792
1480188239785,310448128,80625664,391073792
1480188394281,310448128,80625664,391073792
1480188546967,310448128,80625664,391073792
1480188701964,310448128,80625664,391073792
1480188858707,310448128,80625664,391073792
1480189013684,310448128,80625664,391073792
1480189173028,310448128,80625664,391073792
1480189338093,310448128,80625664,391073792
1480189481916,310448128,80625664,391073792
1480189636533,310448128,80625664,391073792
1480189792378,310448128,80625664,391073792
1480189948566,310448128,80625664,391073792
1480190102905,310448128,80625664,391073792
1480190260033,310448128,80625664,391073792
1480190413878,310448128,80625664,391073792
1480190574519,310448128,80625664,391073792
1480190728963,310448128,80625664,391073792
1480190882578,310448128,80625664,391073792
1480191043815,310509568,80625664,391135232
1480191199657,310509568,80625664,391135232
1480191233009,310513664,80629760,391143424
1480191356113,310513664,80625664,391139328
1480191510039,310513664,80625664,391139328
1480191663326,310513664,80625664,391139328
1480191815890,310513664,80625664,391139328
1480191974782,310513664,80625664,391139328
1480192127608,310513664,80625664,391139328
1480192284121,310513664,80625664,391139328
1480192439942,310513664,80625664,391139328
1480192591674,310513664,80625664,391139328
1480192748707,310513664,80625664,391139328
1480192902862,310513664,80625664,391139328
1480193058248,310513664,80625664,391139328
1480193213903,310513664,80625664,391139328
1480193374035,310513664,80625664,391139328
1480193529281,310513664,80625664,391139328
1480193685579,310513664,80625664,391139328
1480193839891,310513664,80625664,391139328
1480193995513,310513664,80625664,391139328
1480194150563,310513664,80625664,391139328
1480194306847,310513664,80625664,391139328
1480194460883,310513664,80625664,391139328
1480194616132,310513664,80625664,391139328
1480194776237,310513664,80625664,391139328
1480194932282,310513664,80625664,391139328
1480195086842,310513664,80625664,391139328
1480195242947,310513664,80625664,391139328
1480195396937,310513664,80625664,391139328
1480195551887,310513664,80625664,391139328
1480195707494,310513664,80625664,391139328
1480195860468,310484992,80625664,391110656
1480196014972,310484992,80625664,391110656
1480196050572,310489088,80629760,391118848
1480196176611,310489088,80625664,391114752
1480196329385,310489088,80625664,391114752
1480196486181,310489088,80625664,391114752
1480196640948,310489088,80625664,391114752
1480196796240,310489088,80625664,391114752
1480196952392,310489088,80625664,391114752
1480197104669,310489088,80625664,391114752
1480197258813,310489088,80625664,391114752
1480197413906,310489088,80625664,391114752
1480197574531,310489088,80625664,391114752
1480197728949,310489088,80625664,391114752
1480197884521,310489088,80625664,391114752
1480198039403,310489088,80625664,391114752
1480198192962,310489088,80625664,391114752
1480198348166,310489088,80625664,391114752
1480198500595,310489088,80625664,391114752
1480198656523,310489088,80625664,391114752
1480198815605,310489088,80625664,391114752
1480198983259,310489088,80625664,391114752
1480199131939,310489088,80625664,391114752
1480199284415,310489088,80625664,391114752
1480199439987,310489088,80625664,391114752
1480199595254,310489088,80625664,391114752
1480199749682,310489088,80625664,391114752
1480199905270,310489088,80625664,391114752
1480200061134,310489088,80625664,391114752
1480200213345,310489088,80625664,391114752
1480200374185,310489088,80625664,391114752
1480200528097,310489088,80625664,391114752
1480200684209,310489088,80625664,391114752
1480200834746,310489088,80625664,391114752
1480200852701,310497280,80629760,391127040
1480200994994,310497280,80625664,391122944
1480201148401,310497280,80625664,391122944
1480201303195,310497280,80625664,391122944
1480201459360,310497280,80625664,391122944
1480201615622,310497280,80625664,391122944
1480201773772,310497280,80625664,391122944
1480201930623,310497280,80625664,391122944
1480202086177,310497280,80625664,391122944
1480202240219,310497280,80625664,391122944
1480202393520,310497280,80625664,391122944
1480202549715,310497280,80625664,391122944
1480202705314,310497280,80625664,391122944
1480202859312,310497280,80625664,391122944
1480203014380,310497280,80625664,391122944
1480203171937,310497280,80625664,391122944
1480203329270,310497280,80625664,391122944
1480203483576,310497280,80625664,391122944
1480203638282,310497280,80625664,391122944
1480203793980,310497280,80625664,391122944
1480203949434,310497280,80625664,391122944
1480204105592,310497280,80625664,391122944
1480204260311,310497280,80625664,391122944
1480204415519,310497280,80625664,391122944
1480204575556,310497280,80625664,391122944
1480204731736,310497280,80625664,391122944
1480204885688,310497280,80625664,391122944
1480205041100,310497280,80625664,391122944
1480205196274,310497280,80625664,391122944
1480205352004,309284864,80625664,389910528
1480205506846,310550528,80625664,391176192
1480205663007,310550528,80625664,391176192
1480205697116,310554624,80629760,391184384
1480205817233,310554624,80625664,391180288
1480205972509,310554624,80625664,391180288
1480206127875,310554624,80625664,391180288
1480206283036,310554624,80625664,391180288
1480206439101,310554624,80625664,391180288
1480206593569,310554624,80625664,391180288
1480206750512,310554624,80625664,391180288
1480206902992,310554624,80625664,391180288
1480207059157,310554624,80625664,391180288
1480207213440,310554624,80625664,391180288
1480207375256,310554624,80625664,391180288
1480207531005,310554624,80625664,391180288
1480207683842,310554624,80625664,391180288
1480207839300,310554624,80625664,391180288
1480207998777,310554624,80625664,391180288
1480208155027,310554624,80625664,391180288
1480208310538,310554624,80625664,391180288
1480208468882,310554624,80625664,391180288
1480208627947,310554624,80625664,391180288
1480208775489,310554624,80625664,391180288
1480208930615,310554624,80625664,391180288
1480209085584,310554624,80625664,391180288
1480209241740,310554624,80625664,391180288
1480209394013,310554624,80625664,391180288
1480209549261,310554624,80625664,391180288
1480209704664,310554624,80625664,391180288
1480209861381,310554624,80625664,391180288
1480210016335,310554624,80625664,391180288
1480210177313,309301248,80625664,389926912
1480210328550,310534144,80625664,391159808
1480210483389,310534144,80625664,391159808
1480210502368,310538240,80629760,391168000
1480210639667,310538240,80625664,391163904
1480210793230,310538240,80625664,391163904
1480210949225,310538240,80625664,391163904
1480211104119,310538240,80625664,391163904
1480211258230,310538240,80625664,391163904
1480211413173,310538240,80625664,391163904
1480211574981,310538240,80625664,391163904
1480211729955,310538240,80625664,391163904
1480211885109,310538240,80625664,391163904
1480212040310,310538240,80625664,391163904
1480212195697,310538240,80625664,391163904
1480212350635,310538240,80625664,391163904
1480212504615,310538240,80625664,391163904
1480212655850,310538240,80625664,391163904
1480212811387,310538240,80625664,391163904
1480212971636,310538240,80625664,391163904
1480213127266,310538240,80625664,391163904
1480213280437,310538240,80625664,391163904
1480213435292,310538240,80625664,391163904
1480213589581,310538240,80625664,391163904
1480213744768,310538240,80625664,391163904
1480213900304,310538240,80625664,391163904
1480214056058,310538240,80625664,391163904
1480214210497,310538240,80625664,391163904
1480214365748,310538240,80625664,391163904
1480214520832,310538240,80625664,391163904
1480214676441,310538240,80625664,391163904
1480214831577,310538240,80625664,391163904
1480214987611,309559296,80625664,390184960
1480215142714,312705024,80625664,393330688
1480215298574,312705024,80625664,393330688
1480215329342,312709120,80629760,393338880
1480215453081,312709120,80625664,393334784
1480215608434,312709120,80625664,393334784
1480215763264,312709120,80625664,393334784
1480215920052,312709120,80625664,393334784
1480216075634,312709120,80625664,393334784
1480216230161,312709120,80625664,393334784
1480216386707,312709120,80625664,393334784
1480216541638,312709120,80625664,393334784
1480216696291,312709120,80625664,393334784
1480216852263,312709120,80625664,393334784
1480217007473,312709120,80625664,393334784
1480217162164,312709120,80625664,393334784
1480217318577,312709120,80625664,393334784
1480217472402,312709120,80625664,393334784
1480217627891,312709120,80625664,393334784
1480217783987,312709120,80625664,393334784
1480217934858,312709120,80625664,393334784
1480218090871,312709120,80625664,393334784
1480218252049,312709120,80625664,393334784
1480218402256,312709120,80625664,393334784
1480218556615,312709120,80625664,393334784
1480218712858,312709120,80625664,393334784
1480218872326,312709120,80625664,393334784
1480219023732,312709120,80625664,393334784
1480219178856,312709120,80625664,393334784
1480219334235,312709120,80625664,393334784
1480219489384,312709120,80625664,393334784
1480219644474,312709120,80625664,393334784
1480219800226,311496704,80625664,392122368
1480219956200,312737792,80625664,393363456
1480220110809,312741888,80625664,393367552
1480220168514,312750080,80629760,393379840
1480220266499,312750080,80625664,393375744
1480220421356,312750080,80625664,393375744
1480220576466,312750080,80625664,393375744
1480220731807,312750080,80625664,393375744
1480220886903,312750080,80625664,393375744
1480221042510,312750080,80625664,393375744
1480221197504,312750080,80625664,393375744
1480221353899,312750080,80625664,393375744
1480221509593,312750080,80625664,393375744
1480221664563,312750080,80625664,393375744
1480221819889,312750080,80625664,393375744
1480221976512,312750080,80625664,393375744
1480222130931,312750080,80625664,393375744
1480222285865,312750080,80625664,393375744
1480222441609,312750080,80625664,393375744
1480222597333,312750080,80625664,393375744
1480222751503,312750080,80625664,393375744
1480222906052,312750080,80625664,393375744
1480223062291,312750080,80625664,393375744
1480223217519,312750080,80625664,393375744
1480223376774,312750080,80625664,393375744
1480223532149,312750080,80625664,393375744
1480223687848,312750080,80625664,393375744
1480223843242,312750080,80625664,393375744
1480223997624,312750080,80625664,393375744
1480224152905,312750080,80625664,393375744
1480224308123,312750080,80625664,393375744
1480224463326,312750080,80625664,393375744
1480224618737,311533568,80625664,392159232
1480224773965,312901632,80625664,393527296
1480224928140,312901632,80625664,393527296
1480224983551,312913920,80629760,393543680
1480225084973,312913920,80625664,393539584
1480225238249,312913920,80625664,393539584
1480225394281,312913920,80625664,393539584
1480225549388,312913920,80625664,393539584
1480225704835,312913920,80625664,393539584
1480225861187,312913920,80625664,393539584
1480226017412,312913920,80625664,393539584
1480226176991,312913920,80625664,393539584
1480226332573,312913920,80625664,393539584
1480226486787,312913920,80625664,393539584
1480226642278,312913920,80625664,393539584
1480226797309,312913920,80625664,393539584
1480226952755,312913920,80625664,393539584
1480227108798,312913920,80625664,393539584
1480227262834,312913920,80625664,393539584
1480227418269,312913920,80625664,393539584
1480227573414,312913920,80625664,393539584
1480227727909,312913920,80625664,393539584
1480227891036,312913920,80625664,393539584
1480228036309,312913920,80625664,393539584
1480228192615,312913920,80625664,393539584
1480228349195,312913920,80625664,393539584
1480228503308,312913920,80625664,393539584
1480228657934,312913920,80625664,393539584
1480228813244,312913920,80625664,393539584
1480228973464,312913920,80625664,393539584
1480229131042,312913920,80625664,393539584
1480229284330,312913920,80625664,393539584
1480229439158,312987648,80625664,393613312
1480229593605,312987648,80625664,393613312
1480229697514,313008128,80629760,393637888
1480229749272,313008128,80625664,393633792
1480229903916,313008128,80625664,393633792
1480230058741,313008128,80625664,393633792
1480230214238,313008128,80625664,393633792
1480230374717,313008128,80625664,393633792
1480230526348,313008128,80625664,393633792
1480230682612,313008128,80625664,393633792
1480230838086,313008128,80625664,393633792
1480230992984,313008128,80625664,393633792
1480231149190,313008128,80625664,393633792
1480231300787,313008128,80625664,393633792
1480231457025,313008128,80625664,393633792
1480231611533,313008128,80625664,393633792
1480231766318,313008128,80625664,393633792
1480231922011,313008128,80625664,393633792
1480232078478,313008128,80625664,393633792
1480232232520,313008128,80625664,393633792
1480232388739,313008128,80625664,393633792
1480232544515,313008128,80625664,393633792
1480232698716,313008128,80625664,393633792
1480232854031,313008128,80625664,393633792
1480233009352,313008128,80625664,393633792
1480233164846,313008128,80625664,393633792
1480233319401,313008128,80625664,393633792
1480233474416,313008128,80625664,393633792
1480233627235,313008128,80625664,393633792
1480233783275,313008128,80625664,393633792
1480233937861,313008128,80625664,393633792
1480234093189,313008128,80625664,393633792
1480234248636,313061376,80625664,393687040
1480234403878,313065472,80625664,393691136
1480234504187,313077760,80629760,393707520
1480234559432,313077760,80625664,393703424
1480234714559,313077760,80625664,393703424
1480234875669,313077760,80625664,393703424
1480235029741,313077760,80625664,393703424
1480235185785,313077760,80625664,393703424
1480235340530,313077760,80625664,393703424
1480235495626,313077760,80625664,393703424
1480235651949,313077760,80625664,393703424
1480235806209,313077760,80625664,393703424
1480235961735,313077760,80625664,393703424
1480236117246,313077760,80625664,393703424
1480236277442,313077760,80625664,393703424
1480236432641,313077760,80625664,393703424
1480236588381,313077760,80625664,393703424
1480236744051,313077760,80625664,393703424
1480236898814,313077760,80625664,393703424
1480237054030,313077760,80625664,393703424
1480237208978,313077760,80625664,393703424
1480237364968,313077760,80625664,393703424
1480237519394,313077760,80625664,393703424
1480237681265,313077760,80625664,393703424
1480237830324,313077760,80625664,393703424
1480237985471,313077760,80625664,393703424
1480238140902,313077760,80625664,393703424
1480238294698,313077760,80625664,393703424
1480238451531,313077760,80625664,393703424
1480238605987,313077760,80625664,393703424
1480238762785,313077760,80625664,393703424
1480238916706,313077760,80625664,393703424
1480239077993,313176064,80625664,393801728
1480239233408,313176064,80625664,393801728
1480239330067,313565184,80629760,394194944
1480239387691,313565184,80625664,394190848
1480239544153,313565184,80625664,394190848
1480239698257,313565184,80625664,394190848
1480239854487,313565184,80625664,394190848
1480240008803,313565184,80625664,394190848
1480240164101,313565184,80625664,394190848
1480240319141,313565184,80625664,394190848
1480240474436,313565184,80625664,394190848
1480240630550,313565184,80625664,394190848
1480240785287,313565184,80625664,394190848
1480240940239,313565184,80625664,394190848
1480241092605,313565184,80625664,394190848
1480241247670,313565184,80625664,394190848
1480241403616,313565184,80625664,394190848
1480241559233,313565184,80625664,394190848
1480241714105,313565184,80625664,394190848
1480241874946,313565184,80625664,394190848
1480242029813,313565184,80625664,394190848
1480242185220,313565184,80625664,394190848
1480242340012,313565184,80625664,394190848
1480242495506,313565184,80625664,394190848
1480242655668,313565184,80625664,394190848
1480242811176,313565184,80625664,394190848
1480242966797,313565184,80625664,394190848
1480243122898,313565184,80625664,394190848
1480243277147,313565184,80625664,394190848
1480243434799,313565184,80625664,394190848
1480243588501,313565184,80625664,394190848
1480243744845,312352768,80625664,392978432
1480243898923,313282560,80625664,393908224
1480244054042,313282560,80625664,393908224
1480244126961,313298944,80629760,393928704
1480244210451,313298944,80625664,393924608
1480244363959,313298944,80625664,393924608
1480244519318,313298944,80625664,393924608
1480244675820,313298944,80625664,393924608
1480244830218,313298944,80625664,393924608
1480244985671,313298944,80625664,393924608
1480245141228,313298944,80625664,393924608
1480245295175,313298944,80625664,393924608
1480245449577,313298944,80625664,393924608
1480245604770,313298944,80625664,393924608
1480245756443,313298944,80625664,393924608
1480245911487,313298944,80625664,393924608
1480246067867,313298944,80625664,393924608
1480246222018,313298944,80625664,393924608
1480246377907,313298944,80625664,393924608
1480246532617,313298944,80625664,393924608
1480246688545,313298944,80625664,393924608
1480246842665,313298944,80625664,393924608
1480246998094,313298944,80625664,393924608
1480247153900,313298944,80625664,393924608
1480247315868,313298944,80625664,393924608
1480247464456,313298944,80625664,393924608
1480247619144,313298944,80625664,393924608
1480247774099,313298944,80625664,393924608
1480247929830,313298944,80625664,393924608
1480248085347,313298944,80625664,393924608
1480248240160,313298944,80625664,393924608
1480248395436,313298944,80625664,393924608
1480248550706,312111104,80625664,392736768
1480248703562,313470976,80625664,394096640
1480248854500,313470976,80625664,394096640
1480248926807,313483264,80629760,394113024
1480249011203,313483264,80625664,394108928
1480249166164,313483264,80625664,394108928
1480249320794,313483264,80625664,394108928
1480249477255,313483264,80625664,394108928
1480249632035,313483264,80625664,394108928
1480249789006,313483264,80625664,394108928
1480249944324,313483264,80625664,394108928
1480250098734,313483264,80625664,394108928
1480250253957,313483264,80625664,394108928
1480250408998,313483264,80625664,394108928
1480250564690,313483264,80625664,394108928
1480250719519,313483264,80625664,394108928
1480250874564,313483264,80625664,394108928
1480251029937,313483264,80625664,394108928
1480251185765,313483264,80625664,394108928
1480251337167,313483264,80625664,394108928
1480251491858,313483264,80625664,394108928
1480251648493,313483264,80625664,394108928
1480251804599,313483264,80625664,394108928
1480251957593,313483264,80625664,394108928
1480252109193,313483264,80625664,394108928
1480252264982,313483264,80625664,394108928
1480252419156,313483264,80625664,394108928
1480252574103,313483264,80625664,394108928
1480252729257,313483264,80625664,394108928
1480252884427,313483264,80625664,394108928
1480253041098,313483264,80625664,394108928
1480253196648,313483264,80625664,394108928
1480253351876,312320000,80625664,392945664
1480253507490,313548800,80625664,394174464
1480253666609,313556992,80625664,394182656
1480253818560,313569280,80625664,394194944
1480253877977,314597376,80629760,395227136
1480253978265,314597376,80625664,395223040
1480254134184,314597376,80625664,395223040
1480254289252,314597376,80625664,395223040
1480254443979,314597376,80625664,395223040
1480254595518,314597376,80625664,395223040
1480254748890,314597376,80625664,395223040
1480254904576,314597376,80625664,395223040
1480255058753,314597376,80625664,395223040
1480255215723,314597376,80625664,395223040
1480255368818,314597376,80625664,395223040
1480255524640,314597376,80625664,395223040
1480255685530,314597376,80625664,395223040
1480255840150,314597376,80625664,395223040
1480255995652,314597376,80625664,395223040
1480256150547,314597376,80625664,395223040
1480256307116,314597376,80625664,395223040
1480256460851,314597376,80625664,395223040
1480256615771,314597376,80625664,395223040
1480256786979,314597376,80625664,395223040
1480256930886,314597376,80625664,395223040
1480257084302,314597376,80625664,395223040
1480257238470,314597376,80625664,395223040
1480257393924,314597376,80625664,395223040
1480257548976,314597376,80625664,395223040
1480257704072,314597376,80625664,395223040
1480257860100,314597376,80625664,395223040
1480258015389,314597376,80625664,395223040
1480258175990,313434112,80625664,394059776
1480258330951,313544704,80625664,394170368
1480258486485,313544704,80625664,394170368
1480258492564,313552896,80629760,394182656
1480258641453,313552896,80625664,394178560
1480258796666,313552896,80625664,394178560
1480258952696,313552896,80625664,394178560
1480259106947,313552896,80625664,394178560
1480259262526,313552896,80625664,394178560
1480259417429,313552896,80625664,394178560
1480259577468,313552896,80625664,394178560
1480259733395,313552896,80625664,394178560
1480259888771,313552896,80625664,394178560
1480260043877,313552896,80625664,394178560
1480260198490,313552896,80625664,394178560
1480260351786,313552896,80625664,394178560
1480260503448,313552896,80625664,394178560
1480260658974,313552896,80625664,394178560
1480260813674,313552896,80625664,394178560
1480260974235,313552896,80625664,394178560
1480261129377,313552896,80625664,394178560
1480261285625,313552896,80625664,394178560
1480261439225,313552896,80625664,394178560
1480261594857,313552896,80625664,394178560
1480261749729,313552896,80625664,394178560
1480261904738,313552896,80625664,394178560
1480262059892,313552896,80625664,394178560
1480262215468,313552896,80625664,394178560
1480262376560,313552896,80625664,394178560
1480262530498,313552896,80625664,394178560
1480262685744,313552896,80625664,394178560
1480262841886,313552896,80625664,394178560
1480262996026,312315904,80625664,392941568
1480263151939,313544704,80625664,394170368
1480263307891,313544704,80625664,394170368
1480263318491,313548800,80629760,394178560
1480263461975,313548800,80625664,394174464
1480263617232,313548800,80625664,394174464
1480263778184,313548800,80625664,394174464
1480263933662,313548800,80625664,394174464
1480264089073,313548800,80625664,394174464
1480264243587,313548800,80625664,394174464
1480264398481,313548800,80625664,394174464
1480264554160,313548800,80625664,394174464
1480264709010,313548800,80625664,394174464
1480264864075,313548800,80625664,394174464
1480265019357,313548800,80625664,394174464
1480265174229,313548800,80625664,394174464
1480265329513,313548800,80625664,394174464
1480265484270,313548800,80625664,394174464
1480265639881,313548800,80625664,394174464
1480265794833,313548800,80625664,394174464
1480265950783,313548800,80625664,394174464
1480266106591,313548800,80625664,394174464
1480266260871,313548800,80625664,394174464
1480266415994,313548800,80625664,394174464
1480266584369,313548800,80625664,394174464
1480266731050,313548800,80625664,394174464
1480266886176,313548800,80625664,394174464
1480267042296,313548800,80625664,394174464
1480267196379,313548800,80625664,394174464
1480267351933,313548800,80625664,394174464
1480267505040,313548800,80625664,394174464
1480267660163,313548800,80625664,394174464
1480267815275,312324096,80625664,392949760
1480267976062,313540608,80625664,394166272
1480268125473,313544704,80629760,394174464
1480268287102,313544704,80625664,394170368
1480268440876,313544704,80625664,394170368
1480268596290,313544704,80625664,394170368
1480268751401,313544704,80625664,394170368
1480268906745,313544704,80625664,394170368
1480269061892,313544704,80625664,394170368
1480269217539,313544704,80625664,394170368
1480269373778,313544704,80625664,394170368
1480269527563,313544704,80625664,394170368
1480269682706,313544704,80625664,394170368
1480269839554,313544704,80625664,394170368
1480269994331,313544704,80625664,394170368
1480270148994,313544704,80625664,394170368
1480270304216,313544704,80625664,394170368
1480270459716,313544704,80625664,394170368
1480270615055,313544704,80625664,394170368
1480270774156,313544704,80625664,394170368
1480270929616,313544704,80625664,394170368
1480271084657,313544704,80625664,394170368
1480271240233,313544704,80625664,394170368
1480271394448,313544704,80625664,394170368
1480271549697,313544704,80625664,394170368
1480271705238,313544704,80625664,394170368
1480271860223,313544704,80625664,394170368
1480272016247,313544704,80625664,394170368
1480272175372,313544704,80625664,394170368
1480272330269,313544704,80625664,394170368
1480272486811,313544704,80625664,394170368
1480272640599,313573376,80625664,394199040
1480272796052,313573376,80625664,394199040
1480272842173,313577472,80629760,394207232
1480272950657,313577472,80625664,394203136
1480273107270,313577472,80625664,394203136
1480273261597,313577472,80625664,394203136
1480273416963,313577472,80625664,394203136
1480273576913,313577472,80625664,394203136
1480273734119,313577472,80625664,394203136
1480273887846,313577472,80625664,394203136
1480274045524,313577472,80625664,394203136
1480274198391,313577472,80625664,394203136
1480274354303,313577472,80625664,394203136
1480274508751,313577472,80625664,394203136
1480274663642,313577472,80625664,394203136
1480274819261,313577472,80625664,394203136
1480274973701,313577472,80625664,394203136
1480275130300,313577472,80625664,394203136
1480275284645,313577472,80625664,394203136
1480275439576,313577472,80625664,394203136
1480275595672,313577472,80625664,394203136
1480275751065,313577472,80625664,394203136
1480275906572,313577472,80625664,394203136
1480276066503,313577472,80625664,394203136
1480276222761,313577472,80625664,394203136
1480276384526,313577472,80625664,394203136
1480276534058,313577472,80625664,394203136
1480276687706,313577472,80625664,394203136
1480276842924,313577472,80625664,394203136
1480276998235,313577472,80625664,394203136
1480277153331,313577472,80625664,394203136
1480277309325,313577472,80625664,394203136
1480277463564,313622528,80625664,394248192
1480277618703,313622528,80625664,394248192
1480277644925,313626624,80629760,394256384
1480277774124,313626624,80625664,394252288
1480277931159,313626624,80625664,394252288
1480278085089,313626624,80625664,394252288
1480278241299,313626624,80625664,394252288
1480278395228,313626624,80625664,394252288
1480278551380,313626624,80625664,394252288
1480278705712,313626624,80625664,394252288
1480278860822,313626624,80625664,394252288
1480279016893,313626624,80625664,394252288
1480279176201,313626624,80625664,394252288
1480279332171,313626624,80625664,394252288
1480279487335,313626624,80625664,394252288
1480279642466,313626624,80625664,394252288
1480279798056,313626624,80625664,394252288
1480279954425,313626624,80625664,394252288
1480280108854,313626624,80625664,394252288
1480280263882,313626624,80625664,394252288
1480280419143,313626624,80625664,394252288
1480280574152,313626624,80625664,394252288
1480280729348,313626624,80625664,394252288
1480280885686,313626624,80625664,394252288
1480281039537,313626624,80625664,394252288
1480281194825,313626624,80625664,394252288
1480281350607,313626624,80625664,394252288
1480281507315,313626624,80625664,394252288
1480281660923,313626624,80625664,394252288
1480281816625,313626624,80625664,394252288
1480281977075,313626624,80625664,394252288
1480282132228,312434688,80625664,393060352
1480282287444,313618432,80625664,394244096
1480282442293,313618432,80625664,394244096
1480282464834,313622528,80629760,394252288
1480282597720,313622528,80625664,394248192
1480282752507,313622528,80625664,394248192
1480282908895,313622528,80625664,394248192
1480283063567,313622528,80625664,394248192
1480283219207,313622528,80625664,394248192
1480283373656,313622528,80625664,394248192
1480283529001,313622528,80625664,394248192
1480283684708,313622528,80625664,394248192
1480283840283,313622528,80625664,394248192
1480283995044,313622528,80625664,394248192
1480284150444,313622528,80625664,394248192
1480284306086,313622528,80625664,394248192
1480284462574,313622528,80625664,394248192
1480284617378,313622528,80625664,394248192
1480284776415,313622528,80625664,394248192
1480284937334,313622528,80625664,394248192
1480285092311,313622528,80625664,394248192
1480285247402,313622528,80625664,394248192
1480285403880,313622528,80625664,394248192
1480285559013,313622528,80625664,394248192
1480285713681,313622528,80625664,394248192
1480285868744,313622528,80625664,394248192
1480286032134,313622528,80625664,394248192
1480286175449,313622528,80625664,394248192
1480286332656,313622528,80625664,394248192
1480286486486,313622528,80625664,394248192
1480286641454,313622528,80625664,394248192
1480286798749,313622528,80625664,394248192
1480286954596,313561088,80625664,394186752
1480287109165,313606144,80625664,394231808
1480287262880,313606144,80625664,394231808
1480287297270,313610240,80629760,394240000
1480287418285,313610240,80625664,394235904
1480287578359,313610240,80625664,394235904
1480287734211,313610240,80625664,394235904
1480287889600,313610240,80625664,394235904
1480288045203,313610240,80625664,394235904
1480288201012,313610240,80625664,394235904
1480288357145,313610240,80625664,394235904
1480288510609,313610240,80625664,394235904
1480288666294,313610240,80625664,394235904
1480288820607,313610240,80625664,394235904
1480288976026,313610240,80625664,394235904
1480289131743,313610240,80625664,394235904
1480289287043,313610240,80625664,394235904
1480289442357,313610240,80625664,394235904
1480289597137,313610240,80625664,394235904
1480289752307,313610240,80625664,394235904
1480289908407,313610240,80625664,394235904
1480290063047,313610240,80625664,394235904
1480290217970,313610240,80625664,394235904
1480290373578,313610240,80625664,394235904
1480290528741,313610240,80625664,394235904
1480290689300,313610240,80625664,394235904
1480290844550,313610240,80625664,394235904
1480290999597,313610240,80625664,394235904
1480291154996,313610240,80625664,394235904
1480291310335,313610240,80625664,394235904
1480291465775,313610240,80625664,394235904
1480291621656,313610240,80625664,394235904
1480291776394,313610240,80625664,394235904
1480291932549,313634816,80625664,394260480
1480292088913,313634816,80625664,394260480
1480292200312,313638912,80629760,394268672
1480292397330,313638912,80625664,394264576
1480292553188,313638912,80625664,394264576
1480292707724,313638912,80625664,394264576
1480292862685,313638912,80625664,394264576
1480293017664,313638912,80625664,394264576
1480293173433,313638912,80625664,394264576
1480293328086,313638912,80625664,394264576
1480293490476,313638912,80625664,394264576
1480293634929,313638912,80625664,394264576
1480293789771,313638912,80625664,394264576
1480293945961,313638912,80625664,394264576
1480294100035,313638912,80625664,394264576
1480294255088,313638912,80625664,394264576
1480294410463,313638912,80625664,394264576
1480294565681,313638912,80625664,394264576
1480294721142,313638912,80625664,394264576
1480294876347,313638912,80625664,394264576
1480295031947,313638912,80625664,394264576
1480295186656,313638912,80625664,394264576
1480295341614,313638912,80625664,394264576
1480295498375,313638912,80625664,394264576
1480295653362,313638912,80625664,394264576
1480295822952,313638912,80625664,394264576
1480295970272,313638912,80625664,394264576
1480296127019,313638912,80625664,394264576
1480296279923,313638912,80625664,394264576
1480296435069,313638912,80625664,394264576
1480296589978,312455168,80625664,393080832
1480296745677,313634816,80625664,394260480
1480296901353,313634816,80625664,394260480
1480296956854,313643008,80629760,394272768
1480297055128,313643008,80625664,394268672
1480297210358,313643008,80625664,394268672
1480297366978,313643008,80625664,394268672
1480297522228,313643008,80625664,394268672
1480297677274,313643008,80625664,394268672
1480297834150,313643008,80625664,394268672
1480297988722,313643008,80625664,394268672
1480298142627,313643008,80625664,394268672
1480298298148,313643008,80625664,394268672
1480298453846,313643008,80625664,394268672
1480298609821,313643008,80625664,394268672
1480298764567,313643008,80625664,394268672
1480298919475,313643008,80625664,394268672
1480299074172,313643008,80625664,394268672
1480299228826,313643008,80625664,394268672
1480299385445,313643008,80625664,394268672
1480299539908,313643008,80625664,394268672
1480299694691,313643008,80625664,394268672
1480299849471,313643008,80625664,394268672
1480300004499,313643008,80625664,394268672
1480300159630,313643008,80625664,394268672
1480300314803,313643008,80625664,394268672
1480300475512,313643008,80625664,394268672
1480300630514,313643008,80625664,394268672
1480300786605,313643008,80625664,394268672
1480300938022,313643008,80625664,394268672
1480301093202,313643008,80625664,394268672
1480301248284,313643008,80625664,394268672
1480301403973,312537088,80625664,393162752
1480301560845,313597952,80625664,394223616
1480301716788,313597952,80625664,394223616
1480301738370,313602048,80629760,394231808
1480301876277,313602048,80625664,394227712
1480302031269,313602048,80625664,394227712
1480302187393,313602048,80625664,394227712
1480302341827,313602048,80625664,394227712
1480302497120,313602048,80625664,394227712
1480302652362,313602048,80625664,394227712
1480302807310,313602048,80625664,394227712
1480302963353,313602048,80625664,394227712
1480303117704,313602048,80625664,394227712
1480303272733,313602048,80625664,394227712
1480303427078,313602048,80625664,394227712
1480303582021,313602048,80625664,394227712
1480303736937,313602048,80625664,394227712
1480303892335,313602048,80625664,394227712
1480304047838,313602048,80625664,394227712
1480304203719,313602048,80625664,394227712
1480304360132,313602048,80625664,394227712
1480304513478,313602048,80625664,394227712
1480304670597,313602048,80625664,394227712
1480304825713,313602048,80625664,394227712
1480304981443,313602048,80625664,394227712
1480305134639,313602048,80625664,394227712
1480305290054,313602048,80625664,394227712
1480305452066,313602048,80625664,394227712
1480305600615,313602048,80625664,394227712
1480305755740,313602048,80625664,394227712
1480305910716,313602048,80625664,394227712
1480306066372,313602048,80625664,394227712
1480306222757,312590336,80625664,393216000
1480306378472,313610240,80625664,394235904
1480306529643,313610240,80625664,394235904
1480306612669,313614336,80629760,394244096
1480306682927,313614336,80625664,394240000
1480306838445,313614336,80625664,394240000
1480306993726,313614336,80625664,394240000
1480307149595,313614336,80625664,394240000
1480307304142,313614336,80625664,394240000
1480307459217,313614336,80625664,394240000
1480307613849,313614336,80625664,394240000
1480307768924,313614336,80625664,394240000
1480307925551,313614336,80625664,394240000
1480308080143,313614336,80625664,394240000
1480308237887,313614336,80625664,394240000
1480308391553,313614336,80625664,394240000
1480308547207,313614336,80625664,394240000
1480308699631,313614336,80625664,394240000
1480308856513,313614336,80625664,394240000
1480309011485,313614336,80625664,394240000
1480309166107,313614336,80625664,394240000
1480309322077,313614336,80625664,394240000
1480309477576,313614336,80625664,394240000
1480309632709,313614336,80625664,394240000
1480309787056,313614336,80625664,394240000
1480309941650,313614336,80625664,394240000
1480310096796,313614336,80625664,394240000
1480310252993,313614336,80625664,394240000
1480310407686,313614336,80625664,394240000
1480310562659,313614336,80625664,394240000
1480310718333,313614336,80625664,394240000
1480310878576,313614336,80625664,394240000
1480311032896,312393728,80625664,393019392
1480311187959,313606144,80625664,394231808
1480311343351,313606144,80625664,394231808
1480311355870,313610240,80629760,394240000
1480311498190,313610240,80625664,394235904
1480311653453,313610240,80625664,394235904
1480311810294,313610240,80625664,394235904
1480311961621,313610240,80625664,394235904
1480312117176,313610240,80625664,394235904
1480312277704,313610240,80625664,394235904
1480312433329,313610240,80625664,394235904
1480312588764,313610240,80625664,394235904
1480312743807,313610240,80625664,394235904
1480312895273,313610240,80625664,394235904
1480313050320,313610240,80625664,394235904
1480313206063,313610240,80625664,394235904
1480313360453,313610240,80625664,394235904
1480313515707,313610240,80625664,394235904
1480313675494,313610240,80625664,394235904
1480313831468,313610240,80625664,394235904
1480313986808,313610240,80625664,394235904
1480314141944,313610240,80625664,394235904
1480314299189,313610240,80625664,394235904
1480314452551,313610240,80625664,394235904
1480314607972,313610240,80625664,394235904
1480314765788,313610240,80625664,394235904
1480314925975,313610240,80625664,394235904
1480315069910,313610240,80625664,394235904
1480315224572,313610240,80625664,394235904
1480315379735,313610240,80625664,394235904
1480315535074,313610240,80625664,394235904
1480315690283,313610240,80625664,394235904
1480315845122,313647104,80625664,394272768
1480316002472,313647104,80625664,394272768
1480316087968,313651200,80629760,394280960
1480316157388,313651200,80625664,394276864
1480316311205,313651200,80625664,394276864
1480316466105,313651200,80625664,394276864
1480316621166,313651200,80625664,394276864
1480316776383,313651200,80625664,394276864
1480316929166,313651200,80625664,394276864
1480317080997,313651200,80625664,394276864
1480317237366,313651200,80625664,394276864
1480317393131,313651200,80625664,394276864
1480317548993,313651200,80625664,394276864
1480317704109,313651200,80625664,394276864
1480317859016,313651200,80625664,394276864
1480318013687,313651200,80625664,394276864
1480318168628,313651200,80625664,394276864
1480318323711,313651200,80625664,394276864
1480318479110,313651200,80625664,394276864
1480318634890,313651200,80625664,394276864
1480318789784,313651200,80625664,394276864
1480318944892,313651200,80625664,394276864
1480319100511,313651200,80625664,394276864
1480319255968,313651200,80625664,394276864
1480319411498,313651200,80625664,394276864
1480319566774,313651200,80625664,394276864
1480319723156,313651200,80625664,394276864
1480319876449,313651200,80625664,394276864
1480320032573,313651200,80625664,394276864
1480320188086,313651200,80625664,394276864
1480320342325,313651200,80625664,394276864
1480320497747,313651200,80625664,394276864
1480320652280,313675776,80625664,394301440
1480320814380,313675776,80625664,394301440
1480320861164,313679872,80629760,394309632
1480320964210,313679872,80625664,394305536
1480321119039,313679872,80625664,394305536
1480321279232,313679872,80625664,394305536
1480321434132,313679872,80625664,394305536
1480321590311,313679872,80625664,394305536
1480321743772,313679872,80625664,394305536
1480321899475,313679872,80625664,394305536
1480322054422,313679872,80625664,394305536
1480322209917,313679872,80625664,394305536
1480322365018,313679872,80625664,394305536
1480322521216,313679872,80625664,394305536
1480322675780,313679872,80625664,394305536
1480322827532,313679872,80625664,394305536
1480322983617,313679872,80625664,394305536
1480323139209,313679872,80625664,394305536
1480323294720,313679872,80625664,394305536
1480323449441,313679872,80625664,394305536
1480323604766,313679872,80625664,394305536
1480323759774,313679872,80625664,394305536
1480323915233,313679872,80625664,394305536
1480324075535,313679872,80625664,394305536
1480324230735,313679872,80625664,394305536
1480324386008,313679872,80625664,394305536
1480324547875,313679872,80625664,394305536
1480324696070,313679872,80625664,394305536
1480324852573,313679872,80625664,394305536
1480325007227,313679872,80625664,394305536
1480325162008,313679872,80625664,394305536
1480325317040,313679872,80625664,394305536
1480325477553,313671680,80625664,394297344
1480325632665,313671680,80625664,394297344
1480325657004,313675776,80629760,394305536
1480325787694,313675776,80625664,394301440
1480325942832,313675776,80625664,394301440
1480326098205,313675776,80625664,394301440
1480326253399,313675776,80625664,394301440
1480326409734,313675776,80625664,394301440
1480326563690,313675776,80625664,394301440
1480326719177,313675776,80625664,394301440
1480326874117,313675776,80625664,394301440
1480327029571,313675776,80625664,394301440
1480327184669,313675776,80625664,394301440
1480327339186,313675776,80625664,394301440
1480327494259,313675776,80625664,394301440
1480327649709,313675776,80625664,394301440
1480327805074,313675776,80625664,394301440
1480327960091,313675776,80625664,394301440
1480328115356,313675776,80625664,394301440
1480328275393,313675776,80625664,394301440
1480328431959,313675776,80625664,394301440
1480328586423,313675776,80625664,394301440
1480328741685,313675776,80625664,394301440
1480328897311,313675776,80625664,394301440
1480329052038,313675776,80625664,394301440
1480329207754,313675776,80625664,394301440
1480329362926,313675776,80625664,394301440
1480329518716,313675776,80625664,394301440
1480329679691,313675776,80625664,394301440
1480329834384,313675776,80625664,394301440
1480329989122,313675776,80625664,394301440
1480330144927,312438784,80625664,393064448
1480330300567,313667584,80625664,394293248
1480330456322,313667584,80625664,394293248
1480330478139,313671680,80629760,394301440
1480330610626,313671680,80625664,394297344
1480330766135,313671680,80625664,394297344
1480330921377,313671680,80625664,394297344
1480331076556,313671680,80625664,394297344
1480331230590,313671680,80625664,394297344
1480331386109,313671680,80625664,394297344
1480331541902,313671680,80625664,394297344
1480331698775,313671680,80625664,394297344
1480331853393,313671680,80625664,394297344
1480332004874,313671680,80625664,394297344
1480332160468,313671680,80625664,394297344
1480332314851,313671680,80625664,394297344
1480332469687,313671680,80625664,394297344
1480332624510,313671680,80625664,394297344
1480332780825,313671680,80625664,394297344
1480332935117,313671680,80625664,394297344
1480333089962,313671680,80625664,394297344
1480333245684,313671680,80625664,394297344
1480333400694,313671680,80625664,394297344
1480333555763,313671680,80625664,394297344
1480333711997,313671680,80625664,394297344
1480333867116,313671680,80625664,394297344
1480334022893,313671680,80625664,394297344
1480334189268,313671680,80625664,394297344
1480334334288,313671680,80625664,394297344
1480334489130,313671680,80625664,394297344
1480334644067,313671680,80625664,394297344
1480334798941,313671680,80625664,394297344
1480334955400,312455168,80625664,393080832
1480335110243,313696256,80625664,394321920
1480335264778,313696256,80625664,394321920
1480335291116,313704448,80629760,394334208
1480335419659,313704448,80625664,394330112
1480335576213,313704448,80625664,394330112
1480335729079,313704448,80625664,394330112
1480335883522,313704448,80625664,394330112
1480336039319,313704448,80625664,394330112
1480336194760,313704448,80625664,394330112
1480336349890,313704448,80625664,394330112
1480336504681,313704448,80625664,394330112
1480336660416,313704448,80625664,394330112
1480336816323,313704448,80625664,394330112
1480336976207,313704448,80625664,394330112
1480337130803,313704448,80625664,394330112
1480337286616,313704448,80625664,394330112
1480337442172,313704448,80625664,394330112
1480337596915,313704448,80625664,394330112
1480337752427,313704448,80625664,394330112
1480337907691,313704448,80625664,394330112
1480338062918,313704448,80625664,394330112
1480338218493,313704448,80625664,394330112
1480338378370,313704448,80625664,394330112
1480338533544,313704448,80625664,394330112
1480338689182,313704448,80625664,394330112
1480338843683,313704448,80625664,394330112
1480338999108,313704448,80625664,394330112
1480339153999,313704448,80625664,394330112
1480339315130,313704448,80625664,394330112
1480339475407,313704448,80625664,394330112
1480339630426,313704448,80625664,394330112
1480339786298,312459264,80625664,393084928
1480339941322,313708544,80625664,394334208
1480340096964,313708544,80625664,394334208
1480340112631,313712640,80629760,394342400
1480340252322,313712640,80625664,394338304
1480340407303,313712640,80625664,394338304
1480340562557,313712640,80625664,394338304
1480340717688,313712640,80625664,394338304
1480340878625,313712640,80625664,394338304
1480341033798,313712640,80625664,394338304
1480341189089,313712640,80625664,394338304
1480341344067,313712640,80625664,394338304
1480341498781,313712640,80625664,394338304
1480341654201,313712640,80625664,394338304
1480341809628,313712640,80625664,394338304
1480341965282,313712640,80625664,394338304
1480342120194,313712640,80625664,394338304
1480342275939,313712640,80625664,394338304
1480342432487,313712640,80625664,394338304
1480342588091,313712640,80625664,394338304
1480342744712,313712640,80625664,394338304
1480342897615,313712640,80625664,394338304
1480343052784,313712640,80625664,394338304
1480343209025,313712640,80625664,394338304
1480343363185,313712640,80625664,394338304
1480343518100,313712640,80625664,394338304
1480343688267,313712640,80625664,394338304
1480343832863,313712640,80625664,394338304
1480343989233,313712640,80625664,394338304
1480344144885,313712640,80625664,394338304
1480344299502,313712640,80625664,394338304
1480344454663,313712640,80625664,394338304
1480344612164,312672256,80625664,393297920
1480344766539,313683968,80625664,394309632
1480344921603,313683968,80625664,394309632
1480345016392,313688064,80629760,394317824
1480345076416,313688064,80625664,394313728
1480345231961,313688064,80625664,394313728
1480345387354,313688064,80625664,394313728
1480345541829,313688064,80625664,394313728
1480345697781,313688064,80625664,394313728
1480345858720,313688064,80625664,394313728
1480346014645,313688064,80625664,394313728
1480346169740,313688064,80625664,394313728
1480346323762,313688064,80625664,394313728
1480346478781,313688064,80625664,394313728
1480346634075,313688064,80625664,394313728
1480346789284,313688064,80625664,394313728
1480346944646,313688064,80625664,394313728
1480347099588,313688064,80625664,394313728
1480347257177,313688064,80625664,394313728
1480347412895,313688064,80625664,394313728
1480347568835,313688064,80625664,394313728
1480347723230,313688064,80625664,394313728
1480347881345,313679872,80625664,394305536
1480348038222,313679872,80625664,394305536
1480348098872,313683968,80629760,394313728
1480348100335,313683968,80629760,394313728
1480348125005,313741312,80625664,394366976
1480348126776,313741312,80625664,394366976
1480348128327,313741312,80625664,394366976
1480348129855,313741312,80625664,394366976
1480348131271,313741312,80625664,394366976
1480348133050,313741312,80625664,394366976
1480348134467,312844288,80625664,393469952
1480348135821,310468608,80625664,391094272
1480348137281,309161984,80625664,389787648
1480348138616,307769344,80625664,388395008
1480348139898,304865280,80625664,385490944
1480348141126,304291840,80625664,384917504
1480348142374,304291840,80625664,384917504
1480348143665,304291840,80625664,384917504
1480348144943,304291840,80625664,384917504
1480348146207,304291840,80625664,384917504
1480348147501,304291840,80625664,384917504
1480348148841,304291840,80625664,384917504
1480348150196,304291840,80625664,384917504
1480348151393,304291840,80625664,384917504
1480348152313,304291840,80625664,384917504
1480348153195,304291840,80625664,384917504
1480348154058,304291840,80625664,384917504
1480348154939,304291840,80625664,384917504
1480348155822,304291840,80625664,384917504
1480348156692,304291840,80625664,384917504
1480348157559,304291840,80625664,384917504
1480348158413,304291840,80625664,384917504
1480348159269,304295936,80625664,384921600
1480348160129,303058944,80625664,383684608
1480348160999,302772224,80625664,383397888
1480348161860,302772224,80625664,383397888
1480348168114,300662784,80625664,381288448
1480348169901,299728896,80625664,380354560
1480348171214,299773952,80625664,380399616
1480348172365,299880448,80625664,380506112
1480348173553,300154880,80625664,380780544
1480348174681,300261376,80625664,380887040
1480348175836,300261376,80625664,380887040
1480348177020,300290048,80625664,380915712
1480348178184,300339200,80625664,380964864
1480348179363,300371968,80625664,380997632
1480348180579,300425216,80625664,381050880
1480348181759,300474368,80625664,381100032
1480348182934,300544000,80625664,381169664
1480348184111,300580864,80625664,381206528
1480348185294,300580864,80625664,381206528
1480348186518,300507136,80625664,381132800
1480348187650,299999232,80625664,380624896
1480348188526,300027904,80625664,380653568
1480348189602,299999232,80625664,380624896
1480348190796,300040192,80625664,380665856
1480348192041,300077056,80625664,380702720
1480348193312,300105728,80625664,380731392
1480348194518,300077056,80625664,380702720
1480348195404,300077056,80625664,380702720
1480348196254,300077056,80625664,380702720
1480348197098,300077056,80625664,380702720
1480348197933,300077056,80625664,380702720
1480348198764,300077056,80625664,380702720
1480348199583,300077056,80625664,380702720
1480348200413,300077056,80625664,380702720
1480348201236,300077056,80625664,380702720
1480348202067,300077056,80625664,380702720
1480348202901,300077056,80625664,380702720
1480348203961,300077056,80625664,380702720
1480348204794,300077056,80625664,380702720
1480348205621,300077056,80625664,380702720
1480348206552,300077056,80625664,380702720
1480348207443,300077056,80625664,380702720
1480348208366,300077056,80625664,380702720
1480348209350,300077056,80625664,380702720
1480348210318,300077056,80625664,380702720
1480348211309,300077056,80625664,380702720
1480348212285,300077056,80625664,380702720
1480348213268,300077056,80625664,380702720
1480348214238,300077056,80625664,380702720
1480348215243,300077056,80625664,380702720
1480348216218,300077056,80625664,380702720
1480348217202,300077056,80625664,380702720
1480348218178,300077056,80625664,380702720
1480348219162,300077056,80625664,380702720
1480348220111,300077056,80625664,380702720
1480348221040,300077056,80625664,380702720
1480348221896,300077056,80625664,380702720
1480348222701,300077056,80625664,380702720
1480348223505,300077056,80625664,380702720
1480348224306,300077056,80625664,380702720
1480348225162,300077056,80625664,380702720
1480348226015,300077056,80625664,380702720
1480348226799,300077056,80625664,380702720
1480348227581,300077056,80625664,380702720
1480348228365,300077056,80625664,380702720
1480348229152,300077056,80625664,380702720
1480348229969,300077056,80625664,380702720
1480348230829,300077056,80625664,380702720
1480348231631,300077056,80625664,380702720
1480348232451,300077056,80625664,380702720
1480348236018,300077056,80625664,380702720
1480348236828,300077056,80625664,380702720
1480348237687,300077056,80625664,380702720
1480348238527,300077056,80625664,380702720
1480348239316,300077056,80625664,380702720
1480348240091,300077056,80625664,380702720
1480348240870,300077056,80625664,380702720
1480348241649,300077056,80625664,380702720
1480348242455,300077056,80625664,380702720
1480348243292,300077056,80625664,380702720
1480348244079,300077056,80625664,380702720
1480348244862,300077056,80625664,380702720
1480348245649,300077056,80625664,380702720
1480348246430,300077056,80625664,380702720
1480348247271,300077056,80625664,380702720
1480348248179,300077056,80625664,380702720
1480348248988,300077056,80625664,380702720
1480348249785,300077056,80625664,380702720
1480348250579,300077056,80625664,380702720
1480348251365,300077056,80625664,380702720
1480348252208,300077056,80625664,380702720
1480348253047,300077056,80625664,380702720
1480348253870,300077056,80625664,380702720
1480348255492,300077056,80625664,380702720
1480348256656,300077056,80625664,380702720
1480348257497,300077056,80625664,380702720
1480348258374,300077056,80625664,380702720
1480348259226,300077056,80625664,380702720
1480348260017,300077056,80625664,380702720
1480348260813,300077056,80625664,380702720
1480348261604,300077056,80625664,380702720
1480348262399,300077056,80625664,380702720
1480348263218,300077056,80625664,380702720
1480348264042,300077056,80625664,380702720
1480348264830,300077056,80625664,380702720
1480348265605,300077056,80625664,380702720
1480348266389,300077056,80625664,380702720
1480348267174,300077056,80625664,380702720
1480348268018,300077056,80625664,380702720
1480348268834,300077056,80625664,380702720
1480348269620,300077056,80625664,380702720
1480348271148,300077056,80625664,380702720
1480348272300,300077056,80625664,380702720
1480348273153,300077056,80625664,380702720
1480348274001,300077056,80625664,380702720
1480348274869,300077056,80625664,380702720
1480348275675,300077056,80625664,380702720
1480348276457,300077056,80625664,380702720
1480348277241,300077056,80625664,380702720
1480348278072,300077056,80625664,380702720
1480348278897,300077056,80625664,380702720
1480348279729,300077056,80625664,380702720
1480348280520,300077056,80625664,380702720
1480348281305,300072960,80625664,380698624
1480348282084,300072960,80625664,380698624
1480348282866,300072960,80625664,380698624
1480348283693,300072960,80625664,380698624
1480348284523,300072960,80625664,380698624
1480348285495,300072960,80625664,380698624
1480348286316,300072960,80625664,380698624
1480348287096,300072960,80625664,380698624
1480348287875,300072960,80625664,380698624
1480348288696,300072960,80625664,380698624
1480348289524,300072960,80625664,380698624
1480348290309,300072960,80625664,380698624
1480348293779,300072960,80625664,380698624
1480348294625,300072960,80625664,380698624
1480348295406,300072960,80625664,380698624
1480348296240,300072960,80625664,380698624
1480348297084,300072960,80625664,380698624
1480348297857,300072960,80625664,380698624
1480348298629,300072960,80625664,380698624
1480348299407,300072960,80625664,380698624
1480348300225,297713664,80625664,378339328
1480348301065,295616512,80625664,376242176
1480348301904,291422208,80625664,372047872
1480348302739,289325056,80625664,369950720
1480348303597,285130752,80625664,365756416
1480348304409,283033600,80625664,363659264
1480348305272,280936448,80625664,361562112
1480348306113,276742144,80625664,357367808
1480348306970,274644992,80625664,355270656
1480348307830,270450688,80625664,351076352
1480348308693,268353536,80625664,348979200
1480348309574,264159232,80625664,344784896
1480348310442,262062080,80625664,342687744
1480348311324,257867776,80625664,338493440
1480348312191,255770624,80625664,336396288
1480348313049,251576320,80625664,332201984
1480348313932,249479168,80625664,330104832
1480348314823,245284864,80625664,325910528
1480348315729,243187712,80625664,323813376
1480348316641,238993408,80625664,319619072
1480348317562,236896256,80625664,317521920
1480348318418,232701952,80625664,313327616
1480348319278,230604800,80625664,311230464
1480348320179,226410496,80625664,307036160
1480348321076,224313344,80625664,304939008
1480348321968,220119040,80625664,300744704
1480348322861,215924736,80625664,296550400
1480348323788,213827584,80625664,294453248
1480348324703,209633280,80625664,290258944
1480348325593,207536128,80625664,288161792
1480348326470,203341824,80625664,283967488
1480348327357,201244672,80625664,281870336
1480348328267,197050368,80625664,277676032
1480348329171,194953216,80625664,275578880
1480348330094,190758912,80625664,271384576
1480348331012,188661760,80625664,269287424
1480348331863,184467456,80625664,265093120
1480348332722,182370304,80625664,262995968
1480348333627,178176000,80625664,258801664
1480348334510,176078848,80625664,256704512
1480348335396,171884544,80625664,252510208
1480348336297,169787392,80625664,250413056
1480348337198,165593088,80625664,246218752
1480348338080,163495936,80625664,244121600
1480348338922,159301632,80625664,239927296
1480348339827,157204480,80625664,237830144
1480348340686,153010176,80625664,233635840
1480348341492,150913024,80625664,231538688
1480348342469,146718720,80625664,227344384
1480348344358,140427264,80625664,221052928
1480348346248,134135808,80625664,214761472
1480348348346,127844352,80625664,208470016
1480348350475,121552896,80625664,202178560
1480348353179,113164288,80625664,193789952
1480348355580,106868736,80625664,187494400
1480348357021,100581376,80625664,181207040
1480348358355,96387072,80625664,177012736
1480348360043,94285824,80625664,174911488
1480348366581,75415552,80625664,156041216
1480348368086,71221248,80625664,151846912
1480348369298,67026944,80625664,147652608
1480348370552,63528960,80625664,144154624
1480348371765,63528960,80625664,144154624
1480348372929,61431808,80625664,142057472
1480348374084,59691008,80625664,140316672
1480348375256,57647104,80625664,138272768
1480348376447,54906880,80625664,135532544
1480348377621,53358592,80625664,133984256
1480348378809,51630080,80625664,132255744
1480348379974,49401856,80625664,130027520
1480348381145,48545792,80625664,129171456
1480348382316,45924352,80625664,126550016
1480348383478,45924352,80625664,126550016
1480348384598,45924352,80625664,126550016
1480348385678,45924352,80625664,126550016
1480348386757,45924352,80625664,126550016
1480348387816,45924352,80625664,126550016
1480348388857,45924352,80625664,126550016
1480348389917,45924352,80625664,126550016
1480348390937,45920256,80625664,126545920
1480348392006,45920256,80625664,126545920
1480348393098,45920256,80625664,126545920
1480348394182,45920256,80625664,126545920
1480348395263,45920256,80625664,126545920
1480348396337,45920256,80625664,126545920
1480348397457,45920256,80625664,126545920
1480348398508,45920256,80625664,126545920
1480348399569,45920256,80625664,126545920
1480348400648,45920256,80625664,126545920
1480348401758,45920256,80625664,126545920
1480348402839,45715456,80625664,126341120
1480348404030,45047808,80625664,125673472
1480348405198,43704320,80625664,124329984
1480348406377,43175936,80625664,123801600
1480348407507,41275392,80625664,121901056
1480348408617,39755776,80625664,120381440
1480348409739,37847040,80625664,118472704
1480348410884,37494784,80625664,118120448
1480348412074,33271808,80625664,113897472
1480348413299,30834688,80625664,111460352
1480348414479,30109696,80625664,110735360
1480348415466,29122560,80625664,109748224
1480348416325,28037120,80625664,108662784
1480348417184,27488256,80625664,108113920
1480348418064,27295744,80625664,107921408
1480348418934,27111424,80625664,107737088
1480348419800,26611712,80625664,107237376
1480348420657,25317376,80625664,105943040
1480348421518,24911872,80625664,105537536
1480348422390,24514560,80625664,105140224
1480348423254,24059904,80625664,104685568
1480348424100,23486464,80625664,104112128
1480348424951,22712320,80625664,103337984
1480348425802,22048768,80625664,102674432
1480348426667,20410368,80625664,101036032
1480348427548,20037632,80625664,100663296
1480348428413,19103744,80625664,99729408
1480348429318,18341888,80625664,98967552
1480348430227,17567744,80625664,98193408
1480348431109,16916480,80625664,97542144
1480348432030,16044032,80625664,96669696
1480348432894,15159296,80625664,95784960
1480348433770,14176256,80625664,94801920
1480348437914,13520896,80625664,94146560
1480348438838,9068544,80625664,89694208
1480348439714,7450624,80625664,88076288
1480348440595,5890048,80625664,86515712
1480348441462,4759552,80625664,85385216
1480348442337,3428352,80625664,84054016
1480348443186,1114112,80625664,81739776
